Puesto_de_Trabajo,Salario_Promedio_USD,Años_de_Experiencia,Nivel_Educativo,Indice_Exposicion_IA,Factor_Crecimiento_Tecnologico,Probabilidad_Automatizacion_2030,Categoria_Riesgo,Habilidad_1,Habilidad_2,Habilidad_3,Habilidad_4,Habilidad_5,Habilidad_6,Habilidad_7,Habilidad_8,Habilidad_9,Habilidad_10
Guardia de Seguridad,45795,28,Maestría,0.18,1.28,0.85,Alto,0.45,0.1,0.46,0.33,0.14,0.65,0.06,0.72,0.94,0.0
Científico Investigador,133355,20,Doctorado,0.62,1.11,0.05,Bajo,0.02,0.52,0.4,0.05,0.97,0.23,0.09,0.62,0.38,0.98
Obrero de Construcción,146216,2,Bachillerato,0.86,1.18,0.81,Alto,0.01,0.94,0.56,0.39,0.02,0.23,0.24,0.68,0.61,0.83
Ingeniero de Software,136530,13,Doctorado,0.39,0.68,0.6,Medio,0.43,0.21,0.57,0.03,0.84,0.45,0.4,0.93,0.73,0.33
Analista Financiero,70397,22,Bachillerato,0.52,1.46,0.64,Medio,0.75,0.54,0.59,0.97,0.61,0.28,0.3,0.17,0.02,0.42
Ingeniero de IA,92592,11,Maestría,0.29,0.51,0.1,Bajo,0.71,0.79,0.61,0.93,0.65,0.91,0.85,0.45,0.1,0.37
Mecánico,107373,23,Doctorado,0.67,1.09,0.41,Medio,0.56,0.38,0.97,0.85,0.72,0.24,0.26,0.04,0.71,0.11
Maestro,53419,12,Bachillerato,0.2,1.4,0.17,Bajo,0.56,0.7,0.14,0.6,0.54,0.2,0.94,0.6,0.69,0.88
Especialista en RRHH,139225,12,Maestría,0.3,0.61,0.48,Medio,0.22,0.42,0.88,0.32,0.12,0.36,0.91,0.27,0.65,0.0
Soporte al Cliente,85016,2,Bachillerato,0.01,1.01,0.8,Alto,0.22,0.12,0.34,0.94,0.32,0.52,0.7,0.36,0.97,0.96
Investigador UX,82733,6,Bachillerato,0.5,0.8,0.41,Medio,0.04,0.61,0.5,0.05,0.28,0.91,0.24,0.14,0.49,0.99
Analista Financiero,117455,22,Bachillerato,0.67,1.26,0.4,Medio,0.73,0.37,0.63,0.63,0.54,0.09,0.84,0.32,0.19,0.04
Abogado,79811,27,Bachillerato,0.68,0.52,0.5,Medio,0.23,0.65,0.17,0.69,0.39,0.94,0.14,0.34,0.11,0.92
Científico de Datos,115981,9,Bachillerato,0.26,1.16,0.63,Medio,0.56,0.53,0.24,0.09,0.9,0.9,0.63,0.34,0.35,0.73
Científico Investigador,96690,19,Maestría,0.89,1.28,0.21,Bajo,0.08,0.16,0.9,0.61,0.01,0.1,0.66,0.01,0.16,0.55
Diseñador Gráfico,32869,2,Bachillerato,0.65,0.72,0.58,Medio,0.24,0.33,0.75,0.65,0.85,0.66,0.57,0.09,0.37,0.27
Maestro,36893,29,Licenciatura,0.97,0.89,0.27,Bajo,0.63,0.79,0.5,0.58,0.49,0.2,0.72,0.28,0.02,0.65
Maestro,103744,11,Licenciatura,0.94,1.45,0.28,Bajo,0.37,0.02,0.93,0.43,0.97,0.96,0.85,0.29,0.39,0.85
Trabajador de Comercio,148015,2,Doctorado,0.17,1.06,0.93,Alto,0.7,0.57,0.1,0.62,0.99,0.14,0.52,0.88,0.74,0.7
Médico,108069,15,Maestría,0.55,0.8,0.15,Bajo,0.26,0.61,0.08,0.01,0.63,0.19,0.07,0.4,0.05,0.89
Ingeniero de IA,43403,1,Bachillerato,0.09,1.08,0.06,Bajo,0.47,0.54,0.29,0.59,0.03,0.04,0.82,0.36,0.13,0.52
Especialista en RRHH,49508,27,Licenciatura,0.22,1.12,0.33,Medio,0.05,0.53,0.54,0.64,0.73,0.98,0.52,0.32,0.8,0.27
Maestro,58251,25,Doctorado,0.08,0.53,0.29,Bajo,0.84,0.7,0.41,0.17,0.16,0.25,0.55,0.71,0.66,0.28
Analista Financiero,33343,28,Bachillerato,0.74,1.05,0.54,Medio,0.42,0.25,0.36,0.76,0.01,0.12,0.05,0.04,0.86,0.7
Ingeniero de IA,125435,15,Doctorado,0.1,0.99,0.17,Bajo,0.17,0.43,0.4,0.62,0.64,0.05,0.37,0.63,0.5,0.86
Ingeniero de Software,39540,12,Bachillerato,0.16,0.57,0.56,Medio,0.03,0.59,0.94,0.58,0.39,0.64,0.46,0.55,0.94,0.39
Mecánico,68304,7,Maestría,0.91,0.7,0.33,Medio,0.1,0.02,0.09,0.68,0.07,0.32,0.84,0.02,0.81,0.28
Soporte al Cliente,33267,25,Doctorado,0.7,1.13,0.92,Alto,0.74,0.8,0.28,0.18,0.75,0.81,0.99,0.41,0.37,0.78
Especialista en RRHH,89031,22,Maestría,0.93,1.36,0.47,Medio,0.75,0.75,0.1,0.9,0.51,0.83,0.32,0.9,0.39,0.01
Especialista en RRHH,102936,18,Maestría,0.09,0.82,0.68,Medio,0.95,0.57,0.63,0.45,0.29,0.33,0.67,0.75,0.79,0.79
Maestro,114076,20,Maestría,0.49,0.56,0.19,Bajo,0.44,0.89,0.35,0.12,0.14,0.76,0.62,0.1,0.08,0.7
Trabajador de Comercio,69081,8,Bachillerato,0.82,1.21,0.72,Alto,0.08,0.99,0.37,0.37,0.81,0.95,0.99,0.75,0.38,0.08
Trabajador de Comercio,102124,11,Licenciatura,0.56,0.92,0.93,Alto,0.11,0.49,0.01,0.47,0.06,0.12,0.12,0.65,0.75,0.58
Conductor de Camión,91629,24,Bachillerato,0.37,0.79,0.92,Alto,0.22,0.96,0.01,0.97,0.04,0.89,0.53,0.99,0.07,0.55
Maestro,43843,24,Doctorado,0.52,1.13,0.22,Bajo,0.45,0.63,0.58,0.9,0.05,0.28,0.95,0.89,0.46,0.62
Mecánico,59703,25,Licenciatura,0.19,0.96,0.44,Medio,0.58,0.08,0.97,0.99,0.7,0.54,0.31,0.81,0.68,0.16
Mecánico,64349,2,Licenciatura,0.82,1.45,0.59,Medio,0.61,0.42,0.93,0.87,0.05,0.03,0.38,0.81,0.99,0.15
Soporte al Cliente,92292,25,Licenciatura,0.38,1.47,0.91,Alto,0.84,0.47,0.41,0.27,0.06,0.86,0.81,1.0,1.0,0.56
Chef,53524,20,Doctorado,0.94,1.35,0.4,Medio,0.45,0.13,0.95,0.61,0.23,0.67,0.62,0.36,0.11,0.67
Trabajador de Comercio,88017,21,Licenciatura,0.77,1.02,0.91,Alto,0.55,0.56,0.88,0.4,0.13,0.03,0.76,0.62,0.7,0.21
Diseñador Gráfico,111317,27,Doctorado,0.98,1.11,0.55,Medio,0.55,0.09,0.73,0.55,0.45,0.91,0.3,0.52,0.7,0.8
Médico,144825,23,Licenciatura,0.84,1.27,0.07,Bajo,0.05,0.62,0.35,0.21,0.58,0.34,0.54,0.46,0.58,0.4
Científico Investigador,52415,7,Doctorado,0.18,1.2,0.15,Bajo,0.87,0.52,0.97,0.6,0.22,0.82,0.35,0.35,0.03,0.55
Obrero de Construcción,134680,11,Doctorado,0.21,0.86,0.83,Alto,0.69,0.04,0.8,0.63,0.08,0.87,0.92,0.06,0.28,0.81
Soporte al Cliente,109714,28,Doctorado,0.99,1.04,0.93,Alto,0.24,0.76,0.53,0.72,0.06,0.15,0.13,0.69,0.84,0.75
Científico de Datos,97067,12,Bachillerato,0.87,0.85,0.46,Medio,0.1,0.74,0.18,0.56,0.84,0.09,0.54,0.23,0.34,0.47
Obrero de Construcción,37561,2,Maestría,0.65,0.98,0.85,Alto,0.74,0.56,0.59,0.56,0.38,0.34,0.9,0.61,0.24,0.5
Maestro,142581,4,Bachillerato,0.93,0.51,0.11,Bajo,0.37,0.49,0.85,0.09,0.81,0.06,0.84,0.05,0.02,0.7
Investigador UX,39111,5,Licenciatura,0.4,1.47,0.65,Medio,0.82,0.26,0.17,0.67,0.93,0.56,0.57,0.28,0.77,0.19
Trabajador de Comercio,72101,3,Bachillerato,0.43,1.01,0.76,Alto,0.11,0.61,0.29,0.58,0.15,0.48,0.53,0.05,0.34,0.13
Guardia de Seguridad,117958,9,Bachillerato,0.99,0.82,0.9,Alto,0.25,0.68,0.76,0.6,0.47,0.41,0.35,0.93,0.83,0.97
Ingeniero de IA,97444,23,Bachillerato,0.99,0.71,0.14,Bajo,0.93,0.72,0.05,0.78,0.83,0.75,0.8,0.83,0.19,0.24
Ingeniero de IA,30077,25,Bachillerato,0.91,0.82,0.2,Bajo,0.68,0.45,0.71,0.9,0.62,0.54,0.44,0.58,0.36,0.39
Investigador UX,148721,13,Bachillerato,0.07,0.73,0.52,Medio,0.43,0.33,0.73,0.69,0.17,0.88,0.5,0.74,0.57,1.0
Soporte al Cliente,127720,0,Bachillerato,0.71,1.28,0.74,Alto,0.2,0.71,0.49,0.75,0.1,0.54,0.38,0.46,0.6,0.5
Científico de Datos,50103,4,Maestría,0.49,0.91,0.61,Medio,0.01,0.6,0.57,0.72,0.6,0.83,0.96,0.34,0.23,0.42
Diseñador Gráfico,145033,13,Bachillerato,0.61,1.41,0.36,Medio,0.1,0.26,0.73,0.59,0.1,0.92,0.79,0.02,0.65,0.77
Médico,95310,25,Licenciatura,0.07,0.58,0.08,Bajo,0.84,0.91,0.12,0.24,0.17,0.19,0.84,0.33,0.31,0.23
Mecánico,93374,20,Maestría,0.38,1.24,0.38,Medio,0.79,0.6,0.11,0.41,0.86,0.92,0.47,0.48,0.92,0.59
Científico Investigador,71914,11,Maestría,0.91,0.75,0.19,Bajo,0.17,0.03,0.31,0.78,0.28,0.22,0.21,0.52,0.98,0.46
Analista Financiero,132547,21,Doctorado,0.86,1.04,0.37,Medio,0.3,0.31,0.4,0.43,0.8,0.35,0.47,0.62,0.38,0.84
Investigador UX,119106,17,Maestría,0.29,1.21,0.51,Medio,0.53,0.48,0.5,0.77,0.1,0.33,0.08,0.75,0.27,0.9
Investigador UX,82603,0,Bachillerato,0.03,0.66,0.59,Medio,0.66,0.03,0.22,0.23,0.67,0.02,0.1,0.8,0.18,0.65
Guardia de Seguridad,131358,7,Licenciatura,0.1,0.74,0.88,Alto,0.86,0.83,0.4,0.67,0.2,0.29,0.9,0.01,0.09,0.21
Guardia de Seguridad,83394,15,Bachillerato,0.18,1.08,0.81,Alto,0.89,0.82,0.34,0.26,0.38,0.59,0.27,0.62,0.41,0.55
Enfermero/a,92516,11,Licenciatura,0.22,1.47,0.24,Bajo,0.11,0.57,0.99,0.47,0.18,0.48,0.51,0.74,0.7,0.4
Diseñador Gráfico,53752,21,Maestría,0.65,0.92,0.35,Medio,0.9,0.69,0.68,0.82,0.53,0.82,0.5,0.07,0.41,0.5
Ingeniero de IA,108411,22,Doctorado,0.11,0.64,0.12,Bajo,0.27,0.73,0.25,0.63,0.49,0.57,0.84,0.4,0.77,0.42
Chef,116145,27,Maestría,0.96,0.68,0.34,Medio,0.77,0.07,0.84,0.44,0.92,0.72,0.61,0.95,0.4,0.95
Científico de Datos,124613,4,Bachillerato,0.48,0.77,0.52,Medio,0.16,0.84,0.85,0.96,0.15,0.62,0.47,0.34,0.35,0.41
Gerente de Marketing,30060,10,Doctorado,0.6,0.96,0.33,Medio,0.08,0.0,0.97,0.01,0.1,0.31,0.81,0.96,0.79,0.69
Gerente de Marketing,87134,11,Bachillerato,0.54,1.37,0.59,Medio,0.81,0.66,0.69,0.85,0.25,0.49,0.22,0.99,0.94,0.04
Obrero de Construcción,67641,15,Doctorado,0.93,0.68,0.84,Alto,0.92,0.03,0.7,0.3,0.92,0.97,0.94,0.47,0.86,0.84
Científico Investigador,67265,26,Maestría,0.83,0.54,0.2,Bajo,0.23,0.12,0.08,0.7,0.34,0.72,0.07,0.32,0.54,0.79
Soporte al Cliente,145608,12,Maestría,0.63,1.39,0.85,Alto,0.23,0.02,0.87,0.02,0.87,0.53,0.94,0.8,1.0,0.35
Mecánico,59629,16,Bachillerato,0.4,0.98,0.55,Medio,0.87,0.98,0.77,0.42,0.42,0.74,0.24,0.11,0.35,0.29
Científico de Datos,85619,17,Licenciatura,0.23,0.54,0.31,Medio,0.99,0.43,0.38,0.68,0.22,0.95,0.79,0.09,0.42,0.88
Ingeniero de Software,136506,29,Doctorado,0.61,0.67,0.7,Medio,0.23,0.94,0.65,0.61,0.51,0.23,0.18,0.22,0.19,0.78
Científico Investigador,148533,4,Bachillerato,0.06,1.47,0.27,Bajo,0.93,0.99,0.17,0.4,0.76,0.7,0.15,0.82,0.22,0.22
Analista Financiero,105758,24,Licenciatura,0.59,1.08,0.34,Medio,0.88,0.27,0.13,0.89,0.96,0.86,0.81,0.66,0.55,0.09
Gerente de Marketing,55559,27,Maestría,0.37,0.76,0.59,Medio,0.5,0.08,0.22,0.68,0.08,0.85,0.5,0.48,0.59,0.82
Analista Financiero,31591,7,Maestría,0.68,1.07,0.41,Medio,0.88,0.8,0.66,0.85,0.87,0.71,0.84,0.7,0.68,0.62
Analista Financiero,32469,27,Maestría,0.16,1.38,0.65,Medio,0.03,0.83,0.13,0.34,0.74,0.16,0.82,0.83,0.51,0.01
Gerente de Marketing,117263,12,Licenciatura,0.62,1.48,0.55,Medio,0.26,0.63,0.54,0.78,0.11,0.76,0.54,0.96,0.34,0.63
Trabajador de Comercio,121357,4,Maestría,0.1,1.44,0.87,Alto,0.07,0.3,0.71,0.07,0.58,0.35,0.62,0.05,0.87,0.97
Enfermero/a,54860,11,Bachillerato,0.75,0.63,0.24,Bajo,0.02,0.02,0.32,0.49,0.77,0.68,0.45,0.27,1.0,0.43
Trabajador de Comercio,36540,8,Doctorado,0.16,1.29,0.87,Alto,0.22,0.08,0.68,0.65,0.27,0.95,0.15,0.43,0.94,0.42
Trabajador de Comercio,58602,19,Bachillerato,0.4,0.77,0.95,Alto,0.41,0.89,0.23,0.21,0.03,0.65,0.37,0.86,0.47,0.97
Abogado,69341,24,Doctorado,0.87,1.28,0.61,Medio,0.84,0.76,0.63,0.13,0.03,0.92,0.62,0.8,0.48,0.12
Médico,41536,29,Doctorado,0.69,0.93,0.1,Bajo,0.49,0.06,0.58,0.27,0.8,0.31,0.46,0.01,0.07,0.39
Gerente de Marketing,113309,14,Maestría,0.6,0.79,0.58,Medio,0.86,0.78,0.04,0.48,0.1,0.24,0.99,0.14,0.5,0.62
Ingeniero de IA,78787,0,Maestría,0.56,0.51,0.13,Bajo,0.52,0.09,0.35,0.03,0.08,0.4,0.13,0.57,0.69,0.8
Diseñador Gráfico,98577,9,Bachillerato,0.17,0.6,0.55,Medio,0.71,0.03,0.94,0.05,0.54,0.71,0.87,0.71,0.8,0.34
Obrero de Construcción,54826,6,Maestría,0.66,1.05,0.85,Alto,0.78,0.48,0.04,0.16,0.44,0.72,0.59,0.65,0.48,0.62
Gerente de Marketing,61890,22,Maestría,0.47,1.24,0.65,Medio,0.43,0.04,0.16,0.02,0.65,0.33,0.54,0.49,0.08,0.4
Especialista en RRHH,75500,28,Licenciatura,0.42,0.7,0.64,Medio,0.17,0.96,0.42,0.85,0.63,0.74,0.77,0.5,0.54,0.51
Conductor de Camión,95128,3,Doctorado,0.03,0.9,0.85,Alto,0.6,0.79,0.66,0.99,0.28,0.36,0.38,0.47,0.84,0.24
Investigador UX,49975,3,Bachillerato,0.91,0.68,0.4,Medio,0.97,0.18,0.85,0.49,0.25,0.87,0.45,0.51,0.36,0.59
Chef,75893,16,Maestría,0.39,1.47,0.4,Medio,0.66,0.33,0.77,0.13,0.97,0.45,0.24,0.07,0.17,0.52
Especialista en RRHH,106619,29,Bachillerato,0.15,0.95,0.54,Medio,0.95,0.25,0.36,0.38,0.61,0.36,0.53,0.78,0.71,0.45
Especialista en RRHH,113310,14,Bachillerato,0.56,1.04,0.31,Medio,0.99,0.12,0.23,0.05,0.64,0.22,0.18,0.09,0.1,0.58
Ingeniero de IA,55611,9,Bachillerato,0.4,0.98,0.22,Bajo,0.02,0.32,0.97,0.58,0.25,0.52,0.34,0.53,0.13,0.13
Conductor de Camión,108131,15,Licenciatura,0.94,1.23,0.74,Alto,0.19,0.73,0.16,0.23,0.96,0.26,0.66,0.98,0.37,0.02
Científico Investigador,58625,16,Licenciatura,0.83,1.36,0.24,Bajo,0.11,0.8,0.92,0.6,0.94,0.83,0.67,0.58,0.35,0.16
Abogado,47087,5,Licenciatura,0.32,1.37,0.7,Medio,0.75,0.09,0.29,0.11,0.65,0.77,0.93,0.44,0.9,0.88
Soporte al Cliente,143942,18,Licenciatura,0.87,0.88,0.77,Alto,0.65,0.33,0.63,0.61,0.56,0.38,0.55,0.6,0.55,0.44
Mecánico,109973,25,Bachillerato,0.59,0.67,0.56,Medio,0.76,0.5,0.54,0.95,0.85,0.91,0.81,0.11,0.15,0.53
Conductor de Camión,57598,11,Doctorado,0.48,0.89,0.84,Alto,0.75,0.72,0.52,0.82,0.43,0.9,0.07,0.95,0.65,0.38
Médico,75379,20,Licenciatura,0.48,0.69,0.09,Bajo,0.62,0.52,0.67,0.93,0.53,0.58,0.09,0.72,0.4,0.98
Especialista en RRHH,130441,24,Bachillerato,0.52,0.62,0.64,Medio,0.8,0.18,0.3,0.79,0.19,0.92,0.42,0.09,0.82,0.37
Investigador UX,72668,9,Bachillerato,0.11,0.5,0.56,Medio,0.52,0.59,0.79,0.65,0.17,0.36,0.91,0.77,0.56,0.26
Científico de Datos,140641,23,Maestría,0.82,0.92,0.57,Medio,0.1,0.62,0.45,0.59,0.17,0.74,0.86,0.22,0.1,0.02
Gerente de Marketing,46014,2,Doctorado,0.61,1.05,0.39,Medio,0.39,0.59,0.5,0.99,0.14,0.7,0.4,0.43,0.72,0.69
Científico de Datos,92438,23,Licenciatura,0.13,0.6,0.59,Medio,0.58,0.27,0.08,0.09,0.89,0.19,0.32,0.23,0.35,0.07
Médico,102240,27,Bachillerato,0.07,1.3,0.11,Bajo,0.54,0.88,0.65,0.53,0.32,0.33,0.67,0.99,0.66,0.56
Conductor de Camión,39686,29,Doctorado,0.33,1.08,0.72,Alto,0.96,0.63,0.75,0.17,0.41,0.42,0.82,0.0,0.3,0.98
Mecánico,40754,15,Doctorado,0.38,0.62,0.69,Medio,0.02,0.74,0.77,0.24,0.67,0.09,0.26,0.79,0.86,0.61
Trabajador de Comercio,40699,5,Licenciatura,0.16,0.56,0.73,Alto,0.23,0.34,0.38,0.35,0.24,0.51,0.83,0.28,0.94,0.87
Especialista en RRHH,120373,2,Doctorado,0.79,1.07,0.53,Medio,0.39,0.5,0.4,0.54,0.63,0.67,0.53,0.72,0.14,0.21
Ingeniero de Software,70461,8,Bachillerato,0.32,0.52,0.36,Medio,0.22,0.96,0.57,0.93,0.58,0.48,0.31,0.61,0.14,0.9
Especialista en RRHH,103965,28,Bachillerato,0.32,1.45,0.63,Medio,0.67,0.12,0.48,0.51,0.23,0.08,0.78,0.12,0.59,0.94
Científico Investigador,58179,17,Doctorado,0.28,1.35,0.05,Bajo,0.02,0.6,0.36,0.39,0.56,0.19,0.21,0.48,0.75,0.62
Médico,125694,8,Doctorado,0.43,0.67,0.07,Bajo,0.78,0.27,0.18,0.69,0.62,0.63,0.23,0.23,0.22,0.17
Chef,128723,27,Bachillerato,0.85,1.22,0.62,Medio,0.4,0.65,0.35,0.53,0.48,0.18,0.39,0.96,0.25,0.13
Analista Financiero,36548,21,Licenciatura,0.79,1.08,0.57,Medio,0.19,0.62,0.32,0.83,0.63,0.2,0.06,0.04,0.37,0.27
Científico Investigador,40634,20,Doctorado,0.84,0.6,0.17,Bajo,0.15,0.32,0.74,0.48,0.38,0.39,0.46,0.79,0.89,0.96
Especialista en RRHH,62784,23,Maestría,0.32,1.19,0.48,Medio,0.25,0.84,0.04,0.9,0.46,0.64,0.66,0.9,0.64,0.61
Enfermero/a,37099,22,Bachillerato,0.52,0.65,0.23,Bajo,0.51,0.68,0.04,0.08,0.72,0.07,0.07,0.01,0.96,0.74
Diseñador Gráfico,74857,13,Licenciatura,0.99,1.47,0.68,Medio,0.78,0.35,0.41,0.55,0.83,0.07,0.42,0.08,0.51,0.9
Científico de Datos,91063,7,Maestría,0.62,0.88,0.38,Medio,0.12,0.62,0.77,0.64,0.53,0.04,0.97,0.8,0.29,0.98
Guardia de Seguridad,89765,12,Doctorado,0.58,1.25,0.9,Alto,0.66,0.13,0.34,0.93,0.22,0.37,0.43,0.44,0.61,0.94
Mecánico,32461,19,Bachillerato,0.12,0.7,0.65,Medio,0.65,0.29,0.82,0.86,0.85,0.92,0.25,0.76,0.46,0.84
Maestro,53911,13,Maestría,0.78,1.16,0.09,Bajo,0.55,0.98,0.94,0.04,0.16,0.13,0.73,0.82,0.21,0.51
Analista Financiero,50567,11,Licenciatura,0.73,1.04,0.54,Medio,0.51,0.3,0.57,0.69,0.87,0.64,0.76,0.16,0.46,0.01
Gerente de Marketing,52656,11,Licenciatura,0.73,1.49,0.34,Medio,0.4,0.8,0.2,0.56,0.73,0.62,0.19,0.36,0.78,0.55
Científico Investigador,77701,9,Licenciatura,0.76,0.54,0.24,Bajo,0.2,0.96,0.37,0.33,0.15,0.31,0.88,1.0,0.37,0.45
Diseñador Gráfico,137539,9,Bachillerato,0.89,1.09,0.46,Medio,0.41,0.7,0.0,0.62,0.36,0.79,0.09,0.59,0.48,0.64
Científico Investigador,46087,4,Bachillerato,0.58,1.06,0.19,Bajo,0.6,0.68,0.8,0.27,0.83,0.5,0.08,0.06,0.33,0.78
Abogado,67861,20,Doctorado,0.79,1.02,0.48,Medio,0.15,0.33,0.43,0.09,0.22,0.6,0.74,1.0,0.93,0.64
Obrero de Construcción,89792,5,Maestría,0.64,1.29,0.73,Alto,0.41,0.84,0.38,0.57,0.59,0.18,0.36,0.33,0.03,0.02
Chef,36397,21,Licenciatura,0.27,1.02,0.42,Medio,0.94,0.26,0.43,0.87,0.84,0.19,0.8,0.46,0.48,0.13
Científico de Datos,49715,29,Maestría,0.73,1.0,0.47,Medio,0.73,0.77,0.16,0.61,0.14,0.75,0.66,0.96,0.07,0.06
Abogado,122573,21,Bachillerato,0.26,0.75,0.66,Medio,0.25,0.27,0.76,0.45,0.78,0.07,0.49,0.03,0.06,0.91
Diseñador Gráfico,133864,20,Maestría,0.53,0.91,0.44,Medio,0.9,0.02,0.66,0.96,0.56,0.94,0.05,0.42,0.26,0.73
Chef,48745,20,Maestría,0.26,1.15,0.38,Medio,0.57,0.46,0.97,0.61,0.35,0.11,0.15,0.23,0.25,0.85
Médico,49446,0,Maestría,0.52,0.61,0.27,Bajo,0.72,0.07,0.71,0.54,0.08,0.46,0.48,0.17,0.95,0.85
Enfermero/a,98673,9,Maestría,0.46,0.91,0.21,Bajo,0.55,0.06,0.51,0.81,0.46,0.05,0.79,0.2,0.26,0.16
Soporte al Cliente,93870,3,Doctorado,0.76,1.02,0.75,Alto,0.88,0.88,0.87,0.24,0.45,0.98,0.77,0.03,0.07,0.46
Analista Financiero,72951,11,Bachillerato,0.54,1.0,0.34,Medio,0.66,0.82,0.38,0.78,0.96,0.2,0.52,0.29,0.79,0.58
Obrero de Construcción,37239,22,Bachillerato,0.64,0.7,0.92,Alto,0.52,0.45,0.56,0.17,0.61,0.36,0.9,0.17,0.51,0.6
Soporte al Cliente,149798,7,Doctorado,0.89,1.15,0.74,Alto,0.44,0.62,0.08,0.88,0.8,0.51,0.97,0.42,0.98,0.67
Guardia de Seguridad,149052,1,Licenciatura,0.17,1.38,0.81,Alto,0.16,0.01,0.56,0.53,0.72,0.89,0.08,0.73,0.19,0.86
Maestro,39587,5,Licenciatura,0.54,1.21,0.13,Bajo,0.47,0.82,0.46,0.36,0.49,0.83,0.34,0.17,0.71,0.83
Gerente de Marketing,120301,0,Maestría,0.24,0.64,0.44,Medio,0.45,0.75,0.65,0.62,0.35,0.84,0.47,0.98,0.63,0.13
Especialista en RRHH,117969,1,Doctorado,0.31,0.5,0.57,Medio,0.17,0.66,0.99,0.07,0.08,0.34,0.87,0.22,0.36,0.07
Guardia de Seguridad,39528,20,Bachillerato,0.41,1.26,0.93,Alto,0.23,0.81,0.06,0.9,0.65,0.87,0.0,0.17,0.39,0.38
Maestro,95677,3,Maestría,0.38,0.63,0.15,Bajo,0.8,0.48,0.02,0.42,0.03,0.97,0.13,0.71,0.97,0.83
Especialista en RRHH,51778,8,Licenciatura,0.84,1.48,0.55,Medio,0.56,0.63,0.53,0.64,0.45,0.22,0.12,0.07,0.26,0.05
Abogado,36816,23,Bachillerato,0.28,1.32,0.33,Medio,0.23,0.73,0.6,0.06,0.88,0.88,0.33,0.34,0.99,0.63
Científico Investigador,53567,28,Licenciatura,0.84,0.79,0.16,Bajo,0.27,0.79,0.57,0.66,0.25,0.22,0.49,0.74,0.53,0.03
Abogado,121170,16,Licenciatura,0.06,1.46,0.31,Medio,0.69,0.08,0.91,0.46,0.14,0.34,0.16,0.17,0.95,0.45
Ingeniero de IA,91944,28,Licenciatura,0.64,1.18,0.08,Bajo,0.23,0.79,0.97,0.26,0.27,0.47,0.98,0.27,0.41,0.89
Guardia de Seguridad,123905,16,Licenciatura,0.04,1.1,0.93,Alto,0.24,0.47,0.45,0.47,0.62,0.47,0.45,0.47,0.59,0.54
Maestro,73056,13,Maestría,0.05,1.33,0.26,Bajo,0.28,0.46,0.44,0.22,0.4,0.04,0.28,0.82,0.28,0.82
Conductor de Camión,89156,18,Maestría,0.88,1.07,0.71,Alto,0.68,0.04,0.45,0.93,0.17,0.39,0.73,0.88,0.67,0.26
Gerente de Marketing,102124,15,Doctorado,0.3,1.22,0.68,Medio,0.72,0.86,0.0,0.72,0.83,0.04,0.87,0.26,0.67,0.8
Médico,54995,17,Doctorado,0.09,1.1,0.19,Bajo,0.9,0.4,0.32,0.75,0.41,0.65,0.65,0.89,0.6,0.5
Mecánico,100194,21,Bachillerato,0.12,0.65,0.37,Medio,0.64,0.74,0.53,0.83,0.99,0.82,0.69,0.53,0.45,0.08
Abogado,97534,25,Bachillerato,0.91,1.31,0.39,Medio,0.47,0.82,0.07,0.39,0.85,0.4,0.08,0.54,0.86,0.59
Investigador UX,123547,1,Bachillerato,0.38,0.95,0.53,Medio,0.76,0.1,0.89,0.01,0.37,0.03,0.39,0.53,0.51,0.17
Ingeniero de IA,111926,3,Licenciatura,0.04,1.26,0.29,Bajo,0.34,0.52,0.38,0.01,0.39,0.79,0.6,0.1,0.85,0.53
Especialista en RRHH,107487,19,Licenciatura,0.58,1.06,0.34,Medio,0.17,0.97,0.23,0.98,0.53,0.14,0.1,0.21,0.93,0.41
Especialista en RRHH,107362,17,Maestría,0.31,0.65,0.5,Medio,0.13,0.84,0.37,0.37,0.47,0.44,0.99,0.55,0.09,0.61
Analista Financiero,44973,19,Maestría,0.03,1.47,0.61,Medio,0.98,0.48,0.53,0.17,0.25,0.84,0.36,0.83,0.71,0.18
Científico Investigador,30340,13,Maestría,0.68,0.74,0.26,Bajo,0.54,0.17,0.58,1.0,0.15,0.82,0.21,0.78,0.73,0.3
Médico,104965,24,Licenciatura,0.79,0.96,0.23,Bajo,0.15,0.85,0.71,0.91,0.13,0.59,0.6,0.35,0.46,0.04
Conductor de Camión,74789,10,Maestría,0.55,0.56,0.87,Alto,0.47,0.03,0.97,0.95,0.51,0.09,0.75,0.49,0.3,0.49
Guardia de Seguridad,88954,0,Bachillerato,0.56,0.94,0.85,Alto,0.92,0.36,0.73,0.89,0.46,0.44,0.6,0.59,0.81,0.48
Maestro,78456,7,Doctorado,0.85,0.94,0.26,Bajo,0.89,0.06,0.88,0.45,0.51,0.63,0.93,0.02,0.48,0.69
Analista Financiero,116698,2,Bachillerato,0.69,0.63,0.42,Medio,0.36,0.8,0.28,0.21,0.96,0.01,1.0,0.68,0.83,0.29
Chef,40886,2,Bachillerato,0.74,1.33,0.6,Medio,0.14,0.75,0.77,0.66,0.77,0.85,0.61,0.09,0.49,0.08
Ingeniero de IA,78511,3,Bachillerato,0.41,0.57,0.14,Bajo,0.11,0.81,0.95,0.07,0.96,0.52,0.3,0.08,0.5,0.79
Ingeniero de IA,136127,5,Maestría,0.05,0.57,0.15,Bajo,0.3,0.23,0.28,0.8,0.93,0.41,0.91,0.32,0.48,0.23
Conductor de Camión,45592,29,Licenciatura,0.98,1.1,0.79,Alto,0.65,0.12,0.89,0.5,0.45,0.59,0.62,0.07,0.68,0.24
Guardia de Seguridad,134859,13,Maestría,0.82,1.3,0.84,Alto,0.52,0.14,0.78,0.27,0.5,0.28,0.13,0.63,0.05,0.75
Enfermero/a,119678,24,Bachillerato,0.0,1.01,0.06,Bajo,0.28,0.71,0.06,0.84,0.0,0.25,0.74,0.32,0.1,0.36
Investigador UX,62402,8,Maestría,0.84,0.81,0.62,Medio,0.89,0.43,0.91,0.38,0.96,0.09,0.69,0.49,0.39,0.63
Mecánico,53478,9,Licenciatura,0.14,0.75,0.65,Medio,0.18,0.28,0.13,0.68,0.94,0.27,0.48,0.63,1.0,0.1
Abogado,52005,15,Licenciatura,0.39,1.37,0.49,Medio,0.11,0.63,0.77,0.0,0.86,0.19,0.55,0.42,0.72,0.37
Guardia de Seguridad,82389,10,Licenciatura,0.73,1.15,0.9,Alto,0.75,0.04,0.39,0.93,0.13,0.74,0.97,0.05,0.68,0.47
Chef,84336,3,Bachillerato,0.09,0.54,0.57,Medio,0.82,0.78,0.54,0.1,0.69,0.24,0.91,0.84,0.71,0.95
Analista Financiero,112594,24,Bachillerato,0.74,0.83,0.66,Medio,0.27,0.72,0.88,0.04,0.4,0.76,0.45,0.27,0.22,0.13
Guardia de Seguridad,85243,26,Licenciatura,0.58,0.58,0.8,Alto,0.37,0.18,0.44,0.33,0.34,0.74,0.22,0.64,0.57,0.57
Investigador UX,85668,3,Maestría,0.55,1.38,0.57,Medio,0.55,0.83,0.61,0.29,0.21,0.15,0.9,0.71,0.94,0.6
Ingeniero de Software,82428,14,Licenciatura,0.06,1.17,0.53,Medio,0.99,0.24,0.53,0.65,0.64,0.56,0.78,0.2,0.73,0.62
Científico de Datos,107240,25,Licenciatura,0.85,0.82,0.41,Medio,0.98,0.53,0.91,0.16,0.64,0.81,0.95,0.34,0.72,0.54
Investigador UX,120270,8,Maestría,0.69,1.19,0.67,Medio,0.5,0.23,0.04,0.42,0.3,0.76,0.35,0.95,0.96,0.62
Ingeniero de IA,74605,21,Maestría,0.76,1.05,0.1,Bajo,0.46,0.56,0.86,0.48,0.9,0.67,0.14,0.99,0.53,0.39
Investigador UX,140059,5,Licenciatura,0.11,1.14,0.5,Medio,0.41,0.95,0.52,0.22,0.46,0.92,0.18,0.21,0.01,0.01
Mecánico,96155,18,Licenciatura,0.73,0.86,0.58,Medio,0.4,0.95,0.97,0.39,0.85,0.77,0.31,0.23,0.46,0.78
Obrero de Construcción,131971,23,Maestría,0.76,1.36,0.85,Alto,0.84,0.78,0.38,0.55,0.8,0.05,0.81,0.18,0.51,0.81
Maestro,57413,4,Bachillerato,0.25,0.9,0.27,Bajo,0.0,0.9,0.15,0.99,0.95,0.49,0.51,0.48,0.64,0.09
Ingeniero de Software,138125,2,Licenciatura,0.06,0.94,0.41,Medio,0.62,0.99,0.39,0.57,0.42,0.85,0.9,0.88,0.97,0.03
Especialista en RRHH,42602,10,Doctorado,0.75,0.73,0.68,Medio,0.15,0.68,0.22,0.43,0.72,0.56,0.43,0.33,0.84,0.14
Científico Investigador,110070,14,Maestría,0.9,1.35,0.15,Bajo,0.76,0.82,0.89,0.54,0.2,0.26,0.3,0.59,0.03,0.64
Investigador UX,50954,3,Maestría,0.3,1.38,0.48,Medio,0.1,0.83,0.05,0.73,0.77,0.35,0.82,0.52,0.46,0.05
Soporte al Cliente,118691,22,Doctorado,0.93,0.89,0.84,Alto,0.53,0.59,0.06,0.36,0.72,0.2,0.2,0.01,0.44,0.88
Abogado,120453,14,Licenciatura,0.19,0.81,0.59,Medio,0.64,0.42,0.76,0.61,0.9,0.82,0.25,0.27,0.13,0.34
Ingeniero de Software,37214,21,Doctorado,0.41,0.72,0.6,Medio,0.54,0.15,0.38,0.41,0.75,0.02,0.27,0.52,0.27,0.63
Científico Investigador,139269,24,Bachillerato,0.36,1.45,0.21,Bajo,0.13,0.56,0.78,0.71,0.17,0.97,0.45,0.16,0.18,0.1
Obrero de Construcción,119285,0,Doctorado,0.12,0.63,0.91,Alto,0.34,0.03,0.05,0.14,0.21,0.67,0.16,0.12,0.76,0.67
Científico Investigador,122268,22,Licenciatura,0.55,0.81,0.17,Bajo,0.51,0.39,0.91,0.02,0.78,0.12,0.8,0.62,0.84,0.1
Soporte al Cliente,118791,26,Licenciatura,0.5,1.21,0.83,Alto,0.54,0.43,0.31,0.48,0.12,0.96,0.71,0.95,0.23,0.88
Soporte al Cliente,86408,19,Bachillerato,0.68,1.13,0.78,Alto,0.82,0.5,0.07,0.31,0.94,0.85,0.98,0.63,0.25,0.16
Analista Financiero,136464,16,Doctorado,0.02,0.89,0.38,Medio,0.41,0.93,0.43,0.88,0.61,0.25,0.36,0.08,0.33,0.68
Diseñador Gráfico,56049,29,Licenciatura,0.37,1.44,0.56,Medio,0.67,0.63,0.2,0.42,0.75,0.1,0.28,0.28,0.43,0.98
Diseñador Gráfico,84845,28,Doctorado,0.98,0.6,0.52,Medio,0.98,0.56,0.19,0.58,0.2,0.52,0.07,0.61,0.52,0.74
Diseñador Gráfico,133937,27,Maestría,0.55,1.19,0.36,Medio,0.6,0.17,0.93,0.07,0.43,0.7,0.46,0.09,0.55,0.64
Ingeniero de IA,143557,2,Bachillerato,0.37,1.06,0.16,Bajo,0.67,0.58,0.53,0.25,0.0,0.17,0.12,0.45,0.61,0.21
Científico de Datos,32994,15,Doctorado,0.01,1.27,0.55,Medio,0.37,0.05,0.63,0.39,0.94,0.54,0.94,0.22,0.73,0.62
Conductor de Camión,54351,5,Doctorado,0.98,0.6,0.7,Medio,0.43,0.09,0.75,0.91,0.43,0.26,0.43,0.72,0.01,0.59
Maestro,74816,10,Maestría,0.64,0.74,0.23,Bajo,0.09,0.2,0.88,0.74,0.01,0.25,0.21,0.27,0.25,0.06
Analista Financiero,103788,17,Licenciatura,0.73,1.11,0.57,Medio,0.08,0.95,0.84,0.81,0.82,0.93,0.54,0.2,0.62,0.74
Maestro,40103,26,Licenciatura,0.52,0.57,0.14,Bajo,0.92,0.58,0.54,0.27,0.37,0.9,0.67,0.79,0.45,0.63
Gerente de Marketing,34458,26,Bachillerato,0.71,0.93,0.48,Medio,0.65,0.94,0.06,0.82,0.29,0.44,0.02,0.3,0.5,0.06
Obrero de Construcción,59493,23,Licenciatura,0.93,0.61,0.89,Alto,0.41,0.66,0.26,0.16,0.16,0.07,0.19,0.66,0.88,0.81
Científico de Datos,93059,18,Bachillerato,0.11,0.79,0.42,Medio,0.25,0.52,0.54,0.36,0.35,0.83,0.79,0.31,0.91,0.95
Diseñador Gráfico,121683,13,Doctorado,0.35,1.01,0.68,Medio,0.88,0.1,0.39,0.55,0.5,0.19,0.86,0.68,0.84,0.86
Abogado,46322,29,Doctorado,0.44,1.11,0.36,Medio,0.67,0.18,0.69,0.23,0.12,0.17,0.0,0.72,0.73,0.51
Ingeniero de Software,100293,21,Licenciatura,0.08,0.52,0.37,Medio,0.89,0.24,0.35,0.11,0.22,0.52,0.61,0.25,0.06,0.39
Conductor de Camión,79298,21,Licenciatura,0.22,1.46,0.85,Alto,0.56,0.42,0.43,0.54,0.7,0.7,0.17,0.5,0.41,0.87
Obrero de Construcción,73937,28,Doctorado,0.53,0.62,0.85,Alto,0.12,0.34,0.14,0.69,0.21,0.39,0.9,0.2,0.51,0.42
Abogado,146464,29,Bachillerato,0.79,0.57,0.49,Medio,0.56,0.63,0.69,0.25,0.01,0.72,0.54,0.84,0.82,0.84
Trabajador de Comercio,106274,11,Bachillerato,0.33,1.29,0.81,Alto,0.18,0.85,0.88,0.47,0.08,0.39,0.8,0.9,0.2,0.07
Chef,32581,5,Doctorado,0.39,1.04,0.69,Medio,0.07,0.65,0.07,0.38,0.8,0.43,1.0,0.56,0.32,0.22
Conductor de Camión,142309,13,Maestría,0.37,0.57,0.79,Alto,0.46,0.72,0.66,0.71,0.01,0.22,0.66,0.48,0.01,0.8
Gerente de Marketing,85612,23,Bachillerato,0.55,0.57,0.61,Medio,0.58,0.78,0.75,0.8,0.52,0.14,0.67,0.62,0.74,0.17
Conductor de Camión,65710,27,Licenciatura,0.39,0.66,0.76,Alto,0.61,0.43,0.77,0.85,0.54,0.76,0.31,0.41,0.71,0.39
Guardia de Seguridad,46999,26,Maestría,0.19,1.1,0.92,Alto,0.87,0.72,0.75,0.56,0.58,0.13,0.44,0.45,0.96,0.43
Soporte al Cliente,142701,5,Doctorado,0.53,1.14,0.89,Alto,0.23,0.53,0.83,0.46,0.28,0.65,0.82,0.06,0.78,0.82
Maestro,54031,22,Doctorado,0.98,1.29,0.24,Bajo,0.75,0.15,0.22,0.46,0.26,0.42,0.89,0.82,0.63,0.86
Ingeniero de Software,115679,5,Doctorado,0.43,0.7,0.51,Medio,0.74,0.44,0.67,0.09,0.75,0.81,0.71,0.97,0.83,0.9
Mecánico,63724,26,Doctorado,0.81,1.36,0.7,Medio,0.24,0.04,0.41,0.13,0.02,0.36,0.78,0.57,0.31,0.65
Investigador UX,131154,21,Maestría,0.01,1.26,0.55,Medio,0.76,0.04,0.84,0.62,0.56,0.62,0.86,0.59,0.58,0.99
Mecánico,100014,18,Licenciatura,0.44,1.21,0.46,Medio,0.23,0.6,0.93,0.93,0.34,0.53,0.21,1.0,0.98,0.65
Enfermero/a,35232,9,Bachillerato,0.72,1.09,0.06,Bajo,0.45,0.67,0.68,0.37,0.94,0.17,0.5,0.69,0.7,0.65
Diseñador Gráfico,114425,21,Doctorado,0.16,1.14,0.54,Medio,0.18,0.71,0.46,0.67,0.84,0.17,0.02,0.78,0.61,0.7
Científico Investigador,116795,7,Bachillerato,0.8,1.46,0.18,Bajo,0.49,0.4,0.15,0.57,0.28,0.92,0.58,0.59,0.35,0.05
Soporte al Cliente,53559,28,Licenciatura,0.42,0.58,0.85,Alto,0.88,0.88,0.66,0.21,0.86,0.89,0.2,0.74,0.29,0.8
Obrero de Construcción,94418,18,Maestría,0.03,1.4,0.86,Alto,0.97,0.47,0.85,0.06,0.34,0.07,0.98,0.82,0.85,0.94
Científico de Datos,117954,13,Doctorado,0.39,0.57,0.38,Medio,0.23,0.47,0.27,0.1,0.17,0.15,0.97,0.76,0.97,0.44
Mecánico,105831,22,Maestría,0.8,0.83,0.42,Medio,0.23,0.13,0.26,0.36,0.67,0.06,0.21,0.81,0.15,0.34
Especialista en RRHH,48814,23,Licenciatura,0.15,0.58,0.49,Medio,0.3,0.56,0.8,0.14,0.58,0.51,0.14,0.62,0.27,0.49
Científico Investigador,147904,0,Bachillerato,0.46,0.81,0.26,Bajo,0.06,0.42,0.46,0.73,0.57,0.67,0.78,0.86,0.31,0.54
Chef,116694,12,Bachillerato,0.99,1.39,0.45,Medio,0.2,0.49,0.74,0.49,0.48,0.84,0.36,0.86,0.41,0.33
Guardia de Seguridad,74739,26,Bachillerato,0.76,0.63,0.75,Alto,0.95,0.18,0.57,0.58,0.49,0.64,0.23,0.55,0.37,0.66
Ingeniero de IA,110357,5,Bachillerato,0.85,0.67,0.26,Bajo,0.49,0.41,0.9,0.6,0.58,0.56,0.37,0.79,0.25,0.94
Abogado,44079,26,Bachillerato,0.34,1.23,0.53,Medio,0.34,0.99,0.03,0.25,0.52,0.52,0.59,0.75,0.62,0.6
Investigador UX,103648,19,Licenciatura,0.38,0.73,0.41,Medio,0.55,0.2,0.29,0.24,0.95,0.94,0.61,0.92,0.79,0.59
Investigador UX,143892,16,Maestría,0.77,1.2,0.55,Medio,0.76,0.51,0.7,0.94,0.38,0.71,0.48,0.67,0.76,0.05
Científico de Datos,135296,7,Bachillerato,0.23,1.17,0.49,Medio,0.77,0.12,0.63,0.28,0.85,0.93,1.0,0.8,0.75,0.22
Trabajador de Comercio,66639,14,Maestría,0.47,1.27,0.93,Alto,0.19,0.92,0.7,0.61,0.2,0.06,0.57,0.65,0.21,0.56
Diseñador Gráfico,105476,20,Licenciatura,0.84,1.43,0.45,Medio,0.32,0.75,0.43,0.09,0.28,0.42,0.29,0.33,0.29,0.04
Investigador UX,71830,27,Maestría,0.6,1.15,0.38,Medio,0.3,0.62,0.6,0.51,0.35,0.91,0.34,0.46,0.68,0.54
Ingeniero de Software,129555,22,Bachillerato,0.44,1.29,0.41,Medio,0.14,0.31,0.85,0.09,0.99,0.54,0.98,0.94,0.45,0.2
Especialista en RRHH,91576,14,Doctorado,0.16,1.1,0.36,Medio,0.97,0.45,0.5,0.25,0.47,0.66,0.75,0.75,0.58,0.9
Científico de Datos,137524,2,Doctorado,0.76,0.56,0.3,Bajo,0.21,0.66,0.41,0.4,0.88,0.9,0.91,0.31,0.69,0.27
Trabajador de Comercio,148360,1,Bachillerato,0.18,0.84,0.81,Alto,0.83,0.12,0.73,0.53,0.29,0.49,0.3,0.6,0.43,0.16
Científico Investigador,55464,25,Doctorado,0.55,1.4,0.14,Bajo,0.73,0.66,0.93,0.82,0.57,0.66,0.9,0.4,0.33,0.01
Científico de Datos,85798,10,Bachillerato,0.8,0.6,0.53,Medio,0.46,0.12,0.98,0.21,0.07,0.59,0.74,0.03,0.66,0.53
Científico Investigador,133243,6,Maestría,0.17,1.07,0.12,Bajo,0.94,0.82,0.98,0.26,0.97,0.43,0.35,0.05,0.05,0.69
Ingeniero de IA,84710,21,Licenciatura,0.23,1.11,0.11,Bajo,0.58,0.36,0.82,0.82,0.48,0.35,0.36,0.81,0.33,0.21
Investigador UX,38848,5,Doctorado,0.47,0.98,0.64,Medio,0.22,0.38,0.81,0.82,0.38,0.46,0.3,0.93,0.12,0.93
Maestro,95942,24,Maestría,0.6,1.44,0.13,Bajo,0.25,0.65,0.62,0.33,0.93,0.84,0.22,0.24,0.51,0.77
Diseñador Gráfico,45086,11,Bachillerato,0.69,1.15,0.39,Medio,0.68,0.94,0.05,0.32,0.44,0.9,0.96,0.44,0.75,0.53
Médico,39343,13,Doctorado,0.28,0.72,0.12,Bajo,0.56,0.03,0.91,0.16,0.22,0.52,0.71,0.1,0.32,0.97
Gerente de Marketing,89550,8,Licenciatura,0.31,1.34,0.32,Medio,0.46,0.38,0.32,0.29,0.09,0.31,0.04,0.78,0.4,0.44
Diseñador Gráfico,70317,12,Bachillerato,0.66,0.51,0.68,Medio,0.24,0.11,0.77,0.5,0.43,0.25,0.55,0.27,0.9,0.22
Analista Financiero,102055,26,Licenciatura,0.56,1.33,0.59,Medio,0.7,0.32,0.23,0.21,0.86,0.82,0.44,0.13,0.38,0.62
Científico de Datos,145660,26,Bachillerato,0.78,1.5,0.38,Medio,0.46,0.43,0.3,0.2,0.07,0.89,0.42,0.5,0.92,0.78
Científico de Datos,64785,12,Bachillerato,0.57,0.94,0.62,Medio,0.72,0.69,0.34,0.8,0.05,0.16,0.34,0.08,0.23,0.83
Diseñador Gráfico,70149,12,Maestría,0.3,0.76,0.41,Medio,0.28,0.04,0.93,0.21,0.42,0.01,0.86,0.73,0.95,0.78
Mecánico,100122,14,Doctorado,0.25,1.2,0.45,Medio,0.57,0.01,0.06,0.54,0.57,0.75,0.13,0.51,0.19,0.09
Especialista en RRHH,46524,29,Bachillerato,0.16,0.72,0.43,Medio,0.26,0.09,0.09,0.19,0.05,0.63,0.29,0.28,0.33,0.66
Mecánico,82347,28,Maestría,0.44,0.83,0.46,Medio,0.53,0.16,0.57,0.81,0.76,0.15,0.15,0.27,0.36,0.41
Científico Investigador,71743,17,Doctorado,0.06,0.53,0.15,Bajo,0.7,0.19,0.64,0.26,0.89,0.9,0.3,0.23,0.41,0.24
Especialista en RRHH,118302,14,Bachillerato,0.83,1.17,0.63,Medio,0.4,0.16,0.74,0.36,0.67,0.27,0.08,0.99,0.16,0.99
Analista Financiero,96706,9,Doctorado,0.79,1.16,0.53,Medio,0.87,0.29,0.47,0.62,0.41,0.43,0.33,0.56,0.85,0.2
Diseñador Gráfico,95780,10,Maestría,0.28,0.63,0.34,Medio,0.6,0.52,0.25,0.47,0.49,0.2,0.65,0.78,0.79,0.6
Ingeniero de Software,78899,11,Maestría,0.06,0.79,0.34,Medio,0.96,0.14,0.15,0.89,0.94,0.77,0.01,0.0,0.38,0.14
Chef,92559,28,Bachillerato,0.46,1.44,0.43,Medio,0.66,0.65,0.25,0.65,0.21,0.12,0.7,0.11,1.0,0.18
Guardia de Seguridad,140168,1,Doctorado,0.41,0.63,0.71,Alto,0.62,0.81,0.84,0.48,0.78,0.67,0.72,0.49,0.63,0.81
Ingeniero de Software,143857,28,Bachillerato,0.81,1.09,0.37,Medio,0.02,0.36,0.55,0.84,0.13,0.8,0.86,0.15,0.85,0.99
Soporte al Cliente,37189,13,Bachillerato,0.78,1.49,0.85,Alto,0.31,0.84,0.61,0.58,0.25,0.76,0.08,0.92,0.33,0.13
Mecánico,91158,13,Bachillerato,0.73,0.82,0.57,Medio,0.56,0.34,0.13,0.09,0.83,0.92,0.65,0.1,0.4,0.73
Obrero de Construcción,52394,13,Doctorado,0.12,0.5,0.88,Alto,0.36,0.25,0.01,0.54,0.85,0.96,0.57,0.51,0.09,0.55
Enfermero/a,50245,1,Licenciatura,0.61,0.89,0.11,Bajo,0.09,0.31,0.1,0.18,0.99,0.44,0.53,0.87,1.0,0.58
Diseñador Gráfico,48624,25,Bachillerato,0.48,0.82,0.5,Medio,0.86,0.59,0.69,0.36,0.74,0.67,0.12,0.57,0.26,0.8
Ingeniero de IA,46626,21,Doctorado,0.99,0.59,0.25,Bajo,0.67,0.77,0.31,0.49,0.8,0.23,0.23,0.55,0.52,0.28
Maestro,74950,10,Licenciatura,0.28,1.27,0.21,Bajo,0.83,0.98,0.47,0.07,0.05,0.3,0.93,0.52,0.27,0.4
Obrero de Construcción,130211,5,Licenciatura,0.65,0.65,0.94,Alto,0.54,0.14,0.89,0.07,0.91,1.0,0.7,0.77,0.34,0.94
Chef,117460,13,Bachillerato,0.73,1.42,0.69,Medio,0.83,0.3,0.97,0.63,0.93,0.68,0.31,0.37,0.55,0.79
Conductor de Camión,115489,27,Maestría,0.58,0.85,0.9,Alto,0.47,0.08,0.17,0.06,0.5,0.11,0.11,0.94,0.87,0.45
Ingeniero de Software,143880,18,Maestría,0.0,1.11,0.55,Medio,0.46,0.4,0.46,0.41,0.73,0.14,0.2,0.18,0.26,0.53
Guardia de Seguridad,41569,5,Bachillerato,0.87,0.8,0.74,Alto,0.68,0.04,0.62,0.7,0.21,0.04,0.36,0.1,0.12,0.25
Investigador UX,147027,17,Licenciatura,0.53,1.18,0.54,Medio,0.15,0.17,0.88,0.56,0.87,0.37,0.61,0.52,0.32,0.47
Soporte al Cliente,111384,3,Maestría,0.2,0.82,0.9,Alto,0.92,0.36,0.31,0.2,0.68,0.32,0.99,0.33,0.39,0.6
Diseñador Gráfico,107463,21,Doctorado,0.47,0.92,0.7,Medio,0.01,0.9,0.15,0.79,0.62,0.34,0.87,0.01,0.23,0.57
Mecánico,74148,14,Doctorado,0.61,0.52,0.35,Medio,0.13,0.19,0.46,0.75,0.91,0.84,0.2,0.44,0.2,0.26
Trabajador de Comercio,59793,28,Doctorado,0.07,0.72,0.93,Alto,0.47,0.45,0.01,0.25,0.87,0.16,0.42,0.01,0.48,0.02
Gerente de Marketing,102095,4,Maestría,0.6,1.26,0.51,Medio,0.23,0.67,0.08,0.44,0.16,0.18,0.2,0.39,0.05,0.4
Médico,112508,28,Maestría,0.48,0.88,0.26,Bajo,0.15,0.51,0.06,0.07,0.57,0.57,0.88,0.56,0.96,0.05
Ingeniero de Software,97598,6,Bachillerato,0.04,0.69,0.52,Medio,0.65,0.05,0.95,0.84,0.3,0.08,0.17,0.13,0.12,0.52
Especialista en RRHH,98472,22,Licenciatura,0.99,1.18,0.68,Medio,0.14,0.38,0.55,0.08,0.0,0.67,0.64,0.41,0.49,0.42
Analista Financiero,108291,27,Doctorado,0.34,0.68,0.34,Medio,0.96,0.6,0.73,0.32,0.39,0.24,0.1,0.18,0.8,0.68
Especialista en RRHH,130342,12,Licenciatura,0.48,1.42,0.33,Medio,0.28,0.35,0.78,0.99,0.24,0.87,0.83,0.22,0.4,0.41
Maestro,73894,21,Licenciatura,0.18,1.3,0.13,Bajo,0.73,0.42,0.58,0.83,0.8,0.87,0.06,0.69,0.14,0.42
Chef,49023,5,Maestría,0.4,1.02,0.7,Medio,0.14,0.68,0.4,0.13,0.16,0.95,0.88,0.91,0.99,0.21
Ingeniero de IA,34758,18,Doctorado,0.67,0.98,0.15,Bajo,0.36,0.59,0.58,0.16,0.47,0.55,0.57,0.21,0.74,0.03
Soporte al Cliente,47065,6,Licenciatura,0.78,1.06,0.77,Alto,0.69,0.57,0.8,0.74,0.61,0.49,0.13,0.26,0.42,0.6
Científico Investigador,53464,1,Doctorado,0.29,0.51,0.17,Bajo,0.29,0.73,0.02,0.58,0.94,0.17,0.47,0.09,0.63,0.55
Investigador UX,102572,23,Bachillerato,0.52,1.4,0.38,Medio,0.02,0.86,0.58,0.89,0.6,0.81,0.43,0.75,0.91,0.57
Obrero de Construcción,67344,1,Bachillerato,0.18,1.29,0.8,Alto,0.44,0.59,0.59,0.07,0.83,0.18,0.72,0.77,0.71,0.58
Conductor de Camión,122759,19,Doctorado,0.36,1.1,0.8,Alto,0.86,0.31,0.29,0.27,0.33,0.56,0.71,0.66,0.81,0.89
Soporte al Cliente,66444,12,Maestría,0.02,1.24,0.75,Alto,0.13,0.64,0.32,0.06,0.14,0.0,0.9,0.02,0.21,0.42
Ingeniero de Software,46932,9,Doctorado,0.91,0.54,0.5,Medio,0.68,0.93,0.62,0.8,0.08,0.39,0.37,0.89,0.15,0.15
Científico Investigador,55363,11,Licenciatura,0.05,0.68,0.29,Bajo,0.43,0.63,0.73,0.37,0.15,0.21,0.31,0.64,0.4,0.01
Médico,30893,14,Doctorado,0.92,1.31,0.26,Bajo,0.8,0.32,0.77,0.14,0.66,0.64,0.03,0.79,0.9,0.27
Diseñador Gráfico,84962,7,Bachillerato,0.08,1.1,0.49,Medio,0.55,0.93,0.87,0.79,0.27,0.91,0.1,0.85,0.33,0.05
Mecánico,94173,23,Licenciatura,0.23,0.74,0.42,Medio,0.06,0.18,0.01,0.45,0.08,0.68,0.24,0.94,0.87,0.29
Científico Investigador,82949,26,Licenciatura,0.8,1.49,0.2,Bajo,0.08,0.65,0.62,0.64,0.31,0.86,0.96,0.22,0.09,0.19
Obrero de Construcción,141738,10,Maestría,0.68,1.14,0.8,Alto,0.58,0.31,0.48,0.79,0.98,0.93,0.93,0.4,0.47,0.71
Científico Investigador,80492,16,Bachillerato,0.3,0.64,0.2,Bajo,0.31,0.33,0.07,0.35,0.86,0.23,0.7,0.63,0.86,0.13
Mecánico,117527,28,Doctorado,0.14,0.51,0.52,Medio,0.98,0.37,0.36,0.34,0.52,0.44,0.88,0.51,0.51,0.14
Maestro,83639,26,Licenciatura,0.25,0.57,0.22,Bajo,0.6,0.42,0.42,0.79,0.2,0.82,0.65,0.42,0.46,0.26
Científico de Datos,66993,3,Bachillerato,0.51,0.82,0.54,Medio,1.0,0.44,0.92,0.35,0.05,0.2,0.42,0.22,0.0,0.92
Guardia de Seguridad,61551,21,Licenciatura,0.74,0.67,0.73,Alto,0.07,0.72,0.93,0.43,0.12,0.51,0.35,0.37,0.62,0.72
Científico Investigador,63896,22,Licenciatura,0.04,1.49,0.11,Bajo,0.05,0.19,0.04,0.39,0.8,0.34,0.44,0.68,0.51,0.86
Soporte al Cliente,63686,21,Bachillerato,0.01,1.28,0.82,Alto,0.99,0.48,0.99,0.75,0.25,0.54,0.99,0.86,0.1,0.71
Chef,147256,26,Licenciatura,0.33,1.45,0.35,Medio,0.02,0.9,0.07,0.99,0.95,0.14,0.54,0.18,0.43,0.06
Obrero de Construcción,103531,2,Maestría,0.36,0.94,0.94,Alto,0.81,0.74,0.54,0.84,0.34,0.71,0.99,0.31,0.67,0.84
Abogado,53991,21,Doctorado,0.72,0.78,0.43,Medio,0.02,0.76,0.04,0.86,0.12,0.17,0.48,0.74,0.14,0.44
Abogado,39269,7,Bachillerato,0.21,0.62,0.63,Medio,0.5,0.01,0.8,0.98,0.61,0.5,0.88,0.95,0.75,0.45
Analista Financiero,149391,18,Licenciatura,0.7,0.69,0.48,Medio,0.83,0.65,0.41,0.66,0.12,0.4,0.79,0.22,0.19,0.95
Ingeniero de IA,124598,14,Maestría,0.95,0.85,0.06,Bajo,0.18,0.39,0.95,0.14,0.76,0.11,0.98,0.38,0.78,0.34
Trabajador de Comercio,89470,2,Doctorado,0.19,0.65,0.93,Alto,0.92,0.89,0.63,0.81,0.07,0.33,0.31,0.64,0.36,0.15
Trabajador de Comercio,34321,29,Licenciatura,0.81,0.88,0.73,Alto,0.2,0.24,0.3,0.64,0.6,0.7,0.36,0.82,0.2,0.47
Diseñador Gráfico,50977,25,Doctorado,0.18,0.61,0.65,Medio,0.34,0.68,0.03,0.69,0.32,0.06,0.61,0.24,0.39,0.08
Conductor de Camión,62167,13,Bachillerato,0.3,0.59,0.93,Alto,0.01,0.48,0.12,0.31,0.93,0.16,0.97,0.21,0.74,0.55
Soporte al Cliente,108518,28,Doctorado,0.55,1.03,0.75,Alto,0.17,0.92,0.33,0.37,0.76,0.34,0.95,0.74,0.6,0.88
Investigador UX,93752,12,Licenciatura,0.26,0.97,0.39,Medio,0.74,0.92,0.42,0.34,0.96,0.44,0.49,0.35,0.91,0.57
Guardia de Seguridad,77691,16,Licenciatura,0.31,1.23,0.9,Alto,0.83,0.99,0.79,0.6,0.34,0.54,0.04,0.74,0.45,0.02
Médico,59813,15,Licenciatura,0.39,1.08,0.17,Bajo,0.62,0.48,0.66,0.22,0.11,0.6,0.48,0.03,0.38,0.11
Diseñador Gráfico,95603,28,Maestría,0.4,1.11,0.62,Medio,0.3,0.96,0.54,0.62,0.68,0.67,0.51,0.43,0.05,0.02
Diseñador Gráfico,118150,14,Maestría,0.33,0.89,0.36,Medio,0.74,0.86,0.94,0.49,0.7,0.86,0.42,0.31,0.94,0.52
Conductor de Camión,31996,3,Licenciatura,0.12,0.83,0.9,Alto,0.6,0.39,0.47,0.85,0.34,0.87,0.09,0.78,0.85,0.18
Obrero de Construcción,108015,2,Licenciatura,0.17,1.21,0.83,Alto,0.64,0.2,0.21,0.04,0.32,0.56,0.86,0.67,0.44,0.95
Chef,59709,9,Licenciatura,0.93,1.03,0.4,Medio,0.05,0.73,0.12,0.3,0.53,0.56,0.6,0.17,0.38,0.62
Ingeniero de Software,33203,17,Bachillerato,0.73,1.42,0.6,Medio,0.59,0.19,0.67,0.62,0.6,0.49,0.53,0.33,0.52,0.2
Gerente de Marketing,39327,7,Doctorado,0.77,0.89,0.5,Medio,0.86,0.75,0.81,0.14,0.07,0.89,0.39,0.29,0.72,0.84
Obrero de Construcción,37868,11,Bachillerato,0.32,1.35,0.71,Alto,0.05,0.62,0.06,0.32,0.67,0.34,0.18,0.28,0.46,0.48
Investigador UX,76097,23,Bachillerato,0.75,0.96,0.64,Medio,0.11,0.26,0.83,0.38,0.98,0.47,0.79,0.4,0.42,0.38
Abogado,117838,6,Bachillerato,0.44,1.34,0.4,Medio,0.42,0.04,0.45,0.58,0.57,0.33,0.32,0.11,0.37,0.1
Abogado,136931,16,Maestría,0.97,1.47,0.65,Medio,0.6,0.7,0.29,0.63,0.46,0.48,0.76,0.28,0.32,0.92
Especialista en RRHH,76900,24,Licenciatura,0.49,1.41,0.54,Medio,0.55,0.25,0.34,0.85,0.56,0.51,0.1,0.02,0.96,0.38
Mecánico,41221,11,Doctorado,0.08,1.18,0.67,Medio,0.58,0.13,0.58,0.77,0.41,0.88,0.65,0.9,0.62,0.13
Guardia de Seguridad,30654,9,Bachillerato,0.48,1.17,0.8,Alto,0.3,0.63,0.15,0.37,0.21,0.7,0.94,1.0,0.45,0.25
Diseñador Gráfico,112928,26,Bachillerato,0.85,0.71,0.68,Medio,0.34,0.99,0.84,0.81,0.32,0.01,0.38,0.3,0.04,0.51
Maestro,99444,21,Bachillerato,0.63,1.12,0.08,Bajo,0.98,0.19,0.45,0.49,0.81,0.1,0.43,0.63,0.22,0.63
Científico Investigador,115092,18,Licenciatura,0.2,1.3,0.23,Bajo,0.06,0.39,0.28,0.3,0.98,0.64,0.72,0.98,0.38,0.8
Analista Financiero,123122,8,Licenciatura,0.87,0.68,0.68,Medio,0.22,0.33,0.76,0.39,0.61,0.44,0.74,0.23,0.06,0.3
Ingeniero de IA,49177,0,Maestría,0.17,0.85,0.15,Bajo,0.06,0.58,0.88,0.15,0.6,0.66,0.42,0.7,0.41,0.5
Científico Investigador,107360,23,Maestría,0.13,1.3,0.18,Bajo,0.75,0.31,0.51,0.86,0.47,0.36,0.54,0.72,0.44,0.94
Mecánico,132877,11,Maestría,0.48,1.26,0.58,Medio,0.86,1.0,0.43,0.11,0.03,0.73,0.87,0.22,0.16,0.06
Especialista en RRHH,73158,27,Bachillerato,0.31,0.9,0.5,Medio,0.84,0.65,0.62,0.18,0.51,0.72,0.97,0.2,0.01,0.08
Científico Investigador,87889,1,Doctorado,0.34,1.49,0.17,Bajo,0.18,0.89,0.46,0.71,0.98,0.05,0.1,0.72,0.28,0.18
Trabajador de Comercio,136196,16,Maestría,0.02,1.27,0.73,Alto,0.47,0.61,0.43,0.03,0.78,0.01,0.76,0.89,0.43,0.54
Analista Financiero,133801,11,Licenciatura,0.39,1.39,0.66,Medio,0.34,0.62,0.93,0.96,0.51,0.45,0.28,0.96,0.14,0.58
Guardia de Seguridad,109557,24,Licenciatura,0.28,0.9,0.95,Alto,0.05,0.58,0.08,0.15,0.44,0.51,0.26,0.32,0.09,0.3
Maestro,54502,15,Doctorado,0.94,0.83,0.19,Bajo,0.91,0.01,0.81,0.95,0.09,0.16,0.96,0.54,0.01,0.26
Diseñador Gráfico,128878,29,Doctorado,0.69,1.23,0.7,Medio,0.29,0.54,0.53,0.41,0.17,0.98,0.85,0.5,0.6,0.23
Ingeniero de IA,136802,23,Licenciatura,0.69,1.02,0.3,Bajo,0.61,0.37,0.77,0.17,0.38,0.35,0.43,0.78,0.48,0.79
Ingeniero de IA,80901,26,Maestría,0.34,1.31,0.11,Bajo,0.22,0.5,0.26,0.01,0.65,0.51,0.45,0.97,0.57,0.86
Gerente de Marketing,96214,16,Doctorado,0.57,1.37,0.53,Medio,0.72,0.37,0.09,0.46,0.39,0.87,0.24,0.97,0.96,0.25
Analista Financiero,104755,6,Doctorado,0.97,0.94,0.43,Medio,0.53,0.69,0.27,0.74,0.05,0.05,0.39,0.35,0.32,0.49
Mecánico,134580,11,Maestría,0.19,0.81,0.69,Medio,0.41,0.44,0.58,0.98,0.24,0.68,0.72,0.61,0.09,0.68
Mecánico,63477,17,Doctorado,0.6,1.24,0.38,Medio,0.84,0.03,0.84,0.46,0.22,0.13,0.95,0.07,0.2,0.35
Ingeniero de Software,142134,12,Doctorado,0.54,0.63,0.42,Medio,0.24,0.21,0.41,0.7,0.22,0.37,0.39,0.98,0.95,0.8
Médico,119080,4,Maestría,0.07,0.82,0.12,Bajo,0.51,0.78,0.86,0.84,0.36,0.69,0.31,0.06,0.7,0.01
Soporte al Cliente,42467,1,Maestría,0.33,1.19,0.89,Alto,0.3,0.81,0.29,0.45,0.73,0.69,0.99,0.23,0.66,0.61
Científico de Datos,100601,0,Licenciatura,0.4,0.93,0.53,Medio,0.0,0.26,0.52,0.72,0.17,0.55,0.71,0.44,0.03,0.45
Soporte al Cliente,148764,1,Bachillerato,0.93,0.62,0.86,Alto,0.05,0.45,0.55,0.3,0.46,0.16,0.3,0.62,0.3,0.9
Enfermero/a,113795,24,Doctorado,0.44,0.54,0.17,Bajo,0.76,0.27,0.81,0.25,0.82,0.09,0.87,0.5,0.3,0.27
Chef,45994,15,Maestría,1.0,0.72,0.34,Medio,0.59,0.49,0.52,0.67,0.27,0.91,0.44,0.13,0.74,0.64
Ingeniero de IA,66701,25,Bachillerato,0.62,0.72,0.16,Bajo,0.9,0.13,0.39,0.82,0.97,0.45,0.51,0.57,0.93,0.86
Maestro,63785,18,Doctorado,0.44,0.96,0.25,Bajo,0.6,0.65,1.0,0.07,0.22,0.41,0.35,0.02,0.09,0.68
Abogado,122282,0,Bachillerato,0.51,1.04,0.4,Medio,0.77,0.75,0.59,0.21,0.1,0.06,0.59,0.83,0.86,0.46
Especialista en RRHH,30229,28,Maestría,0.95,0.78,0.46,Medio,0.93,0.34,0.91,0.98,0.66,0.82,0.75,0.7,0.31,0.06
Enfermero/a,45620,29,Bachillerato,0.67,0.6,0.05,Bajo,0.14,0.72,0.97,0.98,0.49,0.87,0.74,0.5,0.57,0.14
Médico,68104,10,Bachillerato,0.35,0.95,0.22,Bajo,0.33,0.25,0.63,0.02,0.72,0.51,0.61,0.63,0.53,0.58
Científico de Datos,78733,25,Licenciatura,0.75,1.23,0.65,Medio,0.19,0.4,0.95,0.4,0.12,0.53,0.11,0.2,1.0,0.54
Científico de Datos,33320,26,Doctorado,0.27,0.53,0.59,Medio,0.63,0.58,0.74,0.68,0.21,0.35,0.13,0.13,0.68,0.86
Científico de Datos,137648,22,Doctorado,0.63,0.68,0.34,Medio,0.81,0.58,0.62,0.78,0.7,0.83,0.06,0.75,0.85,0.29
Chef,53104,0,Maestría,0.31,1.46,0.31,Medio,0.58,0.17,0.71,0.18,0.24,0.49,0.91,0.21,0.14,0.76
Trabajador de Comercio,69451,3,Licenciatura,0.91,0.65,0.86,Alto,0.23,0.16,0.68,0.59,0.75,0.31,0.45,0.41,0.98,0.29
Analista Financiero,104854,8,Maestría,0.35,1.06,0.4,Medio,0.92,0.27,0.9,0.1,0.66,0.91,0.17,0.97,0.45,0.95
Gerente de Marketing,35147,12,Bachillerato,0.3,0.69,0.42,Medio,0.09,0.14,0.1,0.42,0.8,0.14,0.13,0.64,0.2,0.1
Diseñador Gráfico,68563,3,Maestría,0.92,1.32,0.44,Medio,0.66,0.54,0.68,0.68,0.63,0.27,0.04,0.46,0.89,0.57
Ingeniero de IA,133496,13,Bachillerato,0.34,0.68,0.05,Bajo,0.47,0.69,0.23,0.13,0.89,0.28,0.22,0.86,0.82,0.45
Guardia de Seguridad,79692,6,Licenciatura,0.22,0.58,0.84,Alto,0.1,0.45,0.94,0.95,0.24,0.62,0.47,0.88,0.27,0.0
Enfermero/a,135585,13,Bachillerato,0.35,0.82,0.25,Bajo,0.68,0.3,0.46,0.1,0.9,0.94,0.98,0.87,0.17,0.05
Gerente de Marketing,59545,17,Licenciatura,0.91,0.68,0.3,Bajo,0.81,0.08,0.41,0.68,0.24,0.08,0.77,0.63,0.99,0.34
Científico de Datos,138777,0,Doctorado,0.3,0.6,0.41,Medio,0.82,0.38,0.09,0.34,0.98,0.63,0.42,0.17,0.99,0.82
Chef,88760,1,Bachillerato,0.07,0.56,0.35,Medio,0.58,0.93,0.5,0.84,0.45,0.71,0.73,0.17,0.36,0.64
Chef,106870,5,Licenciatura,0.58,0.8,0.31,Medio,0.63,0.86,0.34,0.39,0.89,0.81,0.71,0.25,0.91,0.15
Científico Investigador,32147,7,Licenciatura,0.03,1.14,0.12,Bajo,0.45,0.35,0.17,0.62,0.88,0.96,0.19,0.72,0.66,0.34
Ingeniero de Software,140463,7,Maestría,0.69,1.45,0.55,Medio,0.44,0.53,0.2,0.75,0.75,0.15,0.88,0.27,0.98,0.38
Conductor de Camión,148623,11,Licenciatura,0.35,0.94,0.72,Alto,0.58,0.6,0.74,0.03,0.54,0.05,0.7,0.06,0.91,0.7
Científico Investigador,49360,25,Licenciatura,0.44,0.63,0.12,Bajo,0.87,0.9,0.0,0.59,0.72,0.62,0.08,0.22,0.25,0.83
Investigador UX,45605,5,Maestría,0.49,1.43,0.55,Medio,0.9,0.46,0.15,0.93,0.46,0.18,0.3,0.05,0.47,0.85
Investigador UX,103953,18,Maestría,0.93,0.63,0.45,Medio,0.03,0.86,0.36,0.63,0.71,0.43,0.31,0.96,0.96,0.29
Gerente de Marketing,76531,4,Bachillerato,0.97,0.5,0.47,Medio,0.1,0.51,0.02,0.41,0.22,0.53,1.0,0.8,0.85,0.64
Obrero de Construcción,139198,27,Doctorado,0.21,1.43,0.79,Alto,0.1,0.7,0.3,0.27,1.0,0.86,0.41,0.98,0.65,0.74
Analista Financiero,111199,0,Licenciatura,0.12,1.13,0.66,Medio,0.62,0.13,0.12,0.84,0.14,0.52,0.04,0.08,0.67,0.69
Investigador UX,65321,19,Doctorado,0.22,1.31,0.39,Medio,0.54,0.97,0.15,0.94,0.18,0.57,0.38,0.96,0.27,0.4
Abogado,77218,27,Bachillerato,0.54,1.0,0.4,Medio,0.7,0.01,0.05,0.6,0.34,0.95,0.9,0.71,0.82,0.67
Científico de Datos,39752,1,Bachillerato,0.77,0.71,0.43,Medio,0.82,0.54,0.86,0.21,0.61,0.08,0.64,0.76,0.58,0.27
Ingeniero de IA,34792,14,Licenciatura,0.12,1.12,0.28,Bajo,0.21,0.74,0.87,0.52,0.67,0.82,0.26,0.3,0.0,0.96
Científico de Datos,44591,29,Maestría,0.26,1.37,0.35,Medio,0.72,0.1,0.62,0.36,0.79,0.23,0.64,0.24,0.71,0.87
Científico de Datos,35424,17,Bachillerato,0.87,1.09,0.35,Medio,0.43,0.16,0.7,0.76,0.11,0.51,0.81,0.94,0.51,0.95
Científico de Datos,89789,28,Licenciatura,0.39,1.35,0.5,Medio,0.47,0.49,0.85,0.83,0.4,0.33,0.49,0.57,0.24,0.79
Guardia de Seguridad,38804,1,Bachillerato,0.33,0.61,0.76,Alto,0.95,0.31,0.17,0.46,0.31,0.04,0.32,0.54,0.55,0.36
Gerente de Marketing,58400,20,Doctorado,0.97,0.88,0.4,Medio,0.24,0.46,0.76,0.21,0.71,0.02,0.42,0.78,0.34,0.56
Diseñador Gráfico,129525,12,Doctorado,0.74,0.55,0.64,Medio,0.2,0.87,0.35,0.72,0.32,0.91,0.13,0.18,0.49,0.08
Maestro,145183,23,Maestría,0.94,1.48,0.14,Bajo,0.92,0.54,0.27,0.7,0.66,0.99,0.27,0.67,0.05,0.11
Chef,82066,10,Licenciatura,1.0,1.3,0.61,Medio,0.51,0.3,0.15,0.28,0.38,0.76,0.54,0.08,0.02,0.1
Diseñador Gráfico,59059,21,Maestría,0.93,1.14,0.62,Medio,0.47,0.36,0.11,0.88,0.78,0.17,0.51,0.49,0.63,0.95
Científico Investigador,57499,11,Licenciatura,0.17,1.22,0.18,Bajo,0.68,0.2,0.75,1.0,0.67,0.49,0.92,0.02,0.73,0.89
Analista Financiero,122103,8,Maestría,0.2,1.07,0.56,Medio,0.3,0.46,0.28,0.37,0.16,0.89,0.01,0.88,0.57,0.33
Maestro,47806,22,Maestría,0.51,1.0,0.08,Bajo,0.39,0.24,0.02,0.36,0.09,0.26,0.09,0.1,0.2,1.0
Investigador UX,104702,10,Doctorado,0.64,0.64,0.67,Medio,0.09,0.96,0.61,0.0,0.89,0.52,0.26,0.77,0.93,0.48
Maestro,37373,17,Licenciatura,0.79,1.18,0.27,Bajo,0.69,0.24,0.93,0.1,0.27,0.52,0.57,0.02,0.78,0.36
Diseñador Gráfico,98519,27,Doctorado,0.81,0.88,0.32,Medio,0.18,0.96,0.07,0.35,0.5,0.49,0.0,0.5,0.38,0.97
Trabajador de Comercio,72578,15,Doctorado,0.35,0.92,0.8,Alto,0.67,0.22,0.22,0.73,0.5,0.42,0.17,0.19,0.01,0.09
Guardia de Seguridad,94280,18,Licenciatura,0.89,0.79,0.78,Alto,0.12,0.39,0.04,0.92,0.67,0.99,0.88,0.47,0.52,0.19
Abogado,43777,10,Bachillerato,0.9,0.55,0.65,Medio,0.34,0.9,0.94,0.67,0.66,0.45,0.84,0.96,0.78,0.62
Enfermero/a,81040,14,Maestría,0.85,1.04,0.25,Bajo,0.51,0.06,0.38,0.44,0.14,0.1,0.54,0.09,0.3,0.74
Chef,97313,6,Doctorado,0.72,1.49,0.58,Medio,0.29,0.67,0.7,0.37,0.02,0.7,0.02,0.63,0.16,0.57
Mecánico,59092,26,Licenciatura,0.01,0.86,0.54,Medio,0.85,0.89,0.48,0.73,0.32,0.34,0.19,0.56,0.31,0.08
Investigador UX,66613,23,Maestría,0.71,0.86,0.33,Medio,0.43,0.44,0.67,0.32,0.68,0.87,0.24,0.98,0.39,0.27
Científico Investigador,40292,25,Doctorado,0.09,0.63,0.15,Bajo,0.76,0.9,0.66,0.11,0.67,0.64,0.81,0.83,0.87,0.41
Enfermero/a,111335,0,Maestría,0.27,1.5,0.09,Bajo,0.01,0.15,0.78,0.45,0.45,0.96,0.92,0.31,0.21,0.85
Científico Investigador,86747,16,Maestría,0.54,1.13,0.11,Bajo,0.8,0.63,0.5,0.06,0.92,0.62,0.19,0.61,0.68,0.53
Chef,129318,20,Maestría,0.58,1.45,0.32,Medio,0.11,0.17,0.69,0.65,0.89,0.73,0.51,0.99,0.27,0.83
Enfermero/a,38789,29,Licenciatura,0.65,1.23,0.21,Bajo,0.14,0.44,0.56,0.85,0.44,0.92,0.44,0.55,0.8,0.58
Investigador UX,85823,16,Bachillerato,0.66,1.02,0.31,Medio,0.41,0.3,0.75,0.21,0.21,0.19,0.13,0.31,0.89,0.77
Ingeniero de IA,123286,17,Bachillerato,0.8,0.77,0.27,Bajo,0.14,0.34,0.59,0.1,0.73,0.39,0.78,0.49,0.18,0.73
Analista Financiero,63161,23,Licenciatura,0.49,0.58,0.55,Medio,0.67,0.38,0.95,0.87,0.71,0.71,0.25,0.66,0.2,0.14
Científico de Datos,103889,10,Licenciatura,0.62,0.93,0.42,Medio,0.6,0.05,0.09,0.03,0.5,0.6,0.06,0.72,0.23,0.69
Enfermero/a,135584,11,Doctorado,0.69,1.38,0.29,Bajo,0.49,0.7,0.85,0.36,0.26,0.95,0.73,0.22,0.45,0.8
Ingeniero de Software,50968,29,Bachillerato,0.65,1.25,0.55,Medio,0.54,0.75,0.73,0.63,0.36,0.41,0.97,0.11,0.27,0.49
Mecánico,137814,16,Maestría,0.28,0.57,0.58,Medio,0.24,0.39,0.44,0.89,0.41,0.15,0.52,0.96,0.61,0.98
Mecánico,83015,10,Bachillerato,0.04,1.16,0.41,Medio,0.56,0.28,0.35,0.92,0.21,0.87,0.03,0.09,0.85,0.63
Científico de Datos,86862,1,Licenciatura,0.21,1.04,0.59,Medio,0.63,0.47,0.96,0.68,0.91,0.73,0.74,0.08,0.36,0.86
Enfermero/a,115501,10,Maestría,0.93,0.51,0.07,Bajo,0.25,0.67,0.89,0.46,0.61,0.19,0.8,0.97,0.27,0.49
Mecánico,141768,0,Maestría,0.56,1.0,0.36,Medio,0.44,0.33,0.52,0.59,0.01,0.76,0.71,0.37,0.05,0.75
Conductor de Camión,53524,25,Doctorado,0.24,0.82,0.75,Alto,0.58,0.15,0.36,0.7,0.56,0.39,0.42,0.56,0.01,0.08
Médico,38419,16,Bachillerato,0.08,1.21,0.28,Bajo,0.27,0.37,0.57,0.88,0.94,0.74,0.09,0.67,0.41,0.47
Diseñador Gráfico,94800,4,Doctorado,0.19,1.29,0.48,Medio,0.3,0.38,0.85,0.75,0.27,0.12,0.25,0.92,0.58,0.53
Abogado,111976,22,Bachillerato,0.37,1.31,0.51,Medio,0.12,0.13,0.54,0.94,0.31,0.87,0.76,0.25,0.04,0.1
Obrero de Construcción,67909,8,Bachillerato,0.2,0.87,0.83,Alto,0.73,0.11,0.41,0.49,0.54,0.82,0.17,0.81,0.69,0.56
Ingeniero de IA,46934,6,Licenciatura,0.41,0.64,0.22,Bajo,0.52,0.64,0.34,0.91,0.59,0.09,0.45,0.76,0.79,0.49
Analista Financiero,41586,23,Licenciatura,0.27,0.91,0.66,Medio,0.9,0.69,0.86,0.09,0.86,0.32,0.18,0.24,0.42,0.25
Analista Financiero,77013,29,Maestría,0.13,0.8,0.53,Medio,0.44,0.35,0.75,0.89,0.76,0.33,0.74,0.15,0.13,0.35
Investigador UX,133693,3,Bachillerato,0.25,0.56,0.35,Medio,0.86,0.63,0.25,0.56,0.53,0.66,0.23,0.86,0.31,0.69
Científico Investigador,78825,21,Licenciatura,0.37,0.85,0.19,Bajo,0.07,0.79,0.22,0.68,0.8,0.56,0.74,0.66,0.36,0.81
Ingeniero de Software,131505,16,Licenciatura,0.57,1.25,0.45,Medio,0.3,0.46,0.82,0.93,0.55,0.66,0.9,0.1,0.23,0.71
Conductor de Camión,90107,9,Licenciatura,0.86,0.92,0.72,Alto,0.44,0.23,0.29,0.77,0.08,0.83,0.43,0.6,0.09,0.34
Especialista en RRHH,71916,28,Doctorado,0.96,1.31,0.48,Medio,0.22,0.93,0.34,0.16,0.56,0.94,0.0,0.24,0.94,0.17
Trabajador de Comercio,129794,8,Licenciatura,0.57,1.36,0.82,Alto,0.99,0.68,0.07,0.99,0.41,0.29,0.56,0.3,0.09,0.0
Científico Investigador,82186,8,Doctorado,0.18,1.42,0.17,Bajo,0.06,0.6,0.6,0.06,0.97,0.54,0.56,0.52,0.61,0.26
Chef,72531,15,Licenciatura,0.51,1.31,0.32,Medio,0.6,0.81,0.16,0.02,0.31,0.59,0.14,0.43,0.55,0.6
Obrero de Construcción,127596,19,Doctorado,0.87,1.44,0.9,Alto,0.85,0.55,0.83,0.3,0.4,0.32,0.47,0.29,0.96,0.31
Trabajador de Comercio,124826,16,Bachillerato,0.53,0.56,0.73,Alto,0.22,0.46,0.43,0.8,0.74,0.43,0.33,0.32,0.77,0.05
Maestro,48320,10,Bachillerato,0.8,0.98,0.08,Bajo,0.24,0.93,0.86,0.71,0.48,0.52,0.98,0.97,0.22,0.81
Analista Financiero,62449,9,Maestría,0.12,1.46,0.42,Medio,0.85,0.39,0.32,0.94,0.36,0.39,0.11,0.67,0.29,0.59
Guardia de Seguridad,84097,24,Maestría,0.72,1.25,0.83,Alto,0.33,0.84,0.31,0.51,0.4,0.86,0.43,0.39,0.69,0.6
Obrero de Construcción,64629,28,Maestría,0.63,0.78,0.93,Alto,0.63,0.07,0.91,0.96,0.08,0.53,0.3,0.39,0.18,0.58
Chef,38859,12,Bachillerato,0.5,0.58,0.55,Medio,0.34,0.86,0.43,0.19,0.19,0.77,0.27,0.77,0.21,0.32
Chef,40082,29,Maestría,0.94,1.43,0.38,Medio,0.36,0.15,0.51,0.46,0.9,0.93,0.38,0.49,0.9,0.81
Investigador UX,136153,25,Maestría,0.32,0.92,0.39,Medio,0.2,0.04,0.64,0.26,0.05,0.23,0.8,0.85,0.48,0.42
Obrero de Construcción,70612,10,Maestría,0.93,1.15,0.79,Alto,0.76,0.67,0.53,0.1,0.81,0.87,0.17,0.85,0.88,0.55
Ingeniero de Software,118444,8,Maestría,0.38,0.78,0.59,Medio,0.86,0.65,0.51,0.16,0.05,0.45,0.05,0.57,0.38,0.76
Científico Investigador,94204,25,Licenciatura,0.59,1.04,0.05,Bajo,0.07,0.29,0.88,0.15,0.71,0.97,0.79,0.24,0.91,0.09
Médico,39852,11,Bachillerato,0.89,1.14,0.15,Bajo,0.29,0.38,0.51,0.32,0.97,0.93,0.87,0.42,0.69,0.9
Enfermero/a,144476,29,Bachillerato,0.41,0.61,0.07,Bajo,0.58,0.64,0.85,0.29,0.17,0.38,0.35,0.13,0.67,0.51
Ingeniero de Software,128336,7,Bachillerato,0.35,0.83,0.49,Medio,0.88,0.04,0.8,0.37,0.85,0.8,0.35,0.69,0.16,0.9
Especialista en RRHH,77598,8,Licenciatura,0.46,1.21,0.63,Medio,0.24,0.66,0.39,0.37,0.69,0.39,0.35,0.84,0.1,0.68
Científico Investigador,60628,2,Bachillerato,0.02,0.67,0.2,Bajo,0.71,0.02,0.04,0.9,0.07,0.89,0.23,0.74,0.31,0.86
Científico de Datos,96188,7,Bachillerato,0.4,0.58,0.59,Medio,0.62,0.0,0.01,0.81,0.26,0.64,0.45,0.86,0.92,1.0
Gerente de Marketing,42516,19,Bachillerato,0.27,1.09,0.5,Medio,0.02,0.93,0.08,0.69,0.79,0.8,0.14,0.45,0.83,0.3
Ingeniero de IA,54722,22,Bachillerato,0.27,0.96,0.27,Bajo,0.46,0.56,0.4,0.46,0.02,0.28,0.44,0.63,0.45,0.34
Abogado,58743,1,Doctorado,0.24,1.42,0.51,Medio,0.01,0.02,0.97,0.22,0.81,0.06,0.92,0.87,0.57,0.01
Médico,31695,19,Doctorado,0.43,0.98,0.21,Bajo,0.02,0.65,0.62,0.31,0.09,0.09,0.92,0.69,0.13,0.36
Soporte al Cliente,93294,4,Doctorado,0.84,0.54,0.76,Alto,0.89,0.01,0.2,0.96,0.61,0.26,0.07,0.03,0.24,0.88
Científico Investigador,116310,27,Bachillerato,0.72,1.42,0.15,Bajo,0.19,0.52,0.91,0.8,0.07,0.69,0.57,0.91,0.12,0.53
Enfermero/a,60615,18,Maestría,0.41,0.98,0.07,Bajo,0.28,0.32,0.95,0.28,0.46,0.67,0.16,0.49,0.74,0.87
Científico de Datos,64568,6,Bachillerato,0.74,1.27,0.56,Medio,0.47,0.57,0.05,0.62,0.63,0.89,0.51,0.08,0.31,0.66
Científico Investigador,34507,20,Licenciatura,0.89,0.77,0.26,Bajo,0.52,0.46,0.31,0.58,0.73,0.41,0.63,0.7,0.71,0.05
Enfermero/a,58343,26,Doctorado,0.46,0.76,0.11,Bajo,0.48,0.89,0.38,0.75,0.1,0.48,0.99,0.77,0.21,0.5
Científico Investigador,84544,3,Bachillerato,0.41,1.28,0.24,Bajo,0.23,0.92,0.59,0.38,0.5,0.61,0.56,0.49,0.5,0.18
Enfermero/a,112790,2,Maestría,0.54,0.63,0.24,Bajo,0.93,0.95,0.37,0.14,0.52,0.11,0.93,0.18,0.25,0.41
Chef,99918,19,Licenciatura,0.79,0.96,0.37,Medio,0.27,0.51,0.15,0.61,0.57,0.71,0.94,0.91,0.95,0.24
Soporte al Cliente,47290,27,Bachillerato,0.3,1.4,0.94,Alto,0.86,0.11,0.95,0.42,0.01,0.44,0.05,0.54,0.34,0.47
Chef,78002,21,Licenciatura,0.87,1.16,0.47,Medio,0.82,0.91,0.12,0.53,0.28,0.05,0.67,0.86,0.16,0.81
Investigador UX,39372,24,Licenciatura,0.91,0.77,0.66,Medio,0.32,0.55,0.05,0.04,0.72,0.44,0.26,0.19,0.67,0.0
Médico,87911,21,Licenciatura,0.08,0.55,0.16,Bajo,0.45,0.9,0.13,0.12,0.15,0.03,0.07,0.66,0.43,0.76
Maestro,87920,14,Licenciatura,0.66,0.55,0.08,Bajo,0.88,0.53,0.82,0.86,0.93,0.95,0.55,0.34,0.96,0.55
Médico,86768,24,Doctorado,0.64,1.09,0.27,Bajo,0.65,0.35,0.97,0.8,0.63,0.29,0.37,0.67,0.07,0.26
Guardia de Seguridad,43866,24,Maestría,0.48,0.9,0.74,Alto,0.44,0.77,0.26,0.01,0.67,0.97,0.61,0.12,0.32,0.87
Guardia de Seguridad,133627,16,Licenciatura,0.61,0.9,0.75,Alto,0.81,0.74,0.66,0.24,0.1,0.58,0.55,0.19,0.06,0.08
Guardia de Seguridad,45700,9,Maestría,0.78,1.42,0.75,Alto,0.96,0.14,0.51,0.83,0.35,0.42,0.13,0.12,0.62,0.68
Científico Investigador,112799,18,Doctorado,0.56,1.15,0.05,Bajo,0.16,0.98,0.08,0.68,0.18,0.72,0.71,0.23,0.27,0.65
Ingeniero de Software,74458,4,Doctorado,0.19,1.23,0.36,Medio,0.86,0.51,0.11,0.69,0.52,0.3,0.42,0.3,0.26,0.16
Enfermero/a,50125,19,Doctorado,0.25,1.18,0.22,Bajo,0.5,0.78,0.84,0.58,0.62,0.28,0.89,0.02,0.35,0.72
Mecánico,78926,28,Bachillerato,0.18,1.09,0.52,Medio,0.74,0.81,0.13,0.02,0.69,0.3,0.63,0.15,0.47,0.5
Diseñador Gráfico,138778,3,Maestría,0.51,1.0,0.43,Medio,0.07,0.09,0.43,0.36,0.52,0.3,0.69,0.86,0.3,0.19
Trabajador de Comercio,30671,9,Bachillerato,0.62,0.94,0.75,Alto,0.65,0.15,0.55,0.53,0.73,0.06,0.89,0.7,0.22,0.18
Especialista en RRHH,114153,26,Maestría,0.02,1.4,0.38,Medio,0.23,0.28,0.13,0.64,0.08,0.13,0.64,0.34,0.71,0.56
Chef,69574,3,Doctorado,0.65,0.62,0.51,Medio,0.44,0.27,0.6,0.87,1.0,0.61,0.4,0.23,0.26,0.48
Especialista en RRHH,144616,26,Licenciatura,0.37,0.87,0.45,Medio,0.84,0.65,0.61,0.33,0.82,0.04,0.87,0.51,0.4,0.5
Obrero de Construcción,144313,23,Doctorado,0.01,1.37,0.81,Alto,0.34,0.14,0.44,0.5,0.4,0.68,0.42,0.96,0.6,0.81
Ingeniero de IA,79047,21,Doctorado,0.69,0.67,0.12,Bajo,0.21,0.6,0.5,0.87,0.95,0.4,0.51,0.97,0.28,0.79
Trabajador de Comercio,116649,25,Bachillerato,0.68,0.75,0.92,Alto,0.56,0.19,0.22,0.49,0.96,0.77,0.49,0.34,0.55,0.75
Especialista en RRHH,131192,2,Doctorado,0.32,1.22,0.56,Medio,0.96,0.93,0.79,0.72,0.27,0.85,0.43,0.27,0.38,0.84
Especialista en RRHH,84165,10,Doctorado,0.46,0.99,0.31,Medio,0.2,0.83,0.83,0.29,0.87,0.77,0.42,0.75,0.96,0.46
Analista Financiero,132488,5,Licenciatura,0.94,1.1,0.34,Medio,0.57,0.5,0.86,0.53,0.26,0.68,0.54,0.23,0.57,0.82
Conductor de Camión,57757,2,Bachillerato,0.63,0.85,0.77,Alto,0.39,0.34,0.83,0.27,0.73,0.09,0.95,0.62,0.71,0.3
Gerente de Marketing,106095,29,Doctorado,0.22,1.43,0.5,Medio,0.63,0.73,0.37,0.72,0.68,0.71,0.49,0.38,0.22,0.82
Enfermero/a,84304,0,Licenciatura,0.44,1.44,0.06,Bajo,0.85,1.0,0.89,0.81,0.37,0.23,0.73,0.3,0.18,0.79
Enfermero/a,86414,0,Doctorado,0.91,1.34,0.26,Bajo,0.77,0.88,0.81,0.6,0.3,0.89,0.84,0.47,0.04,0.64
Científico de Datos,47040,4,Licenciatura,0.97,0.94,0.64,Medio,0.57,0.16,0.69,0.51,0.65,0.89,0.44,0.9,0.75,0.49
Científico de Datos,80192,23,Licenciatura,0.33,1.48,0.57,Medio,0.04,0.33,0.62,0.06,0.02,0.45,0.33,0.44,0.26,0.16
Analista Financiero,141359,16,Maestría,0.51,0.7,0.43,Medio,0.59,0.07,0.15,0.07,0.81,0.75,0.75,0.72,0.67,0.48
Obrero de Construcción,52394,29,Maestría,0.04,1.12,0.89,Alto,0.5,0.36,0.28,0.64,0.69,0.87,0.34,0.77,0.56,0.88
Trabajador de Comercio,75482,17,Doctorado,0.52,1.08,0.89,Alto,0.96,0.07,0.05,0.94,0.53,0.61,0.48,0.09,0.77,0.75
Conductor de Camión,147232,27,Bachillerato,0.31,1.34,0.72,Alto,0.88,0.26,0.59,0.94,0.68,0.41,0.69,0.34,0.28,1.0
Investigador UX,147220,13,Doctorado,0.64,0.86,0.32,Medio,0.03,0.55,0.76,0.54,0.84,0.03,0.37,0.24,0.45,0.07
Chef,107078,26,Licenciatura,0.7,0.64,0.56,Medio,0.05,0.41,0.18,0.11,0.57,0.93,0.05,0.42,0.71,0.46
Chef,63979,7,Licenciatura,0.18,1.46,0.45,Medio,0.34,0.87,0.56,0.52,0.73,0.58,0.16,0.67,0.13,0.81
Obrero de Construcción,120290,17,Bachillerato,0.6,0.67,0.89,Alto,0.3,0.66,0.16,0.69,0.13,0.43,0.25,0.75,0.26,0.88
Científico Investigador,51573,17,Doctorado,0.2,1.11,0.07,Bajo,0.39,0.71,0.66,0.62,0.28,0.38,0.1,0.72,0.5,0.71
Maestro,79984,28,Bachillerato,0.32,0.83,0.06,Bajo,0.34,0.8,0.9,0.52,0.46,0.03,0.88,0.01,0.94,0.49
Diseñador Gráfico,96770,13,Licenciatura,0.92,0.52,0.53,Medio,0.55,0.22,0.43,0.65,0.73,0.0,0.94,0.16,0.23,0.26
Mecánico,68031,23,Doctorado,0.45,1.17,0.43,Medio,0.38,0.99,0.25,0.51,0.84,0.24,0.42,0.62,0.48,0.46
Guardia de Seguridad,124238,4,Doctorado,0.59,1.12,0.86,Alto,0.07,0.63,0.95,0.54,0.72,0.56,0.85,0.93,0.18,0.44
Científico de Datos,105587,24,Doctorado,0.41,0.63,0.63,Medio,0.04,0.53,0.66,0.21,0.91,0.84,0.47,0.41,0.24,0.73
Ingeniero de IA,34023,14,Bachillerato,0.84,0.73,0.27,Bajo,0.03,0.91,0.12,0.65,0.25,0.84,0.51,0.14,0.57,0.41
Mecánico,72215,8,Doctorado,0.88,0.91,0.42,Medio,0.01,0.57,0.4,0.37,0.18,0.43,0.98,0.3,0.6,0.78
Gerente de Marketing,82870,8,Maestría,0.33,1.11,0.65,Medio,0.02,0.44,0.22,0.39,0.42,0.75,0.09,0.51,0.56,0.49
Gerente de Marketing,32978,15,Maestría,0.38,1.44,0.49,Medio,0.57,0.83,0.28,0.08,0.71,0.48,0.9,0.98,0.4,0.42
Gerente de Marketing,45522,9,Maestría,0.32,1.28,0.6,Medio,0.48,0.04,0.31,0.29,0.81,0.09,0.81,0.67,0.73,0.43
Ingeniero de Software,63414,0,Bachillerato,0.61,1.27,0.48,Medio,0.47,0.64,0.11,0.44,0.97,0.04,0.32,0.31,0.63,0.11
Científico Investigador,47140,14,Licenciatura,0.1,0.59,0.23,Bajo,0.32,0.98,0.04,0.45,0.11,0.35,1.0,0.89,0.05,0.56
Científico Investigador,140261,8,Bachillerato,0.21,0.65,0.28,Bajo,0.97,0.99,0.79,0.66,0.35,0.17,0.08,0.69,0.78,0.83
Médico,62975,1,Maestría,0.88,1.5,0.11,Bajo,0.76,0.59,0.26,0.98,0.9,0.13,0.03,0.69,0.6,0.94
Ingeniero de IA,146004,26,Doctorado,0.08,0.76,0.05,Bajo,0.04,0.91,0.35,0.41,0.02,0.27,0.8,0.62,0.75,0.45
Diseñador Gráfico,57167,19,Bachillerato,0.48,0.82,0.64,Medio,0.3,0.66,0.14,0.69,0.91,0.61,0.56,0.96,0.63,0.26
Chef,39046,24,Bachillerato,0.71,1.24,0.42,Medio,0.35,0.99,0.1,0.4,0.06,0.82,0.09,0.67,0.06,0.67
Médico,113184,12,Bachillerato,0.4,1.02,0.15,Bajo,0.3,0.8,0.27,0.72,0.21,0.25,0.34,0.59,0.45,0.75
Científico de Datos,52689,4,Bachillerato,0.01,1.28,0.63,Medio,0.06,0.61,0.38,0.79,0.87,0.85,0.78,0.27,0.81,0.53
Conductor de Camión,125494,16,Maestría,0.46,1.44,0.92,Alto,0.1,0.74,0.81,0.27,0.47,0.71,0.44,0.11,0.71,0.91
Médico,111214,12,Licenciatura,0.77,0.86,0.1,Bajo,0.64,0.33,0.86,0.12,0.43,0.4,0.94,0.15,0.01,0.24
Obrero de Construcción,139071,16,Doctorado,0.21,0.74,0.73,Alto,0.72,0.07,0.33,0.28,0.56,0.73,0.53,0.93,0.95,0.36
Científico de Datos,34027,8,Licenciatura,0.74,1.39,0.48,Medio,0.53,0.42,0.85,0.23,0.24,0.37,0.23,0.56,0.13,0.32
Especialista en RRHH,129074,19,Licenciatura,0.41,1.25,0.35,Medio,0.25,0.81,0.76,0.39,0.95,0.91,0.96,0.43,0.2,0.63
Científico de Datos,114785,13,Bachillerato,0.13,1.29,0.31,Medio,0.48,0.33,0.74,0.31,0.83,0.59,0.79,0.99,0.68,0.98
Obrero de Construcción,149107,24,Maestría,0.34,0.61,0.77,Alto,0.84,0.03,0.52,0.57,0.56,0.48,0.79,0.13,0.31,0.62
Mecánico,42380,21,Doctorado,0.4,1.38,0.47,Medio,0.4,0.04,0.55,0.71,0.11,0.31,0.78,0.37,0.24,0.67
Médico,81331,7,Bachillerato,0.9,0.61,0.23,Bajo,0.5,0.87,0.13,0.68,0.57,0.48,0.49,0.72,0.94,0.09
Maestro,38245,22,Maestría,0.81,0.61,0.3,Bajo,0.62,0.65,0.2,0.24,0.66,0.91,0.98,0.2,0.13,0.06
Investigador UX,76766,22,Doctorado,0.29,0.5,0.39,Medio,0.34,0.99,0.52,0.2,0.33,0.33,0.02,0.14,0.7,0.12
Chef,121865,16,Doctorado,0.35,1.26,0.53,Medio,0.69,0.57,0.68,0.0,0.93,0.11,0.41,0.77,0.44,0.95
Maestro,133457,6,Doctorado,0.16,0.67,0.24,Bajo,0.02,0.56,0.38,0.51,0.56,0.31,0.3,0.73,0.87,0.19
Conductor de Camión,131126,12,Licenciatura,0.9,0.85,0.84,Alto,0.36,0.13,0.59,0.53,0.2,0.45,0.8,0.59,0.1,0.55
Obrero de Construcción,73066,29,Maestría,0.79,1.13,0.74,Alto,0.71,0.68,0.02,0.41,0.33,0.67,0.22,0.59,0.91,0.8
Médico,72875,27,Maestría,0.98,0.51,0.21,Bajo,0.41,0.86,0.25,0.98,0.61,0.79,0.09,0.18,0.76,0.02
Guardia de Seguridad,90011,18,Bachillerato,0.01,1.16,0.79,Alto,0.61,0.7,0.34,0.11,0.07,0.59,0.52,0.74,0.51,0.42
Ingeniero de Software,98232,12,Doctorado,0.03,0.84,0.69,Medio,0.87,0.33,0.59,0.85,0.44,0.02,0.07,0.51,0.97,0.69
Chef,132491,23,Maestría,0.19,1.27,0.64,Medio,0.62,0.64,0.03,0.83,0.79,0.26,0.71,0.21,0.04,0.2
Científico de Datos,70741,18,Bachillerato,0.34,0.92,0.5,Medio,0.48,0.27,0.03,0.61,0.4,0.3,0.87,0.75,0.86,0.49
Conductor de Camión,76566,24,Bachillerato,0.7,0.71,0.81,Alto,0.07,0.83,0.13,0.9,0.86,0.46,0.74,0.62,0.8,0.43
Ingeniero de IA,78817,28,Bachillerato,0.46,1.44,0.17,Bajo,0.46,0.79,0.82,0.55,0.18,0.47,0.97,0.75,0.81,0.03
Ingeniero de Software,137334,1,Maestría,0.65,1.33,0.32,Medio,0.85,0.55,0.2,0.32,0.28,0.53,0.05,0.16,0.81,0.13
Analista Financiero,30591,5,Maestría,0.63,1.2,0.56,Medio,0.97,0.86,0.45,0.06,0.48,0.69,0.61,0.54,0.47,0.29
Trabajador de Comercio,42938,26,Licenciatura,0.5,0.66,0.79,Alto,0.32,0.59,0.07,0.83,0.56,0.67,0.7,0.29,0.47,0.96
Obrero de Construcción,82076,5,Maestría,0.97,1.25,0.74,Alto,0.06,0.58,0.36,0.28,0.81,0.37,0.32,0.85,0.85,0.36
Enfermero/a,71628,19,Doctorado,0.85,0.92,0.07,Bajo,0.0,0.52,0.34,1.0,0.77,0.76,0.96,0.89,0.32,0.17
Conductor de Camión,82136,2,Maestría,0.38,0.97,0.86,Alto,0.91,0.42,0.78,0.27,0.7,0.0,0.87,0.03,0.71,0.05
Gerente de Marketing,74440,7,Doctorado,0.5,0.92,0.38,Medio,0.33,0.73,0.67,0.07,0.75,0.05,0.54,0.26,0.59,0.26
Médico,43453,7,Doctorado,0.31,0.74,0.12,Bajo,0.9,0.64,0.73,0.92,0.91,0.74,0.2,0.84,0.2,0.74
Chef,140252,7,Maestría,0.27,1.3,0.7,Medio,0.25,0.44,0.52,0.29,0.02,0.22,0.28,0.44,0.17,0.87
Analista Financiero,99212,29,Bachillerato,0.09,1.15,0.56,Medio,0.96,0.0,0.25,0.93,0.93,0.72,0.77,0.09,0.51,0.23
Diseñador Gráfico,50043,3,Maestría,0.81,0.64,0.49,Medio,0.94,0.19,0.98,0.99,0.56,0.17,0.32,0.42,0.31,0.28
Analista Financiero,33017,21,Maestría,0.15,1.23,0.3,Bajo,0.6,0.92,0.29,0.19,0.65,0.71,0.69,0.32,0.25,0.96
Maestro,118913,2,Maestría,0.46,1.35,0.16,Bajo,0.42,0.16,0.43,0.54,0.02,0.44,0.78,0.68,0.64,0.91
Soporte al Cliente,144420,2,Maestría,0.56,1.29,0.84,Alto,0.32,0.14,0.89,0.47,0.88,0.59,0.67,0.8,0.66,0.4
Soporte al Cliente,126805,15,Licenciatura,0.8,0.87,0.8,Alto,0.1,0.91,0.09,0.65,0.41,0.41,0.68,0.07,0.59,0.77
Chef,144780,8,Licenciatura,0.17,1.4,0.56,Medio,0.88,0.49,0.54,0.92,0.9,0.45,0.27,0.39,0.39,0.29
Chef,137009,13,Licenciatura,0.86,0.57,0.57,Medio,0.17,0.34,0.06,0.27,0.77,0.89,0.22,0.46,0.47,0.87
Ingeniero de IA,82328,8,Licenciatura,0.51,1.17,0.26,Bajo,0.01,0.4,0.91,0.74,0.54,0.53,0.35,0.52,0.66,0.42
Ingeniero de Software,78542,25,Maestría,0.86,0.65,0.48,Medio,0.41,0.69,0.25,0.64,0.88,0.42,0.91,0.99,0.11,0.23
Investigador UX,35703,5,Doctorado,0.96,0.6,0.31,Medio,0.16,1.0,0.18,0.5,0.85,0.02,0.6,0.28,0.86,0.28
Científico de Datos,110146,21,Doctorado,0.67,0.72,0.31,Medio,0.41,0.29,0.81,0.8,0.46,0.61,0.6,0.83,0.43,0.28
Ingeniero de Software,117052,8,Doctorado,0.54,0.95,0.48,Medio,0.09,0.72,0.21,0.2,0.41,0.23,0.58,0.37,0.45,0.54
Maestro,89254,25,Doctorado,0.16,1.38,0.16,Bajo,0.41,0.04,0.5,0.55,0.56,0.71,0.18,0.25,0.81,0.95
Mecánico,62009,14,Doctorado,0.5,0.71,0.32,Medio,0.33,0.14,0.71,0.53,0.14,0.01,0.81,0.18,0.61,0.34
Especialista en RRHH,56651,18,Licenciatura,0.32,0.59,0.39,Medio,0.19,0.43,0.66,0.26,0.01,0.52,0.61,0.96,0.59,0.47
Diseñador Gráfico,59410,16,Doctorado,0.93,1.33,0.43,Medio,0.24,0.26,0.5,0.74,0.5,0.07,0.72,0.81,0.29,0.66
Enfermero/a,103844,2,Maestría,0.89,1.35,0.18,Bajo,0.69,0.88,0.5,0.31,0.75,0.22,0.39,0.87,0.72,0.4
Trabajador de Comercio,128035,23,Maestría,0.36,0.78,0.74,Alto,0.74,0.25,0.45,0.39,0.98,0.39,0.08,0.09,0.59,0.6
Conductor de Camión,147270,13,Licenciatura,0.43,0.55,0.83,Alto,0.5,0.15,0.1,0.12,0.1,0.61,0.2,0.25,0.17,0.96
Enfermero/a,43769,2,Licenciatura,0.23,0.83,0.1,Bajo,0.49,0.02,0.67,0.52,0.9,0.16,0.8,0.79,0.13,0.4
Analista Financiero,103616,14,Licenciatura,0.25,0.76,0.52,Medio,0.41,0.95,0.13,0.97,0.23,0.77,0.34,0.14,0.86,0.31
Obrero de Construcción,79004,28,Maestría,0.57,0.97,0.82,Alto,0.73,0.09,0.67,0.9,0.06,0.14,0.72,0.44,0.4,0.14
Diseñador Gráfico,140190,17,Maestría,0.13,0.98,0.61,Medio,0.26,0.48,0.99,0.69,0.84,0.41,0.77,0.04,0.12,0.2
Conductor de Camión,51071,6,Doctorado,0.85,0.85,0.86,Alto,0.71,0.59,0.36,0.58,0.34,0.08,0.99,0.13,0.07,0.88
Gerente de Marketing,97913,15,Bachillerato,0.65,0.83,0.46,Medio,0.26,0.34,0.41,0.72,0.51,0.94,0.04,0.5,0.58,0.92
Abogado,138336,8,Licenciatura,0.57,1.35,0.4,Medio,0.88,0.02,0.73,0.93,0.66,0.44,0.04,0.92,0.47,0.03
Médico,37432,23,Bachillerato,0.48,0.62,0.1,Bajo,0.06,0.57,0.62,0.51,0.82,0.86,0.62,0.01,0.7,0.42
Abogado,54578,27,Bachillerato,0.65,0.85,0.67,Medio,0.13,0.67,0.0,0.92,0.11,0.09,0.33,0.37,0.21,0.59
Analista Financiero,83609,24,Bachillerato,0.03,0.82,0.62,Medio,0.69,0.72,0.7,0.31,0.1,0.27,0.83,0.98,0.49,0.01
Ingeniero de Software,51182,8,Bachillerato,0.05,1.44,0.51,Medio,0.33,0.16,0.34,0.02,0.36,0.53,0.87,0.69,0.11,0.15
Investigador UX,127841,1,Doctorado,0.2,0.53,0.62,Medio,0.02,0.83,0.14,0.97,0.6,0.73,0.11,0.86,0.84,0.65
Científico Investigador,101160,5,Bachillerato,0.72,0.51,0.2,Bajo,0.85,0.36,0.11,0.42,0.73,0.11,0.21,0.15,0.8,0.06
Gerente de Marketing,38711,7,Licenciatura,0.37,1.26,0.69,Medio,0.11,0.31,0.81,0.27,0.22,0.83,0.99,0.56,0.28,0.4
Diseñador Gráfico,138886,23,Maestría,0.76,1.27,0.65,Medio,0.03,0.56,0.21,0.34,0.78,0.19,0.64,0.65,0.95,0.78
Científico Investigador,97696,20,Bachillerato,0.53,0.69,0.16,Bajo,0.55,0.68,0.61,0.39,0.27,0.17,0.69,0.65,0.69,0.37
Conductor de Camión,105948,10,Bachillerato,0.76,1.27,0.81,Alto,0.61,0.37,0.7,0.84,0.69,0.51,0.46,0.64,0.68,0.56
Abogado,44235,15,Doctorado,0.1,1.45,0.62,Medio,0.37,0.56,0.05,0.04,0.25,0.69,0.85,0.56,0.53,0.4
Conductor de Camión,61688,26,Bachillerato,0.12,1.26,0.93,Alto,0.46,0.66,0.91,0.09,0.77,0.62,0.6,0.29,0.68,0.79
Guardia de Seguridad,47883,22,Bachillerato,0.53,0.6,0.92,Alto,0.51,0.81,0.37,0.13,0.04,0.28,0.24,0.56,0.02,0.52
Soporte al Cliente,105569,15,Doctorado,0.58,1.2,0.86,Alto,0.98,0.14,0.43,0.42,0.42,0.66,0.49,0.52,0.43,0.99
Ingeniero de Software,73271,9,Licenciatura,0.31,0.61,0.64,Medio,1.0,0.29,0.36,0.94,0.71,0.3,0.58,0.94,0.81,0.74
Maestro,147327,15,Licenciatura,0.18,1.32,0.12,Bajo,0.93,0.36,0.86,0.27,0.51,0.11,0.66,0.84,0.72,0.52
Guardia de Seguridad,76798,0,Maestría,0.2,0.84,0.82,Alto,0.33,0.75,0.33,0.14,0.4,0.98,0.23,0.61,0.43,0.07
Médico,127077,9,Maestría,0.7,1.01,0.27,Bajo,0.29,0.09,0.94,0.38,0.58,0.79,0.32,0.72,0.14,0.29
Obrero de Construcción,145088,12,Maestría,0.81,0.72,0.88,Alto,0.94,0.53,0.54,0.46,0.33,0.48,0.6,0.99,0.94,0.86
Científico de Datos,33841,28,Bachillerato,0.47,1.16,0.66,Medio,0.39,0.96,0.42,0.6,0.71,0.95,0.24,0.75,0.52,0.27
Científico de Datos,141789,27,Licenciatura,0.55,1.16,0.43,Medio,0.48,0.62,0.4,0.2,0.96,0.51,0.73,0.41,0.36,0.41
Maestro,102828,1,Licenciatura,0.54,1.04,0.17,Bajo,0.13,0.5,0.17,0.13,0.93,0.6,0.66,0.4,0.91,0.64
Investigador UX,50754,13,Bachillerato,0.37,1.46,0.63,Medio,0.85,0.17,0.27,0.29,0.27,0.86,0.03,0.08,0.27,0.2
Obrero de Construcción,105481,14,Bachillerato,0.8,1.06,0.7,Medio,0.43,0.41,0.11,0.68,0.7,0.72,0.73,0.0,0.95,0.81
Investigador UX,118110,3,Maestría,0.02,1.43,0.62,Medio,0.84,0.09,0.74,0.96,0.68,0.57,0.95,0.44,0.6,0.48
Mecánico,96178,16,Bachillerato,0.08,1.0,0.57,Medio,0.79,0.58,0.91,0.94,0.06,0.4,0.02,0.33,0.54,0.91
Especialista en RRHH,146903,21,Doctorado,0.13,0.59,0.54,Medio,0.53,0.27,0.9,0.93,0.4,0.89,0.38,0.74,0.48,0.12
Chef,101835,22,Maestría,0.45,1.23,0.45,Medio,0.02,0.1,0.5,0.69,0.33,0.7,0.7,0.7,0.49,0.91
Investigador UX,144300,13,Doctorado,0.27,1.03,0.63,Medio,0.4,0.72,0.88,0.22,0.81,0.76,0.36,0.99,0.26,0.25
Médico,80908,14,Bachillerato,0.43,0.83,0.09,Bajo,0.77,0.79,0.57,0.96,0.32,0.22,0.68,0.76,0.22,0.08
Especialista en RRHH,30567,8,Licenciatura,0.98,1.14,0.41,Medio,1.0,0.89,0.51,0.83,0.82,0.93,0.84,0.64,0.61,0.47
Conductor de Camión,119342,3,Bachillerato,0.8,1.47,0.82,Alto,0.57,0.44,0.67,0.63,0.02,0.54,0.09,0.03,0.79,0.26
Soporte al Cliente,106762,7,Licenciatura,0.06,0.68,0.89,Alto,0.49,0.88,0.4,0.27,0.35,0.71,0.56,0.9,0.6,0.49
Gerente de Marketing,101486,16,Doctorado,0.95,0.86,0.4,Medio,0.62,0.5,0.99,0.46,0.07,0.98,0.84,0.18,0.9,0.34
Mecánico,56926,15,Maestría,0.91,1.03,0.36,Medio,0.37,0.72,0.17,0.59,0.7,0.34,0.69,0.88,0.47,0.38
Científico Investigador,64986,26,Doctorado,0.75,1.36,0.21,Bajo,0.86,0.11,0.35,0.88,0.2,0.08,0.79,0.84,0.16,0.85
Analista Financiero,30944,9,Bachillerato,0.52,1.33,0.47,Medio,0.19,0.28,0.51,0.53,0.81,0.79,0.58,0.78,0.19,0.05
Especialista en RRHH,60540,11,Maestría,0.08,0.75,0.58,Medio,0.41,0.88,0.3,0.01,0.3,0.58,0.38,0.53,0.88,0.91
Científico de Datos,87410,12,Licenciatura,0.46,1.05,0.68,Medio,1.0,0.24,0.73,0.38,0.01,0.01,0.46,0.49,0.02,0.69
Científico de Datos,148362,2,Maestría,0.56,0.8,0.37,Medio,0.41,0.23,0.53,0.2,0.51,0.16,0.67,0.75,0.11,0.47
Ingeniero de Software,72460,12,Maestría,0.6,0.76,0.51,Medio,0.52,0.92,0.55,0.58,0.4,0.95,0.78,0.29,0.84,0.43
Chef,130257,4,Maestría,0.82,0.69,0.58,Medio,0.29,0.3,0.3,0.73,0.23,0.0,0.72,0.17,0.1,0.24
Conductor de Camión,106054,29,Bachillerato,0.48,0.54,0.94,Alto,0.72,0.32,0.32,0.45,0.63,0.15,0.19,0.86,0.26,0.38
Maestro,139588,26,Doctorado,0.66,0.84,0.22,Bajo,0.02,0.74,0.49,0.81,0.95,0.93,0.91,0.51,0.36,0.47
Especialista en RRHH,97143,15,Licenciatura,0.88,0.71,0.67,Medio,0.82,0.98,0.88,0.28,0.11,0.11,0.29,0.61,0.8,0.9
Mecánico,49798,14,Doctorado,0.01,0.69,0.34,Medio,0.36,0.5,0.04,0.35,0.18,0.65,0.46,0.5,0.43,0.96
Médico,87748,7,Doctorado,0.52,1.24,0.19,Bajo,0.93,0.38,0.46,0.09,0.61,0.29,0.16,0.54,0.53,0.08
Trabajador de Comercio,46254,16,Bachillerato,0.62,0.69,0.82,Alto,0.72,0.53,0.4,0.32,0.61,0.94,0.67,0.07,0.46,0.89
Chef,75211,1,Licenciatura,0.99,1.45,0.33,Medio,0.93,0.36,0.84,0.42,0.44,0.63,0.77,0.03,0.59,0.19
Especialista en RRHH,39695,6,Doctorado,0.35,0.97,0.43,Medio,0.11,0.15,0.03,0.47,0.95,0.12,0.95,0.73,0.64,0.65
Mecánico,57740,0,Licenciatura,0.11,1.0,0.58,Medio,0.59,0.83,0.07,0.69,0.53,0.38,0.34,0.62,0.89,0.5
Guardia de Seguridad,99306,14,Licenciatura,0.4,0.6,0.72,Alto,0.05,0.38,0.34,0.72,0.74,0.05,0.22,0.27,0.55,0.14
Investigador UX,54524,17,Bachillerato,0.42,0.57,0.5,Medio,0.46,0.77,0.66,0.45,0.22,0.73,0.71,0.15,0.91,0.06
Investigador UX,92345,23,Licenciatura,0.19,1.41,0.51,Medio,0.79,0.23,0.49,0.36,0.83,0.02,0.24,0.15,0.86,0.47
Maestro,93220,27,Maestría,0.45,1.47,0.26,Bajo,0.71,0.29,0.17,0.92,0.42,0.28,0.47,0.92,0.39,0.56
Abogado,108610,13,Maestría,0.43,0.73,0.7,Medio,0.96,0.84,0.69,0.29,0.91,0.28,0.8,0.92,0.6,0.8
Analista Financiero,64722,23,Licenciatura,0.19,1.17,0.34,Medio,0.51,0.16,0.42,0.83,0.99,0.32,0.53,0.51,0.95,0.48
Guardia de Seguridad,70910,20,Doctorado,0.92,0.87,0.93,Alto,0.92,0.93,0.27,0.4,0.87,0.36,0.6,0.12,0.06,0.41
Ingeniero de IA,138347,21,Licenciatura,0.78,0.96,0.22,Bajo,0.39,0.16,0.4,0.58,0.95,0.07,0.51,0.33,0.51,0.02
Gerente de Marketing,58152,13,Maestría,0.82,1.05,0.48,Medio,0.29,0.3,0.38,0.84,0.97,0.44,0.39,0.85,0.43,0.55
Abogado,95063,3,Doctorado,0.74,1.03,0.62,Medio,0.78,0.22,0.72,0.8,0.35,0.17,0.0,0.45,0.35,0.55
Trabajador de Comercio,125761,21,Doctorado,0.86,0.76,0.76,Alto,0.48,0.5,0.22,0.27,0.17,0.72,0.77,0.46,0.71,0.74
Diseñador Gráfico,31645,4,Bachillerato,0.97,1.32,0.38,Medio,0.19,0.13,0.14,0.75,0.47,0.78,0.75,0.6,0.69,0.02
Soporte al Cliente,73262,2,Doctorado,0.64,0.51,0.71,Alto,0.85,0.68,0.27,0.69,0.79,0.31,0.04,0.93,0.35,0.11
Trabajador de Comercio,51730,25,Bachillerato,0.77,0.72,0.77,Alto,0.24,0.99,0.2,0.58,0.93,0.15,0.97,0.95,0.88,0.21
Guardia de Seguridad,123878,5,Licenciatura,0.76,0.77,0.82,Alto,0.82,0.27,0.19,0.68,0.53,0.51,0.26,0.03,0.41,0.11
Ingeniero de Software,89300,11,Bachillerato,0.04,0.93,0.32,Medio,0.1,0.66,0.65,0.03,0.0,0.08,0.76,0.58,0.04,0.49
Científico de Datos,131971,5,Licenciatura,0.87,1.43,0.43,Medio,0.14,0.24,0.78,0.97,0.47,0.31,0.43,0.3,0.26,0.59
Especialista en RRHH,113441,10,Licenciatura,0.26,1.16,0.31,Medio,0.08,0.29,0.88,0.76,0.02,0.5,0.27,0.65,0.72,0.86
Soporte al Cliente,87589,15,Licenciatura,0.99,1.48,0.92,Alto,0.57,0.4,0.36,0.01,0.25,0.72,0.6,0.92,0.05,0.16
Diseñador Gráfico,113446,8,Bachillerato,0.73,1.31,0.64,Medio,0.99,0.29,0.71,0.12,0.41,0.85,0.37,0.59,0.5,0.65
Trabajador de Comercio,135301,25,Maestría,0.06,1.07,0.92,Alto,0.48,0.08,0.56,0.33,0.15,0.85,0.52,0.93,0.81,0.69
Abogado,118552,4,Maestría,0.43,0.7,0.66,Medio,0.17,0.29,0.52,0.26,0.21,0.6,0.09,0.06,0.37,0.72
Gerente de Marketing,148977,29,Doctorado,0.42,1.07,0.45,Medio,0.94,0.05,0.67,0.89,0.8,0.18,0.3,0.72,0.08,0.81
Investigador UX,48715,17,Maestría,0.73,0.6,0.59,Medio,0.68,0.83,0.04,0.02,0.37,0.15,0.56,0.92,0.39,0.84
Especialista en RRHH,147045,19,Doctorado,0.17,0.53,0.43,Medio,0.91,0.1,0.61,0.45,0.94,0.12,0.21,0.03,0.43,0.28
Ingeniero de Software,40196,16,Bachillerato,0.6,1.11,0.51,Medio,0.09,0.45,1.0,0.84,0.89,0.82,0.1,0.23,0.0,0.3
Conductor de Camión,141054,25,Doctorado,0.47,1.18,0.92,Alto,0.75,0.94,0.05,0.01,0.66,0.29,0.25,0.33,0.27,0.51
Soporte al Cliente,132785,24,Doctorado,0.51,1.17,0.8,Alto,0.25,0.17,0.35,0.74,0.76,0.67,0.23,0.59,0.57,0.48
Investigador UX,123249,23,Maestría,0.49,1.07,0.59,Medio,0.11,0.75,0.14,0.07,0.98,0.96,0.06,0.44,0.19,0.49
Científico Investigador,62500,21,Licenciatura,0.95,1.13,0.14,Bajo,0.6,0.31,0.91,0.87,0.56,0.32,0.29,0.03,0.82,0.45
Soporte al Cliente,136128,9,Licenciatura,0.49,1.41,0.91,Alto,0.15,0.71,0.44,0.25,0.69,0.74,0.18,0.91,0.75,0.93
Ingeniero de IA,142109,8,Licenciatura,0.94,0.87,0.06,Bajo,0.76,0.7,0.6,0.49,0.03,0.62,0.42,0.56,0.43,0.97
Investigador UX,87737,25,Maestría,0.75,1.44,0.54,Medio,0.01,0.03,0.7,0.28,0.58,0.2,0.27,0.5,0.98,0.62
Maestro,121903,0,Maestría,0.96,0.71,0.13,Bajo,0.77,0.87,0.52,0.99,0.01,0.3,0.62,0.47,0.12,0.37
Ingeniero de IA,141654,27,Bachillerato,0.64,1.39,0.27,Bajo,0.7,0.47,0.51,0.14,0.34,0.19,0.82,0.91,0.54,0.73
Investigador UX,50662,20,Bachillerato,0.61,1.2,0.48,Medio,0.24,0.88,0.74,0.9,0.82,0.99,0.19,0.09,0.34,0.13
Ingeniero de Software,116755,1,Licenciatura,0.44,0.56,0.69,Medio,0.59,0.56,0.66,0.5,0.03,0.61,0.72,0.42,0.76,0.23
Científico de Datos,133719,6,Bachillerato,0.16,0.87,0.64,Medio,0.83,0.38,0.59,0.72,0.24,0.17,0.97,0.62,0.98,0.34
Especialista en RRHH,127427,21,Licenciatura,0.34,1.04,0.57,Medio,0.63,0.46,0.56,0.28,0.02,0.63,0.25,0.67,0.75,0.92
Chef,130628,7,Doctorado,0.01,1.49,0.57,Medio,0.64,0.02,0.86,0.15,0.84,0.02,0.65,0.43,0.2,0.11
Maestro,43686,3,Bachillerato,0.12,0.99,0.21,Bajo,0.83,0.68,0.07,0.31,0.29,0.92,0.87,0.37,0.07,0.89
Científico Investigador,57313,26,Doctorado,0.85,1.35,0.17,Bajo,0.18,0.48,0.49,0.49,0.54,0.26,0.37,0.43,0.13,0.46
Investigador UX,91404,6,Maestría,0.83,0.91,0.51,Medio,0.03,0.67,0.4,0.45,0.87,0.46,0.02,0.23,0.48,0.42
Analista Financiero,109794,20,Licenciatura,0.54,1.19,0.49,Medio,0.44,0.45,0.41,0.54,0.25,0.89,0.33,0.15,0.1,0.01
Especialista en RRHH,49416,8,Doctorado,0.19,0.52,0.51,Medio,0.68,0.09,0.46,0.74,0.99,0.67,0.24,0.72,0.6,0.21
Enfermero/a,56162,9,Bachillerato,0.43,1.46,0.23,Bajo,0.64,0.73,0.48,0.51,0.85,0.68,0.9,0.89,0.98,0.7
Soporte al Cliente,85420,4,Licenciatura,0.17,1.21,0.77,Alto,0.28,0.24,0.88,0.87,0.63,0.47,0.67,0.61,0.42,0.38
Analista Financiero,82948,4,Licenciatura,0.59,1.15,0.48,Medio,0.97,0.08,0.35,0.42,0.02,0.36,0.27,0.51,0.34,0.73
Enfermero/a,91336,8,Doctorado,0.16,1.29,0.3,Bajo,0.02,0.7,0.25,0.04,0.4,0.94,0.01,0.59,0.5,0.87
Especialista en RRHH,104474,16,Maestría,0.68,1.18,0.57,Medio,0.94,0.82,0.04,0.47,0.4,0.31,0.45,0.38,0.43,0.98
Soporte al Cliente,72628,8,Maestría,0.92,0.98,0.86,Alto,0.83,0.36,0.43,0.41,0.37,0.93,0.83,0.11,0.11,0.43
Científico Investigador,135494,19,Bachillerato,0.62,0.64,0.18,Bajo,0.01,0.32,0.68,0.48,0.98,0.87,0.36,0.05,0.85,0.91
Mecánico,71751,2,Bachillerato,0.37,0.58,0.59,Medio,0.0,0.05,0.0,0.65,0.42,0.3,0.91,0.19,0.39,0.94
Conductor de Camión,86087,1,Bachillerato,0.55,0.58,0.9,Alto,0.42,0.8,0.25,0.42,0.79,0.97,0.06,0.81,0.3,0.55
Enfermero/a,127425,29,Bachillerato,0.61,0.85,0.13,Bajo,0.04,0.15,0.92,1.0,0.78,0.29,0.4,0.74,0.97,0.46
Científico de Datos,133587,16,Licenciatura,0.43,0.99,0.67,Medio,0.52,0.49,0.58,0.69,0.11,0.82,0.44,0.07,0.79,0.38
Guardia de Seguridad,140373,5,Maestría,0.63,1.38,0.92,Alto,0.96,0.87,0.0,0.38,0.82,0.37,0.6,0.61,0.37,0.9
Ingeniero de IA,133080,14,Licenciatura,0.13,1.09,0.21,Bajo,0.05,0.24,0.8,0.05,0.86,0.66,0.43,0.35,0.02,0.83
Chef,123012,20,Doctorado,0.31,1.07,0.4,Medio,0.5,0.81,0.47,0.95,0.85,0.33,0.4,0.42,0.63,0.29
Analista Financiero,76629,11,Maestría,0.61,0.9,0.56,Medio,0.4,0.82,0.57,0.04,0.18,0.86,0.56,0.95,0.07,0.3
Analista Financiero,33811,3,Doctorado,0.55,0.88,0.36,Medio,0.64,0.54,0.27,0.48,0.75,0.21,0.29,0.35,0.75,0.85
Maestro,95283,4,Bachillerato,0.3,1.39,0.3,Bajo,0.67,0.99,0.66,0.73,0.39,0.43,0.14,0.82,0.93,0.62
Enfermero/a,113205,1,Bachillerato,0.15,0.77,0.11,Bajo,0.61,0.95,0.05,0.0,0.6,0.28,0.88,0.33,0.29,0.27
Especialista en RRHH,100453,28,Licenciatura,0.58,0.67,0.47,Medio,0.46,0.02,0.02,0.52,0.7,0.94,0.18,0.1,0.05,0.44
Enfermero/a,68397,14,Maestría,0.84,1.18,0.1,Bajo,0.46,0.91,0.33,0.5,0.96,0.73,0.75,0.25,0.41,0.08
Abogado,113824,10,Licenciatura,0.1,1.34,0.63,Medio,0.53,0.14,0.03,0.8,0.6,0.71,0.3,0.51,0.75,0.46
Científico de Datos,50758,26,Licenciatura,0.79,0.72,0.33,Medio,0.53,0.06,0.77,0.72,0.88,0.64,0.07,0.25,0.81,0.17
Mecánico,135900,8,Maestría,0.78,0.83,0.43,Medio,0.56,0.86,0.22,0.94,0.6,0.99,0.09,0.13,0.83,0.86
Ingeniero de IA,133613,11,Doctorado,0.71,1.37,0.06,Bajo,0.57,0.85,0.4,0.3,0.8,0.34,0.0,0.96,0.59,0.82
Especialista en RRHH,93115,10,Bachillerato,0.07,0.67,0.42,Medio,0.32,0.66,0.62,0.49,0.21,0.38,0.54,0.47,0.13,0.65
Científico Investigador,129683,11,Maestría,0.38,1.21,0.06,Bajo,0.57,0.33,0.01,0.19,0.94,0.52,1.0,0.52,0.54,0.39
Gerente de Marketing,83013,15,Licenciatura,0.25,0.84,0.48,Medio,0.19,0.22,0.27,0.45,0.65,0.86,0.29,0.18,0.38,0.89
Maestro,45233,16,Bachillerato,0.68,0.98,0.09,Bajo,0.32,0.22,0.88,0.48,0.56,0.59,0.64,0.5,0.02,0.33
Enfermero/a,50765,19,Doctorado,0.68,0.56,0.19,Bajo,0.21,0.95,0.34,0.33,0.92,0.42,0.96,0.02,0.31,0.67
Trabajador de Comercio,108766,18,Licenciatura,0.14,0.85,0.8,Alto,0.51,0.93,0.87,0.13,0.17,0.36,0.29,0.61,0.9,0.96
Conductor de Camión,64297,16,Bachillerato,0.84,1.03,0.75,Alto,0.52,0.56,0.74,0.22,0.37,0.36,0.96,0.44,0.76,0.75
Especialista en RRHH,76126,10,Bachillerato,0.57,1.39,0.49,Medio,0.95,0.21,0.07,0.89,0.85,0.99,0.68,0.94,0.83,0.84
Maestro,112694,27,Maestría,0.38,1.43,0.16,Bajo,0.54,0.45,0.56,0.47,0.05,0.88,0.44,0.59,0.14,0.0
Médico,117287,21,Bachillerato,0.7,0.6,0.28,Bajo,0.22,0.2,0.18,0.01,0.77,0.88,0.61,0.19,0.29,0.48
Enfermero/a,31082,12,Licenciatura,0.25,1.23,0.16,Bajo,0.3,0.46,0.07,0.8,0.24,0.73,0.07,0.96,0.19,0.88
Guardia de Seguridad,137252,23,Licenciatura,0.97,0.98,0.88,Alto,0.37,0.18,0.44,0.17,0.98,0.1,0.59,0.63,0.54,0.66
Analista Financiero,31511,17,Licenciatura,0.56,0.79,0.68,Medio,0.76,0.97,0.04,0.29,0.2,0.01,0.24,0.68,0.23,0.51
Conductor de Camión,33145,9,Maestría,0.69,0.89,0.79,Alto,0.46,0.18,0.63,0.36,0.85,0.76,0.61,0.36,0.21,0.78
Ingeniero de Software,115642,19,Doctorado,0.22,0.7,0.37,Medio,0.78,0.23,0.53,0.45,0.58,0.88,0.87,0.45,0.02,0.43
Médico,128303,9,Licenciatura,0.56,1.15,0.09,Bajo,0.65,0.18,0.75,0.34,0.71,0.05,0.41,0.71,0.23,0.8
Obrero de Construcción,81142,16,Licenciatura,0.59,0.85,0.82,Alto,0.6,0.47,0.7,0.43,0.2,0.21,0.01,0.3,0.75,0.79
Científico Investigador,89817,13,Doctorado,0.96,1.0,0.28,Bajo,0.71,0.72,0.09,0.22,0.01,0.72,0.34,0.79,0.34,0.82
Abogado,124410,0,Maestría,0.17,0.84,0.46,Medio,0.35,0.76,0.1,0.35,0.84,0.07,0.94,0.99,0.09,0.29
Chef,138139,15,Licenciatura,0.78,1.1,0.56,Medio,0.76,0.12,0.83,0.71,0.58,0.89,0.7,0.2,0.43,0.49
Científico Investigador,78657,18,Doctorado,0.95,0.63,0.22,Bajo,0.51,0.03,0.92,0.85,0.52,0.23,0.12,0.36,0.26,0.51
Conductor de Camión,69309,8,Doctorado,0.57,1.39,0.86,Alto,0.48,0.85,0.47,0.87,0.29,0.13,0.86,0.59,0.89,0.94
Investigador UX,68669,17,Maestría,0.49,1.36,0.34,Medio,0.45,0.29,0.1,0.76,0.51,0.56,0.41,0.46,0.12,0.67
Conductor de Camión,87033,27,Doctorado,0.82,0.7,0.75,Alto,0.65,0.85,0.47,0.73,1.0,0.99,0.74,0.74,0.25,0.83
Maestro,80658,5,Doctorado,0.96,0.58,0.16,Bajo,0.56,0.41,0.21,0.59,0.76,0.64,0.23,0.73,0.26,0.18
Ingeniero de Software,136081,29,Bachillerato,0.84,0.98,0.51,Medio,0.3,0.49,0.13,0.96,0.8,0.67,0.54,0.79,0.49,0.3
Ingeniero de Software,48728,11,Licenciatura,0.65,1.43,0.36,Medio,0.18,0.43,0.81,0.29,0.25,0.62,0.54,0.06,0.08,0.64
Especialista en RRHH,52286,15,Bachillerato,0.97,1.18,0.3,Bajo,0.48,0.41,0.11,0.92,0.81,0.23,0.26,0.03,0.3,0.58
Analista Financiero,55727,28,Doctorado,0.19,1.4,0.38,Medio,0.03,0.02,0.62,0.66,0.31,0.32,0.34,0.68,0.06,0.93
Gerente de Marketing,104638,10,Maestría,1.0,0.67,0.61,Medio,0.22,0.08,0.87,0.86,0.4,0.7,0.56,0.85,0.32,0.52
Científico de Datos,119363,1,Doctorado,0.35,1.39,0.37,Medio,0.15,0.58,0.66,0.19,0.39,0.95,0.25,0.67,0.74,0.45
Obrero de Construcción,141597,26,Licenciatura,0.74,0.96,0.84,Alto,0.69,0.59,0.88,0.36,0.3,0.21,0.04,0.04,0.87,0.68
Gerente de Marketing,72756,18,Doctorado,0.61,1.35,0.49,Medio,0.87,0.36,0.93,0.7,0.26,0.56,0.53,0.14,0.59,0.31
Científico Investigador,77774,10,Bachillerato,0.95,1.14,0.27,Bajo,0.68,0.36,0.51,0.68,0.96,0.25,0.87,0.92,0.67,0.93
Trabajador de Comercio,119865,12,Maestría,0.95,1.2,0.71,Alto,0.91,0.48,0.46,0.57,0.15,0.47,0.83,0.02,0.27,0.0
Ingeniero de IA,33692,25,Bachillerato,0.73,1.3,0.29,Bajo,0.61,0.25,0.92,0.78,0.57,0.7,0.92,0.71,0.37,0.71
Científico Investigador,139419,4,Doctorado,0.39,0.91,0.09,Bajo,0.02,0.13,0.65,0.8,0.99,0.35,0.6,0.94,0.17,0.72
Conductor de Camión,48782,6,Licenciatura,0.09,1.36,0.9,Alto,0.03,0.09,0.05,0.33,0.51,0.53,0.27,0.91,0.37,0.05
Trabajador de Comercio,140349,14,Maestría,0.53,0.91,0.77,Alto,0.13,0.82,1.0,0.33,0.38,0.62,0.72,0.39,0.9,0.56
Ingeniero de Software,80075,22,Licenciatura,0.65,1.45,0.62,Medio,0.04,0.33,0.47,0.31,0.7,0.83,0.73,0.99,0.27,0.87
Mecánico,120629,22,Licenciatura,0.36,1.23,0.34,Medio,0.79,0.53,0.29,0.66,0.64,0.21,0.03,0.43,0.57,0.88
Ingeniero de IA,135899,24,Licenciatura,0.53,1.25,0.16,Bajo,0.75,0.2,0.37,0.63,0.02,0.72,0.84,0.4,0.45,0.85
Gerente de Marketing,115333,1,Maestría,0.29,0.82,0.57,Medio,0.56,0.16,0.31,0.9,0.69,0.99,0.77,0.94,0.22,0.77
Mecánico,93908,22,Maestría,0.67,0.97,0.44,Medio,0.86,0.85,0.02,0.61,0.37,0.42,0.83,0.31,0.94,0.18
Trabajador de Comercio,41564,3,Maestría,0.67,0.75,0.78,Alto,0.83,0.76,0.33,0.53,0.06,0.21,0.49,0.09,0.84,0.72
Conductor de Camión,144507,9,Bachillerato,0.56,1.09,0.79,Alto,0.28,0.27,0.17,0.33,0.2,0.63,0.57,0.38,0.33,0.24
Diseñador Gráfico,147679,29,Maestría,0.92,1.19,0.6,Medio,0.83,0.35,0.06,0.62,0.19,0.57,0.74,0.78,0.3,0.51
Científico Investigador,132811,12,Maestría,0.82,1.26,0.3,Bajo,0.01,0.44,0.26,0.12,0.91,1.0,0.18,0.04,0.28,0.83
Investigador UX,54940,26,Maestría,0.06,0.55,0.47,Medio,0.93,0.29,0.43,0.1,0.49,0.7,0.27,0.3,0.84,0.01
Ingeniero de Software,144326,14,Doctorado,0.39,0.8,0.56,Medio,0.83,0.56,0.03,0.46,0.46,0.54,0.67,0.02,0.5,0.59
Enfermero/a,30511,18,Maestría,0.67,0.73,0.13,Bajo,0.96,0.35,0.35,0.6,0.97,0.98,0.58,0.0,0.9,0.57
Ingeniero de Software,49359,26,Licenciatura,0.9,0.77,0.41,Medio,0.3,0.61,0.44,0.73,0.89,0.67,0.2,0.93,0.26,0.15
Mecánico,36265,15,Bachillerato,0.56,0.61,0.36,Medio,0.3,0.28,0.6,0.82,0.76,0.26,0.25,0.97,0.01,0.88
Abogado,122313,25,Maestría,0.95,0.84,0.48,Medio,0.71,0.59,0.32,0.55,0.73,0.04,0.01,0.46,0.13,0.66
Chef,39280,1,Doctorado,0.43,0.7,0.52,Medio,0.12,0.02,0.05,0.95,0.14,0.71,0.07,0.11,0.51,0.46
Obrero de Construcción,80281,26,Licenciatura,0.94,1.28,0.85,Alto,0.45,0.36,0.95,0.6,0.58,0.23,0.05,0.95,0.31,0.44
Investigador UX,98354,16,Bachillerato,0.84,0.53,0.63,Medio,0.14,0.89,0.73,0.16,0.57,0.31,0.18,0.86,0.4,0.4
Analista Financiero,140951,11,Bachillerato,0.38,1.37,0.45,Medio,0.95,0.95,0.14,0.18,0.86,0.39,0.0,0.27,0.6,0.8
Trabajador de Comercio,145131,22,Maestría,0.11,1.42,0.89,Alto,0.59,0.77,0.43,0.76,0.37,0.24,0.73,0.42,0.98,0.35
Enfermero/a,51529,7,Licenciatura,0.93,0.74,0.25,Bajo,0.43,0.92,0.45,0.74,0.47,0.23,0.2,0.43,0.76,0.61
Trabajador de Comercio,30594,25,Maestría,0.28,0.98,0.71,Alto,0.82,0.99,0.41,0.01,0.17,0.65,0.61,0.79,0.25,0.76
Trabajador de Comercio,142770,22,Maestría,0.32,1.05,0.74,Alto,0.45,0.88,0.42,0.84,0.59,0.19,0.58,0.51,0.4,0.12
Gerente de Marketing,122995,5,Bachillerato,0.07,0.6,0.47,Medio,0.31,0.93,0.38,0.76,0.53,0.7,0.26,0.94,0.53,0.83
Científico Investigador,137126,7,Maestría,0.1,1.17,0.05,Bajo,0.48,0.19,0.63,0.98,0.46,0.82,0.51,0.5,0.93,0.89
Soporte al Cliente,44372,26,Licenciatura,0.12,0.8,0.94,Alto,0.63,0.55,0.71,0.42,0.76,0.39,0.83,0.27,0.28,0.52
Enfermero/a,53795,7,Maestría,0.65,0.86,0.11,Bajo,0.47,0.56,0.14,0.56,0.32,0.39,0.28,0.93,0.68,0.26
Guardia de Seguridad,80697,15,Licenciatura,0.85,0.9,0.91,Alto,0.15,0.82,0.54,0.22,0.41,0.99,0.78,0.58,0.12,0.42
Diseñador Gráfico,118078,13,Doctorado,0.07,1.04,0.66,Medio,0.68,0.25,0.57,0.94,0.72,0.69,0.97,0.8,0.14,0.35
Enfermero/a,125773,28,Maestría,0.49,0.61,0.16,Bajo,0.7,1.0,0.32,0.51,0.88,0.36,0.11,0.95,0.49,0.5
Científico de Datos,93766,10,Doctorado,0.0,1.43,0.44,Medio,0.4,0.17,0.38,0.8,0.8,0.94,0.4,0.71,0.51,0.8
Conductor de Camión,105569,0,Licenciatura,0.37,0.84,0.76,Alto,0.58,0.96,0.2,0.1,0.12,0.78,0.35,0.22,0.35,0.65
Maestro,45782,19,Licenciatura,0.74,0.84,0.16,Bajo,0.1,0.07,0.46,0.3,0.61,0.04,0.12,0.87,0.57,0.71
Obrero de Construcción,127288,12,Bachillerato,0.46,1.26,0.83,Alto,0.22,0.34,0.49,0.32,0.34,0.34,0.12,0.08,0.05,0.11
Guardia de Seguridad,107865,2,Maestría,0.59,0.69,0.92,Alto,0.81,0.52,0.72,0.37,0.04,0.9,0.13,0.95,0.57,0.31
Ingeniero de IA,75986,27,Doctorado,0.5,0.52,0.14,Bajo,0.74,0.51,0.24,0.34,0.86,0.53,0.53,0.96,0.32,0.48
Especialista en RRHH,60276,19,Maestría,0.76,0.77,0.36,Medio,0.7,0.26,0.92,0.13,0.32,0.05,0.7,0.89,0.64,0.94
Analista Financiero,137294,2,Bachillerato,0.09,1.34,0.64,Medio,0.83,0.8,0.36,0.22,0.93,0.31,0.4,0.7,0.29,0.82
Diseñador Gráfico,147272,3,Doctorado,0.79,1.1,0.53,Medio,0.46,0.28,0.46,0.45,0.58,0.28,0.08,0.15,0.7,0.02
Mecánico,45819,24,Doctorado,0.62,0.98,0.46,Medio,0.99,0.82,0.43,0.73,0.27,0.1,0.35,0.4,0.02,0.81
Ingeniero de IA,36473,18,Licenciatura,0.58,0.57,0.09,Bajo,0.89,0.61,0.95,1.0,0.37,0.3,0.86,1.0,0.63,0.8
Trabajador de Comercio,62556,27,Maestría,0.36,1.07,0.91,Alto,0.69,0.02,0.34,0.14,0.23,0.91,0.04,0.22,0.31,0.62
Científico Investigador,88209,7,Licenciatura,0.22,0.66,0.11,Bajo,0.5,0.27,0.95,0.46,0.06,0.73,0.33,0.65,0.28,0.57
Abogado,147067,23,Doctorado,0.93,0.76,0.43,Medio,0.46,0.93,0.9,0.09,0.13,0.5,0.11,0.35,0.15,0.64
Abogado,38699,3,Bachillerato,1.0,0.88,0.54,Medio,0.86,0.12,0.69,0.41,0.21,0.4,0.08,0.7,0.25,0.31
Científico de Datos,107593,25,Maestría,0.86,0.99,0.53,Medio,0.57,0.41,0.19,0.75,0.13,0.1,0.71,0.21,0.31,0.48
Guardia de Seguridad,75076,18,Doctorado,0.71,1.12,0.86,Alto,0.71,0.29,0.32,0.44,0.31,0.98,0.81,0.16,0.01,0.04
Ingeniero de Software,91743,6,Licenciatura,0.11,1.03,0.64,Medio,0.74,0.22,0.4,0.51,0.81,0.84,0.91,0.51,0.69,0.11
Diseñador Gráfico,80924,10,Doctorado,0.25,0.93,0.55,Medio,0.26,0.05,0.01,0.02,0.01,0.11,0.24,0.22,0.99,0.31
Científico Investigador,72500,19,Doctorado,0.55,1.36,0.22,Bajo,0.3,0.56,0.71,0.73,0.67,0.87,0.87,0.58,0.43,0.64
Científico de Datos,52380,16,Doctorado,0.01,1.49,0.37,Medio,0.47,0.87,0.23,0.48,0.13,0.4,0.18,0.36,0.37,0.99
Diseñador Gráfico,34355,5,Licenciatura,0.11,1.23,0.32,Medio,0.03,0.11,0.97,0.94,0.19,0.16,0.24,0.52,0.57,0.22
Investigador UX,32035,15,Maestría,0.31,1.42,0.56,Medio,0.44,0.79,0.82,0.29,0.34,0.94,0.16,0.04,0.45,0.8
Especialista en RRHH,32665,17,Doctorado,0.92,1.03,0.34,Medio,0.59,0.78,0.09,0.17,0.01,0.59,0.89,0.67,0.98,0.06
Analista Financiero,100739,14,Licenciatura,0.81,0.81,0.69,Medio,0.29,0.89,0.88,0.76,0.56,0.12,0.53,0.36,0.79,0.76
Médico,128560,24,Maestría,0.71,0.98,0.2,Bajo,0.99,0.6,0.79,0.73,0.7,0.72,0.45,0.47,0.47,0.03
Científico de Datos,59974,11,Maestría,0.15,1.39,0.41,Medio,0.14,0.12,0.7,0.01,0.47,0.12,0.85,0.96,0.96,0.44
Maestro,90521,1,Bachillerato,0.6,0.85,0.16,Bajo,0.06,0.8,0.24,0.46,0.48,0.56,0.82,0.69,0.66,0.53
Ingeniero de Software,66476,11,Maestría,0.4,1.46,0.7,Medio,0.73,0.23,0.1,0.41,0.86,0.72,0.88,0.62,0.13,0.11
Ingeniero de Software,82271,11,Doctorado,0.24,1.23,0.57,Medio,0.32,0.18,0.1,0.74,0.45,0.32,0.86,0.59,0.52,0.74
Chef,33743,23,Maestría,0.69,0.94,0.45,Medio,0.77,0.52,0.7,0.89,0.92,0.28,0.19,0.26,0.75,0.37
Gerente de Marketing,111256,7,Doctorado,0.1,0.83,0.35,Medio,0.16,0.68,0.02,0.12,0.84,0.84,0.33,0.09,0.7,0.36
Ingeniero de Software,132859,26,Maestría,0.16,0.64,0.54,Medio,0.9,0.79,0.55,0.42,0.62,0.44,0.25,0.68,0.87,0.37
Ingeniero de IA,99810,10,Bachillerato,0.43,0.9,0.06,Bajo,0.7,0.81,0.66,0.15,0.1,0.57,0.4,0.43,0.97,0.72
Investigador UX,90360,6,Maestría,0.02,0.53,0.57,Medio,0.84,0.71,0.41,0.03,0.97,0.99,0.55,0.07,0.54,0.89
Ingeniero de IA,130290,4,Bachillerato,0.72,0.58,0.08,Bajo,0.13,0.9,0.53,0.79,0.12,0.93,0.82,0.22,0.87,0.26
Soporte al Cliente,105656,22,Licenciatura,0.84,0.67,0.72,Alto,0.4,0.58,0.85,0.97,0.44,0.06,0.75,0.57,0.45,0.31
Médico,107982,0,Maestría,0.34,1.26,0.19,Bajo,0.88,0.54,0.24,0.85,0.56,0.21,0.62,0.36,0.84,0.45
Gerente de Marketing,33970,13,Doctorado,0.1,0.9,0.69,Medio,0.81,0.16,0.28,0.33,0.65,0.76,0.75,0.51,0.81,0.44
Conductor de Camión,71753,26,Doctorado,0.56,1.45,0.9,Alto,0.58,0.65,0.93,0.43,0.33,0.98,0.86,0.32,0.46,0.42
Diseñador Gráfico,104354,6,Maestría,0.96,0.9,0.65,Medio,0.19,0.55,0.02,0.76,0.58,0.63,0.05,0.21,0.07,0.29
Obrero de Construcción,35280,20,Licenciatura,0.44,0.75,0.89,Alto,0.63,0.77,0.32,0.74,0.86,0.35,0.34,0.9,0.05,0.35
Científico Investigador,116545,27,Licenciatura,0.03,0.61,0.16,Bajo,0.69,0.29,0.85,0.44,0.97,0.95,0.77,0.93,0.71,0.9
Ingeniero de IA,131041,12,Licenciatura,0.35,1.25,0.16,Bajo,0.84,0.88,0.3,0.82,0.15,0.33,0.52,0.23,0.58,0.58
Ingeniero de Software,134087,23,Licenciatura,0.8,1.13,0.43,Medio,0.23,0.88,0.84,0.23,0.04,0.8,0.62,0.1,0.59,0.45
Ingeniero de IA,90985,20,Doctorado,0.21,0.95,0.09,Bajo,0.96,0.78,0.74,0.69,0.42,0.92,0.07,0.8,0.22,0.32
Conductor de Camión,118257,6,Licenciatura,0.78,1.34,0.85,Alto,0.4,0.95,0.25,0.8,0.61,0.38,0.0,0.45,0.28,0.1
Maestro,134294,23,Licenciatura,0.35,1.11,0.26,Bajo,0.18,0.42,0.39,0.51,0.81,0.55,0.85,0.52,0.6,0.44
Abogado,55666,18,Licenciatura,0.92,1.14,0.63,Medio,0.06,0.91,0.19,0.26,0.05,0.97,0.85,0.91,0.85,0.48
Guardia de Seguridad,71516,25,Bachillerato,0.97,1.0,0.74,Alto,0.66,0.98,0.87,0.86,0.93,0.89,0.78,0.72,0.26,0.62
Enfermero/a,48226,18,Licenciatura,0.86,0.99,0.08,Bajo,0.0,0.68,0.55,0.33,0.17,0.47,0.1,0.34,0.38,0.47
Ingeniero de IA,60011,16,Maestría,0.26,1.35,0.14,Bajo,0.23,0.18,0.32,0.07,0.03,0.61,0.62,0.53,0.76,0.04
Chef,136979,15,Maestría,0.86,1.43,0.34,Medio,0.11,0.03,0.1,0.21,0.97,0.67,0.78,0.78,0.54,0.8
Obrero de Construcción,85215,21,Licenciatura,0.31,1.06,0.83,Alto,0.82,0.98,0.41,0.76,0.1,0.78,0.37,0.04,0.36,0.61
Ingeniero de Software,107255,21,Licenciatura,0.92,0.58,0.67,Medio,0.71,0.33,0.39,0.74,0.6,0.67,0.39,0.49,0.99,0.21
Trabajador de Comercio,70821,27,Bachillerato,0.29,1.27,0.89,Alto,0.29,0.08,0.01,0.43,0.41,0.99,0.47,0.26,0.89,0.49
Soporte al Cliente,133185,18,Maestría,0.1,0.88,0.94,Alto,0.59,0.34,0.63,0.91,0.27,0.51,0.96,0.17,0.72,0.61
Obrero de Construcción,107929,6,Maestría,0.35,0.81,0.87,Alto,0.22,0.42,0.19,0.01,0.97,0.43,0.97,0.14,0.59,0.2
Guardia de Seguridad,49523,29,Maestría,0.58,1.2,0.86,Alto,0.05,0.1,0.13,0.09,0.18,0.69,0.83,0.41,0.69,0.2
Obrero de Construcción,88188,24,Bachillerato,0.35,1.35,0.94,Alto,0.86,0.07,0.65,0.12,0.01,0.05,0.92,0.91,0.23,0.55
Médico,77969,6,Licenciatura,0.5,0.89,0.17,Bajo,0.79,0.48,0.78,0.43,0.25,0.33,0.08,0.5,0.15,0.81
Abogado,149528,12,Maestría,0.77,1.45,0.64,Medio,0.95,0.57,0.17,0.94,0.87,0.86,0.69,0.62,0.01,0.75
Abogado,85416,27,Bachillerato,0.26,1.05,0.48,Medio,0.02,0.82,0.88,0.68,0.54,0.96,0.12,0.74,0.13,0.38
Ingeniero de IA,50491,14,Bachillerato,0.74,0.5,0.12,Bajo,0.54,0.53,0.64,0.3,0.54,0.19,0.19,0.58,0.69,0.12
Especialista en RRHH,105955,11,Licenciatura,0.57,0.77,0.46,Medio,0.4,0.18,0.0,0.85,0.72,0.69,0.55,0.7,0.94,0.67
Especialista en RRHH,97519,26,Bachillerato,0.57,0.94,0.52,Medio,0.52,0.86,0.65,0.19,0.06,0.42,0.02,0.32,0.37,0.38
Científico de Datos,74775,17,Doctorado,0.3,0.77,0.35,Medio,0.51,0.15,0.62,0.16,0.58,0.83,0.04,0.42,0.46,0.79
Médico,116437,21,Doctorado,0.57,1.29,0.19,Bajo,0.36,0.09,0.73,0.87,0.97,0.93,0.8,0.64,0.78,0.43
Ingeniero de IA,112201,21,Licenciatura,0.35,0.83,0.24,Bajo,0.45,0.21,0.2,0.86,0.68,0.55,0.4,0.43,0.06,0.45
Enfermero/a,91134,17,Licenciatura,0.39,0.88,0.05,Bajo,0.46,0.03,0.57,0.51,0.84,0.58,0.32,0.52,0.7,0.09
Científico de Datos,76647,22,Doctorado,0.92,0.8,0.55,Medio,0.82,0.51,0.72,0.31,0.31,0.67,0.71,0.94,0.22,0.47
Ingeniero de IA,138197,12,Licenciatura,0.08,0.9,0.14,Bajo,0.27,0.3,0.36,0.99,0.78,0.07,0.87,0.63,0.89,0.34
Abogado,76413,18,Licenciatura,0.9,0.77,0.67,Medio,0.83,0.98,0.32,0.24,0.33,0.95,0.33,0.57,0.4,0.4
Ingeniero de IA,112604,20,Licenciatura,0.54,1.35,0.06,Bajo,0.89,0.67,0.62,0.63,0.3,0.42,0.8,0.31,0.47,0.02
Ingeniero de IA,61478,7,Licenciatura,0.42,1.03,0.08,Bajo,0.99,0.3,0.63,0.58,0.79,0.29,0.76,0.38,0.41,0.67
Guardia de Seguridad,92402,27,Bachillerato,0.67,1.4,0.77,Alto,0.9,0.13,0.66,0.55,0.49,0.31,0.5,0.16,0.37,0.1
Especialista en RRHH,65319,18,Bachillerato,0.1,0.66,0.33,Medio,0.38,0.84,0.91,0.07,0.63,0.68,0.53,0.67,0.23,0.49
Trabajador de Comercio,58830,28,Doctorado,0.09,1.13,0.82,Alto,0.28,0.47,0.78,0.8,0.65,0.47,0.58,0.39,0.13,0.39
Ingeniero de IA,59328,16,Licenciatura,0.9,1.37,0.27,Bajo,0.27,0.03,0.26,0.28,0.91,0.65,0.08,0.14,0.16,0.63
Maestro,36123,21,Bachillerato,0.86,1.44,0.1,Bajo,0.31,0.24,0.36,0.91,0.58,0.74,0.49,0.03,0.06,0.54
Diseñador Gráfico,66587,4,Bachillerato,0.22,1.22,0.62,Medio,0.41,0.75,0.4,0.68,0.76,0.99,0.35,0.41,0.17,0.2
Científico de Datos,51951,7,Licenciatura,0.58,0.57,0.32,Medio,0.06,0.94,0.85,0.84,0.92,0.51,0.25,0.4,0.72,0.88
Trabajador de Comercio,37804,10,Licenciatura,0.45,0.85,0.91,Alto,0.76,0.32,0.1,0.07,0.09,0.58,0.05,0.34,0.75,0.29
Guardia de Seguridad,40349,7,Bachillerato,0.75,0.75,0.88,Alto,0.75,0.4,0.21,0.52,0.92,0.64,0.17,0.68,0.43,0.59
Científico de Datos,136203,9,Doctorado,0.51,1.31,0.59,Medio,0.62,0.15,0.84,0.94,0.14,0.49,0.26,0.75,0.72,0.14
Mecánico,86317,10,Licenciatura,0.18,1.3,0.48,Medio,0.33,0.16,0.17,0.66,0.55,0.12,0.11,0.07,0.74,0.71
Enfermero/a,117385,11,Bachillerato,0.56,0.58,0.28,Bajo,0.91,0.7,0.93,0.81,0.83,0.57,0.31,0.22,0.33,0.63
Abogado,109841,8,Doctorado,0.26,0.97,0.39,Medio,0.59,0.92,0.75,0.67,0.58,0.49,0.19,0.89,0.25,0.09
Enfermero/a,95197,6,Bachillerato,0.18,0.87,0.06,Bajo,0.14,0.17,0.05,0.66,0.84,0.37,0.87,0.21,0.33,0.15
Especialista en RRHH,93410,4,Maestría,0.42,1.11,0.6,Medio,0.55,0.63,0.94,0.3,0.36,0.72,0.61,0.18,0.38,0.47
Chef,104225,17,Bachillerato,0.18,1.42,0.6,Medio,0.48,0.68,0.9,0.14,0.25,0.54,0.8,0.04,0.98,0.45
Ingeniero de IA,67499,1,Maestría,0.29,0.67,0.25,Bajo,0.96,0.41,0.95,0.82,0.48,0.67,0.43,0.56,0.06,0.7
Mecánico,130537,23,Licenciatura,0.16,1.09,0.66,Medio,0.11,0.47,0.75,0.61,0.1,0.4,0.51,1.0,0.18,0.98
Trabajador de Comercio,118627,16,Bachillerato,0.2,0.91,0.85,Alto,0.21,0.29,0.85,1.0,0.32,0.15,0.79,0.6,0.1,0.95
Ingeniero de Software,99074,21,Maestría,0.63,0.92,0.52,Medio,0.21,0.69,0.96,0.46,0.52,0.24,0.89,0.97,0.79,0.54
Especialista en RRHH,71716,0,Licenciatura,0.15,0.98,0.52,Medio,0.49,0.8,0.67,0.13,0.35,0.34,0.57,0.29,0.12,0.65
Maestro,132033,21,Doctorado,0.93,1.47,0.25,Bajo,0.14,0.85,0.4,0.73,0.53,0.83,0.43,0.06,0.56,0.17
Médico,40715,11,Maestría,0.53,1.05,0.28,Bajo,0.62,0.3,0.3,0.5,0.87,0.79,0.96,0.07,0.27,0.08
Científico Investigador,77553,23,Doctorado,0.14,0.6,0.19,Bajo,0.41,0.72,0.49,0.43,0.43,0.87,0.4,0.33,0.34,0.2
Analista Financiero,36861,14,Maestría,0.15,1.41,0.41,Medio,0.9,0.79,0.58,0.67,0.33,0.57,0.29,0.4,0.76,0.24
Ingeniero de Software,70154,27,Doctorado,0.38,1.03,0.68,Medio,0.68,0.65,0.71,0.92,0.25,0.61,0.4,0.01,0.13,0.32
Obrero de Construcción,93576,13,Bachillerato,0.82,1.03,0.78,Alto,0.66,0.72,0.56,0.06,0.17,0.29,0.28,0.67,0.02,0.76
Maestro,127294,11,Doctorado,0.31,1.03,0.1,Bajo,0.88,0.09,0.44,0.85,0.62,0.29,0.42,0.71,0.97,0.89
Abogado,139875,5,Licenciatura,1.0,0.5,0.31,Medio,0.82,0.2,0.06,0.24,0.43,0.73,0.62,0.24,0.5,0.93
Guardia de Seguridad,52925,15,Bachillerato,0.32,1.48,0.88,Alto,0.06,0.04,0.17,0.73,0.18,0.51,0.09,0.92,0.34,0.91
Maestro,119779,1,Licenciatura,0.01,0.96,0.06,Bajo,0.91,0.52,0.07,0.11,0.38,0.94,0.69,0.87,0.37,0.04
Maestro,87702,15,Doctorado,0.02,1.45,0.14,Bajo,0.01,0.69,0.98,0.97,0.16,0.18,0.57,0.64,0.74,0.18
Científico de Datos,127556,8,Bachillerato,0.64,1.35,0.52,Medio,0.41,0.98,0.58,0.87,0.95,0.68,0.55,0.0,0.04,0.2
Científico Investigador,46289,22,Maestría,0.25,0.8,0.14,Bajo,0.42,0.1,0.04,0.67,0.54,0.44,0.63,0.83,0.43,0.64
Trabajador de Comercio,115823,29,Maestría,0.84,0.93,0.86,Alto,0.18,0.56,0.98,0.52,0.93,0.41,1.0,0.58,0.04,0.59
Obrero de Construcción,55966,27,Doctorado,0.03,1.32,0.77,Alto,0.8,0.29,0.19,0.97,0.36,0.6,0.61,0.56,0.91,0.67
Especialista en RRHH,98560,23,Licenciatura,0.86,0.68,0.52,Medio,0.95,0.63,0.82,0.65,0.84,0.94,0.27,0.17,0.48,0.7
Obrero de Construcción,109023,28,Licenciatura,0.0,0.84,0.94,Alto,0.69,0.4,0.19,0.36,0.17,0.11,0.91,1.0,0.16,0.05
Mecánico,112455,28,Doctorado,0.46,0.7,0.42,Medio,0.2,0.77,0.71,0.63,0.39,0.91,0.97,0.17,0.22,0.53
Guardia de Seguridad,42930,13,Licenciatura,0.44,1.08,0.83,Alto,0.33,0.54,0.96,0.21,0.65,0.04,0.07,0.55,0.1,0.02
Abogado,48065,14,Doctorado,0.56,1.2,0.38,Medio,0.67,0.18,0.61,0.41,0.65,1.0,0.94,0.0,0.89,0.07
Mecánico,86422,12,Licenciatura,0.28,0.88,0.34,Medio,0.11,0.73,0.94,0.61,0.72,0.76,0.26,0.05,0.0,0.35
Maestro,69305,21,Doctorado,0.06,0.68,0.08,Bajo,0.91,0.14,0.54,0.59,0.54,0.1,0.32,0.05,0.4,0.19
Soporte al Cliente,105355,9,Bachillerato,0.69,1.03,0.81,Alto,0.39,0.84,0.22,0.73,0.76,0.42,0.3,0.47,0.09,0.05
Guardia de Seguridad,31776,7,Licenciatura,0.19,1.0,0.91,Alto,0.24,0.94,0.95,0.96,0.84,0.36,0.07,0.57,0.56,0.85
Chef,113187,14,Licenciatura,0.51,0.85,0.37,Medio,0.0,0.51,0.56,0.82,0.5,0.92,0.63,0.84,0.15,0.86
Guardia de Seguridad,44937,26,Licenciatura,0.17,0.69,0.93,Alto,0.03,0.46,0.31,0.67,0.84,0.36,0.43,0.98,0.78,0.9
Trabajador de Comercio,77259,23,Maestría,0.23,0.91,0.88,Alto,0.11,0.27,0.05,0.43,0.83,0.02,0.68,0.93,0.24,0.69
Ingeniero de Software,48225,11,Bachillerato,0.96,0.73,0.34,Medio,0.15,0.7,0.73,0.67,0.34,0.17,0.58,0.48,0.73,0.44
Enfermero/a,101519,10,Bachillerato,0.29,0.71,0.12,Bajo,0.09,0.35,0.04,0.19,0.75,0.33,0.67,0.72,0.58,0.96
Diseñador Gráfico,100994,10,Maestría,0.74,1.46,0.64,Medio,0.17,0.33,0.17,0.6,0.71,0.32,0.54,0.69,0.42,0.85
Soporte al Cliente,49450,20,Doctorado,0.06,1.12,0.76,Alto,0.56,0.96,0.88,0.4,0.29,0.23,0.53,0.11,0.55,0.0
Diseñador Gráfico,148585,8,Licenciatura,0.22,1.47,0.59,Medio,0.35,0.09,0.52,0.21,0.54,0.84,0.62,0.63,0.54,0.93
Soporte al Cliente,106970,29,Doctorado,0.51,0.81,0.81,Alto,0.19,0.64,0.5,0.1,0.2,0.48,0.89,0.57,0.68,0.34
Soporte al Cliente,31112,25,Bachillerato,0.45,1.16,0.71,Alto,0.49,0.3,0.33,0.96,0.18,0.31,0.51,0.86,0.42,0.74
Científico Investigador,117351,15,Maestría,0.31,0.89,0.14,Bajo,0.83,0.04,0.31,0.68,0.57,0.44,0.54,0.2,0.43,0.5
Ingeniero de IA,51661,1,Licenciatura,0.26,1.37,0.21,Bajo,0.02,0.72,0.04,1.0,0.87,0.3,0.26,0.38,0.36,0.37
Diseñador Gráfico,67443,12,Doctorado,0.65,1.24,0.3,Bajo,0.63,0.59,0.54,0.79,0.56,0.86,0.23,0.81,0.18,0.81
Investigador UX,44234,4,Licenciatura,0.34,1.03,0.56,Medio,0.08,0.49,0.36,0.87,0.88,0.7,0.66,0.73,0.37,0.4
Ingeniero de Software,134383,0,Bachillerato,0.94,1.22,0.52,Medio,0.77,0.37,0.73,0.41,0.28,0.61,0.69,0.46,0.57,0.69
Guardia de Seguridad,72320,6,Bachillerato,0.9,0.85,0.94,Alto,0.64,0.79,0.7,0.21,0.07,0.73,0.51,0.7,0.48,0.31
Soporte al Cliente,91196,11,Licenciatura,0.73,0.78,0.88,Alto,0.38,0.77,0.14,0.2,0.69,0.56,0.2,0.9,0.28,0.42
Guardia de Seguridad,104861,0,Licenciatura,0.39,0.99,0.77,Alto,0.77,0.39,0.73,0.21,0.38,0.01,0.76,0.63,0.82,0.46
Especialista en RRHH,148169,20,Doctorado,0.65,0.5,0.4,Medio,0.49,0.62,0.07,0.71,0.54,0.53,0.29,0.59,0.03,0.06
Chef,89630,13,Bachillerato,0.32,0.85,0.38,Medio,0.45,0.05,0.3,0.53,0.47,1.0,0.39,0.39,0.5,0.19
Mecánico,127435,3,Doctorado,0.57,0.69,0.62,Medio,0.03,0.98,0.87,0.58,0.11,0.22,0.28,0.24,0.5,0.94
Mecánico,114845,4,Licenciatura,0.66,1.19,0.65,Medio,0.03,0.4,0.78,0.81,0.93,0.7,0.25,0.51,0.03,0.65
Especialista en RRHH,49053,28,Licenciatura,0.67,1.43,0.57,Medio,0.32,0.2,0.85,0.19,0.16,0.21,0.51,0.12,0.94,0.97
Enfermero/a,100683,3,Maestría,0.41,0.74,0.08,Bajo,0.86,0.56,0.86,0.83,0.28,0.55,0.08,0.92,0.4,0.39
Obrero de Construcción,120153,20,Licenciatura,0.46,0.75,0.79,Alto,0.8,0.83,0.3,0.47,0.87,0.05,0.89,0.22,0.68,0.58
Gerente de Marketing,129926,0,Bachillerato,0.86,0.6,0.44,Medio,0.54,0.81,0.22,0.8,0.4,0.19,0.76,0.09,0.51,0.06
Trabajador de Comercio,43140,13,Doctorado,0.6,1.06,0.8,Alto,0.43,0.23,0.46,0.95,0.85,0.15,0.03,0.93,0.53,0.54
Científico de Datos,104362,11,Doctorado,0.31,0.98,0.69,Medio,0.67,0.15,0.13,0.2,0.77,0.3,0.02,0.94,0.17,0.01
Analista Financiero,73030,5,Doctorado,0.24,0.92,0.67,Medio,0.88,0.46,0.41,0.56,0.24,0.05,0.94,0.19,0.2,0.47
Enfermero/a,54400,18,Doctorado,0.02,0.65,0.14,Bajo,0.68,0.23,0.42,0.56,0.89,0.33,0.13,0.49,0.75,0.11
Enfermero/a,33760,20,Doctorado,0.02,0.53,0.17,Bajo,0.3,0.85,0.6,0.45,0.41,0.5,0.04,0.89,1.0,0.18
Trabajador de Comercio,122930,21,Licenciatura,0.14,1.16,0.87,Alto,0.85,0.75,0.45,0.61,0.69,0.51,0.48,0.65,0.56,0.64
Especialista en RRHH,33323,29,Licenciatura,0.72,1.14,0.51,Medio,0.68,0.45,0.24,0.0,0.56,0.59,0.97,0.36,0.39,0.2
Abogado,65098,10,Doctorado,0.22,0.68,0.31,Medio,0.21,0.52,0.54,0.25,0.07,0.74,0.76,1.0,0.9,0.93
Chef,101153,11,Doctorado,0.62,0.63,0.55,Medio,0.06,0.89,0.48,0.7,0.05,0.53,0.3,0.28,0.39,0.0
Guardia de Seguridad,101279,14,Licenciatura,0.49,1.36,0.81,Alto,0.36,0.99,0.57,0.47,0.5,0.81,0.34,0.39,0.76,0.07
Científico de Datos,143115,0,Licenciatura,0.43,1.08,0.6,Medio,0.27,0.89,0.98,0.49,0.94,0.0,0.89,0.31,0.31,0.23
Diseñador Gráfico,149487,7,Licenciatura,0.21,1.41,0.66,Medio,0.1,0.14,0.86,0.4,0.17,0.51,0.42,0.22,0.72,0.63
Ingeniero de Software,123304,23,Maestría,0.93,1.06,0.4,Medio,0.21,0.14,0.42,0.14,0.42,0.15,0.66,0.79,0.55,0.68
Gerente de Marketing,134134,6,Maestría,0.32,1.49,0.57,Medio,0.73,0.21,0.08,0.28,0.25,0.23,0.19,0.57,0.33,0.82
Diseñador Gráfico,107199,25,Licenciatura,0.46,0.51,0.49,Medio,0.06,0.98,0.79,0.49,0.09,0.59,0.76,0.19,0.57,0.81
Maestro,132658,11,Bachillerato,0.24,0.76,0.13,Bajo,0.11,0.7,0.21,0.93,0.22,0.26,0.3,0.77,0.43,0.82
Científico de Datos,41352,4,Doctorado,0.93,1.26,0.32,Medio,0.84,0.94,0.99,0.13,0.61,0.2,0.26,0.75,0.98,0.59
Investigador UX,43679,21,Bachillerato,0.04,1.1,0.46,Medio,0.89,0.3,0.43,0.53,0.27,0.91,0.46,0.42,0.85,0.31
Médico,122345,27,Doctorado,0.12,0.68,0.29,Bajo,0.84,0.39,0.64,0.94,0.21,0.06,0.54,0.14,0.19,0.89
Especialista en RRHH,108179,29,Bachillerato,0.82,1.02,0.52,Medio,0.67,0.43,0.12,0.1,0.75,0.22,0.03,0.98,0.98,0.38
Obrero de Construcción,77878,18,Doctorado,0.73,1.33,0.73,Alto,0.14,0.82,0.92,0.79,0.2,0.41,0.6,0.16,0.21,0.28
Obrero de Construcción,125777,29,Doctorado,0.51,1.31,0.89,Alto,0.91,0.83,0.25,0.33,0.5,0.01,0.9,0.04,0.32,0.57
Científico de Datos,112124,0,Bachillerato,0.65,1.03,0.39,Medio,0.2,0.91,0.26,0.28,0.41,0.14,0.51,0.67,0.79,0.71
Mecánico,126367,11,Doctorado,0.46,0.54,0.31,Medio,0.44,0.25,0.68,0.72,0.9,0.76,0.05,0.37,0.27,0.39
Conductor de Camión,77080,11,Licenciatura,0.1,1.02,0.88,Alto,0.7,0.45,0.52,0.52,0.69,0.05,0.71,0.58,0.2,0.05
Chef,61280,2,Bachillerato,0.52,1.26,0.43,Medio,0.38,0.93,0.21,0.1,0.34,0.75,0.63,0.42,0.96,0.73
Gerente de Marketing,39835,27,Maestría,0.74,0.52,0.56,Medio,0.21,0.7,0.31,0.87,0.34,0.62,0.29,0.92,0.78,0.24
Diseñador Gráfico,52369,10,Bachillerato,0.36,1.15,0.6,Medio,0.02,0.96,0.34,0.19,0.85,0.7,0.09,0.12,0.72,0.07
Especialista en RRHH,30637,8,Bachillerato,0.74,0.84,0.45,Medio,0.51,0.36,0.78,0.97,0.58,0.45,0.22,0.65,0.69,0.69
Guardia de Seguridad,62209,27,Maestría,0.9,0.84,0.89,Alto,0.76,0.65,0.39,0.61,0.04,0.76,0.1,0.4,0.1,0.84
Médico,70478,1,Maestría,0.69,1.18,0.26,Bajo,0.13,0.66,0.58,0.03,0.2,0.27,0.07,0.35,0.03,0.55
Enfermero/a,90760,9,Maestría,0.29,1.41,0.18,Bajo,0.27,0.6,0.2,0.07,0.02,0.95,0.72,0.8,0.98,0.93
Conductor de Camión,52505,0,Maestría,0.69,0.84,0.73,Alto,0.57,0.58,0.95,0.44,0.69,0.57,0.18,0.59,0.54,0.49
Analista Financiero,140441,22,Bachillerato,0.16,0.96,0.54,Medio,0.49,0.49,0.08,0.19,0.32,0.42,0.59,0.86,0.16,0.02
Científico Investigador,108944,24,Doctorado,0.43,1.05,0.26,Bajo,0.8,0.1,0.93,0.11,0.63,0.67,0.68,0.27,0.33,0.55
Guardia de Seguridad,40886,21,Maestría,0.85,0.99,0.91,Alto,0.41,0.98,0.77,0.97,0.51,0.47,0.76,0.88,0.96,0.32
Soporte al Cliente,85744,21,Bachillerato,0.53,0.78,0.92,Alto,0.61,0.0,0.81,0.33,0.32,0.38,0.63,0.44,0.63,0.15
Trabajador de Comercio,75778,29,Maestría,0.73,0.75,0.88,Alto,0.58,0.11,0.18,0.04,0.81,0.55,0.32,0.13,0.48,0.53
Especialista en RRHH,88764,7,Bachillerato,0.69,1.4,0.58,Medio,0.74,0.29,0.3,0.78,0.3,0.56,0.25,0.82,0.11,0.83
Analista Financiero,62795,20,Licenciatura,0.19,1.04,0.41,Medio,0.32,0.35,0.06,0.99,0.03,0.66,0.37,0.65,0.36,0.67
Gerente de Marketing,107223,6,Licenciatura,0.69,0.61,0.56,Medio,0.28,0.03,0.41,0.43,0.47,0.7,0.31,0.32,0.06,0.69
Guardia de Seguridad,98835,2,Bachillerato,0.35,1.21,0.83,Alto,0.47,0.51,0.64,0.66,0.29,0.14,0.16,0.64,0.87,0.41
Ingeniero de IA,139640,22,Licenciatura,0.76,1.33,0.27,Bajo,0.61,0.86,0.02,0.11,0.09,0.71,0.07,0.5,0.47,0.31
Obrero de Construcción,87225,4,Doctorado,0.17,0.85,0.89,Alto,0.03,0.67,0.82,0.93,0.88,0.32,0.59,0.08,0.26,0.09
Trabajador de Comercio,37466,7,Doctorado,0.88,0.85,0.84,Alto,0.43,0.46,0.97,0.3,0.63,0.42,0.06,0.49,0.81,0.1
Científico de Datos,80530,11,Doctorado,0.15,1.26,0.59,Medio,0.57,0.47,0.89,0.77,0.81,0.81,0.64,0.46,0.86,0.93
Chef,40040,29,Bachillerato,0.05,1.46,0.41,Medio,0.87,0.39,0.12,0.08,0.16,0.25,0.49,0.7,0.99,0.44
Gerente de Marketing,145874,13,Doctorado,0.52,1.04,0.51,Medio,0.01,0.0,0.1,0.1,0.7,0.2,0.89,0.93,0.98,0.94
Diseñador Gráfico,60985,26,Bachillerato,0.51,0.68,0.62,Medio,0.89,0.85,0.43,0.76,0.1,0.04,0.75,0.43,1.0,0.1
Conductor de Camión,57262,25,Bachillerato,0.48,1.33,0.9,Alto,0.92,0.3,0.95,0.15,0.08,0.43,0.83,0.47,0.83,0.73
Ingeniero de IA,102022,26,Bachillerato,0.95,0.56,0.27,Bajo,0.3,0.5,0.42,0.17,0.36,0.19,0.2,0.19,0.49,0.8
Enfermero/a,31320,16,Maestría,0.89,1.14,0.22,Bajo,0.67,0.45,0.69,0.07,0.86,0.78,0.25,0.77,0.01,0.22
Guardia de Seguridad,84681,0,Maestría,0.78,1.26,0.9,Alto,0.0,0.5,0.7,0.16,0.65,0.08,0.18,0.48,0.65,0.15
Científico Investigador,82167,21,Doctorado,0.2,0.74,0.11,Bajo,0.4,0.65,0.44,0.78,0.72,0.13,0.05,0.88,0.08,0.15
Ingeniero de Software,64477,20,Licenciatura,0.63,1.08,0.69,Medio,0.89,0.41,0.37,0.3,0.15,0.14,0.13,0.11,0.24,0.31
Investigador UX,32565,13,Bachillerato,0.58,1.49,0.45,Medio,0.46,0.32,0.18,0.14,0.95,0.99,0.04,0.15,0.42,0.19
Guardia de Seguridad,112915,15,Bachillerato,0.13,0.96,0.77,Alto,0.35,0.09,0.43,0.98,0.33,0.88,0.84,0.95,0.79,0.66
Guardia de Seguridad,103251,9,Doctorado,0.08,0.96,0.95,Alto,0.77,0.96,0.78,0.87,0.71,0.76,0.52,0.92,0.83,0.84
Diseñador Gráfico,51258,26,Doctorado,0.3,0.54,0.67,Medio,0.59,0.3,0.15,0.83,0.84,0.81,0.65,0.37,0.3,0.01
Obrero de Construcción,115535,15,Licenciatura,0.09,1.13,0.83,Alto,0.53,0.93,0.03,0.77,0.05,0.04,0.43,0.06,0.79,0.53
Diseñador Gráfico,101156,10,Maestría,0.04,1.11,0.62,Medio,0.44,0.55,0.8,0.61,0.22,0.61,0.63,0.73,0.62,0.97
Soporte al Cliente,127417,6,Doctorado,0.95,1.04,0.87,Alto,0.1,0.38,0.77,0.71,0.04,0.55,0.09,1.0,0.9,0.02
Diseñador Gráfico,60066,13,Doctorado,0.92,0.85,0.59,Medio,0.44,0.66,0.34,0.32,0.42,0.15,0.83,0.35,0.4,0.89
Médico,78359,23,Licenciatura,0.54,1.46,0.27,Bajo,0.17,0.47,0.97,0.37,0.37,0.2,0.11,0.74,0.77,0.97
Diseñador Gráfico,78225,8,Licenciatura,0.24,0.54,0.69,Medio,0.34,0.31,0.91,0.59,0.21,0.89,0.99,0.09,0.86,0.39
Gerente de Marketing,135633,12,Licenciatura,0.91,1.47,0.4,Medio,0.21,0.08,0.56,0.01,0.41,0.07,0.41,0.04,0.84,0.21
Ingeniero de Software,32599,20,Bachillerato,0.87,1.25,0.39,Medio,0.07,0.72,0.39,0.77,0.45,0.35,0.45,0.75,0.9,0.05
Ingeniero de Software,41394,24,Licenciatura,0.69,1.41,0.68,Medio,0.03,0.99,0.32,0.84,0.18,0.06,0.38,0.86,0.22,0.15
Soporte al Cliente,91351,4,Licenciatura,0.94,0.51,0.88,Alto,0.31,0.37,0.47,0.43,0.51,0.58,0.47,0.7,0.72,0.44
Gerente de Marketing,60480,15,Doctorado,0.64,1.27,0.56,Medio,0.59,0.23,0.65,0.33,0.92,0.65,0.28,0.47,0.85,0.34
Conductor de Camión,113442,4,Licenciatura,0.68,1.25,0.74,Alto,0.57,0.91,0.97,0.66,0.98,0.57,0.44,0.55,0.12,0.4
Analista Financiero,32199,20,Doctorado,0.85,1.26,0.54,Medio,0.35,0.19,0.35,0.68,0.26,0.43,0.39,0.77,0.88,0.7
Médico,111646,27,Bachillerato,0.43,0.64,0.09,Bajo,0.16,0.13,0.18,0.2,0.11,0.64,0.99,0.88,0.05,0.42
Abogado,146536,28,Bachillerato,0.13,1.35,0.54,Medio,0.93,0.88,0.68,0.66,0.21,0.12,0.42,0.19,0.1,0.3
Trabajador de Comercio,100072,15,Maestría,0.02,0.79,0.81,Alto,0.51,0.18,0.96,0.58,0.52,0.01,0.49,0.84,0.22,0.35
Investigador UX,41246,26,Bachillerato,0.98,0.57,0.66,Medio,0.31,0.59,0.68,0.14,0.44,0.33,0.06,0.83,0.05,0.65
Guardia de Seguridad,120088,5,Doctorado,0.78,0.69,0.87,Alto,0.6,0.18,0.27,0.41,0.7,0.64,0.53,0.77,0.76,0.62
Enfermero/a,41913,21,Maestría,0.33,1.38,0.2,Bajo,0.82,0.55,0.22,0.54,0.37,0.7,0.48,0.84,0.68,0.68
Abogado,127771,14,Doctorado,0.98,1.34,0.62,Medio,0.33,0.54,0.14,0.54,0.15,0.55,0.65,0.39,0.5,0.88
Maestro,82035,28,Doctorado,0.79,0.67,0.06,Bajo,0.19,0.77,0.41,0.87,0.52,0.02,0.72,0.11,0.79,0.17
Enfermero/a,106970,21,Maestría,0.76,1.45,0.14,Bajo,0.83,0.19,0.81,0.66,0.19,0.3,0.13,0.38,0.2,0.64
Analista Financiero,75643,9,Doctorado,0.58,0.87,0.44,Medio,0.67,0.39,0.26,0.4,0.81,0.97,0.64,0.78,0.53,0.62
Médico,111751,13,Doctorado,0.44,0.57,0.29,Bajo,0.79,0.4,0.98,0.35,0.37,0.61,0.27,0.7,0.15,0.11
Ingeniero de Software,145650,29,Licenciatura,0.56,0.61,0.69,Medio,0.57,0.15,0.31,0.8,0.52,0.19,0.1,0.43,0.34,0.66
Obrero de Construcción,94649,9,Licenciatura,0.25,1.36,0.93,Alto,0.9,0.95,0.84,0.59,0.41,0.49,0.87,0.3,0.16,0.14
Científico Investigador,95615,25,Licenciatura,0.72,0.53,0.19,Bajo,0.88,0.02,0.41,0.93,0.35,0.46,0.98,0.2,0.07,0.86
Conductor de Camión,144317,8,Doctorado,0.47,1.01,0.91,Alto,0.74,0.27,0.02,0.48,0.86,0.9,0.96,0.88,0.58,0.44
Gerente de Marketing,66640,11,Licenciatura,0.74,1.04,0.33,Medio,0.93,0.46,0.36,0.63,0.67,0.21,0.84,0.29,0.19,0.41
Guardia de Seguridad,47528,4,Maestría,0.81,1.44,0.74,Alto,0.07,0.56,0.29,0.83,0.67,0.97,0.25,0.49,0.5,0.24
Médico,53655,12,Doctorado,0.44,0.95,0.14,Bajo,0.02,0.52,0.34,0.0,0.31,0.28,0.39,0.13,0.51,0.69
Científico de Datos,102264,4,Doctorado,0.93,0.95,0.57,Medio,0.27,0.41,0.71,0.51,0.93,0.74,0.56,0.89,0.67,0.65
Científico Investigador,42550,15,Bachillerato,0.39,1.18,0.27,Bajo,0.32,0.22,0.59,0.07,0.71,0.7,0.35,0.89,0.5,0.65
Investigador UX,91284,13,Bachillerato,0.42,1.36,0.39,Medio,0.39,0.32,0.15,0.29,0.23,0.92,0.74,0.32,0.76,0.02
Científico de Datos,51200,20,Bachillerato,0.25,0.61,0.65,Medio,0.2,0.82,0.41,0.01,0.73,0.6,0.34,0.28,0.07,0.94
Enfermero/a,147529,14,Licenciatura,0.09,1.37,0.12,Bajo,0.2,0.28,0.56,0.07,0.48,0.9,0.19,0.33,0.4,0.59
Médico,46151,5,Licenciatura,0.39,0.57,0.14,Bajo,0.19,0.65,0.03,0.29,0.55,0.28,0.55,0.11,0.94,0.29
Chef,146849,28,Licenciatura,0.33,1.28,0.4,Medio,0.67,0.32,0.51,0.67,0.59,0.58,0.07,0.25,0.57,0.02
Especialista en RRHH,44537,21,Maestría,0.23,0.75,0.51,Medio,0.58,0.91,0.39,0.93,0.65,0.91,0.83,0.69,0.36,0.24
Trabajador de Comercio,72294,14,Licenciatura,0.95,1.46,0.88,Alto,0.88,0.92,0.51,0.63,0.42,0.42,0.04,0.43,0.67,0.42
Trabajador de Comercio,45749,23,Bachillerato,0.33,0.63,0.9,Alto,0.67,0.24,0.54,0.4,0.94,0.61,0.16,0.5,0.86,0.67
Investigador UX,91561,20,Bachillerato,0.25,1.39,0.6,Medio,0.73,0.35,0.89,0.64,0.85,0.36,0.15,0.33,0.46,0.53
Analista Financiero,55757,10,Licenciatura,0.55,1.34,0.37,Medio,0.32,0.89,0.56,0.58,0.48,0.55,0.2,0.55,1.0,0.57
Analista Financiero,32251,9,Licenciatura,0.68,0.75,0.5,Medio,0.75,0.56,0.08,0.19,0.22,0.26,0.57,0.5,0.2,0.07
Maestro,94274,3,Bachillerato,0.98,0.97,0.27,Bajo,0.85,0.51,0.71,0.19,0.69,0.27,0.83,0.08,0.77,0.1
Analista Financiero,136023,0,Licenciatura,0.3,1.15,0.5,Medio,0.37,0.65,0.95,0.04,0.92,0.61,0.81,0.38,0.47,0.87
Diseñador Gráfico,126746,18,Bachillerato,0.53,0.52,0.36,Medio,0.64,0.72,0.58,0.14,0.45,0.36,0.5,0.87,0.78,0.08
Diseñador Gráfico,115421,2,Bachillerato,0.47,1.24,0.36,Medio,0.67,0.24,0.44,0.02,0.15,0.09,0.24,0.1,0.69,0.03
Trabajador de Comercio,45817,8,Bachillerato,0.14,1.45,0.93,Alto,0.23,0.61,0.03,0.93,0.52,0.04,0.34,0.08,0.39,0.67
Médico,76205,7,Bachillerato,0.38,0.62,0.11,Bajo,0.1,0.81,0.14,0.6,0.34,0.23,0.64,0.46,0.4,0.59
Abogado,142398,26,Maestría,0.3,1.06,0.57,Medio,0.03,0.47,0.06,0.19,0.56,0.87,0.88,0.07,0.42,0.58
Ingeniero de Software,54453,10,Bachillerato,0.77,1.24,0.66,Medio,0.01,0.22,0.83,0.67,0.89,0.06,0.6,0.57,0.04,0.51
Investigador UX,129821,29,Maestría,0.19,0.77,0.56,Medio,0.47,0.86,0.34,0.27,0.98,0.91,0.03,0.77,0.11,0.03
Científico Investigador,89615,10,Licenciatura,0.27,1.32,0.23,Bajo,0.98,0.71,0.42,0.7,1.0,0.71,0.76,0.94,0.11,0.7
Obrero de Construcción,57470,9,Doctorado,0.95,0.71,0.83,Alto,0.68,0.25,0.6,0.26,0.33,0.44,0.53,0.45,0.49,0.3
Chef,102082,12,Bachillerato,0.38,1.37,0.45,Medio,0.35,1.0,0.48,0.81,0.8,0.93,0.08,0.27,0.77,0.56
Analista Financiero,90639,23,Licenciatura,0.17,0.78,0.51,Medio,0.28,0.21,0.09,0.16,0.77,0.72,0.05,0.2,0.56,0.32
Soporte al Cliente,61854,28,Bachillerato,0.78,1.39,0.84,Alto,0.35,0.61,0.09,0.01,0.02,0.41,0.23,0.16,0.62,1.0
Gerente de Marketing,110882,2,Maestría,0.55,0.62,0.67,Medio,0.29,0.88,0.28,0.81,0.21,0.29,0.19,0.26,0.83,0.64
Ingeniero de IA,143352,14,Licenciatura,0.97,0.96,0.29,Bajo,0.2,0.9,0.01,0.55,0.42,0.53,0.55,0.39,1.0,0.98
Mecánico,91922,9,Doctorado,0.98,1.29,0.7,Medio,0.89,0.42,0.78,0.91,0.71,0.42,0.07,0.81,0.95,0.36
Guardia de Seguridad,116195,15,Bachillerato,0.33,1.08,0.78,Alto,0.61,0.97,0.67,0.36,0.94,0.57,0.13,0.5,0.65,0.84
Chef,91775,24,Bachillerato,0.3,0.68,0.55,Medio,0.23,0.08,0.0,0.61,0.36,0.75,0.38,0.49,0.41,0.65
Obrero de Construcción,86776,9,Doctorado,0.3,1.12,0.79,Alto,0.39,0.54,0.09,0.74,0.4,0.48,0.97,0.34,0.65,0.39
Mecánico,142192,18,Bachillerato,0.85,0.74,0.58,Medio,0.07,0.96,0.35,0.83,0.32,0.63,0.98,0.88,0.16,0.55
Maestro,120351,1,Licenciatura,0.43,0.84,0.13,Bajo,0.54,0.19,0.54,0.28,0.29,0.74,0.03,0.38,0.41,0.49
Soporte al Cliente,50080,3,Maestría,0.37,0.71,0.92,Alto,0.98,0.02,0.55,0.34,0.28,0.34,0.64,0.19,0.91,0.47
Conductor de Camión,95729,5,Doctorado,0.77,0.52,0.81,Alto,0.36,0.34,0.34,0.03,0.15,0.14,0.99,0.02,0.17,0.97
Soporte al Cliente,123330,1,Licenciatura,0.45,0.58,0.87,Alto,0.14,0.67,0.98,0.53,0.21,0.63,0.51,0.53,0.48,0.67
Maestro,96302,29,Maestría,0.99,1.33,0.12,Bajo,0.73,0.21,0.78,0.15,0.47,0.79,0.28,0.84,0.64,0.4
Especialista en RRHH,97986,4,Bachillerato,0.93,0.72,0.58,Medio,0.71,0.92,0.71,0.58,0.9,0.83,0.72,0.03,0.37,0.63
Mecánico,43776,23,Licenciatura,0.32,0.64,0.52,Medio,0.29,0.23,0.4,0.79,0.49,0.22,0.12,0.5,0.79,0.65
Investigador UX,37163,0,Licenciatura,0.44,1.36,0.37,Medio,0.53,0.36,0.12,0.05,0.56,0.02,0.1,0.35,0.04,0.4
Chef,135001,17,Doctorado,0.35,1.29,0.55,Medio,0.45,0.09,0.62,0.16,0.08,0.66,0.91,0.46,0.04,0.88
Guardia de Seguridad,108156,8,Bachillerato,0.87,0.89,0.79,Alto,0.54,0.96,0.9,0.47,0.7,0.58,0.69,0.83,0.03,0.33
Científico Investigador,68842,28,Maestría,0.95,0.51,0.1,Bajo,0.99,0.49,0.57,0.17,0.89,0.23,0.19,0.23,0.92,0.7
Obrero de Construcción,78039,0,Bachillerato,0.38,1.41,0.9,Alto,0.75,0.97,0.37,0.61,0.91,0.79,0.56,0.08,0.65,0.53
Gerente de Marketing,59552,1,Doctorado,0.88,0.84,0.45,Medio,0.67,0.49,0.09,0.39,0.09,0.19,0.01,0.18,0.33,0.54
Investigador UX,144759,18,Licenciatura,0.54,1.21,0.44,Medio,0.75,0.62,0.46,0.19,0.3,0.62,0.43,0.89,0.23,0.07
Obrero de Construcción,131442,13,Licenciatura,0.89,0.86,0.86,Alto,0.23,0.56,0.79,0.87,0.11,0.36,0.64,0.03,0.69,0.53
Diseñador Gráfico,126969,24,Licenciatura,0.81,0.79,0.7,Medio,0.82,0.71,0.06,0.9,0.79,0.23,0.39,0.27,0.98,0.85
Maestro,111606,11,Licenciatura,0.79,0.96,0.1,Bajo,0.21,0.15,0.55,0.92,0.99,0.29,0.7,0.6,0.49,0.67
Maestro,137904,28,Doctorado,0.94,1.21,0.24,Bajo,0.24,0.17,0.39,0.77,0.94,0.43,0.77,0.47,0.3,0.74
Científico Investigador,93878,11,Maestría,0.2,0.81,0.17,Bajo,0.19,0.93,0.59,0.12,0.18,0.95,0.74,0.73,0.07,0.9
Médico,71986,2,Doctorado,0.66,1.46,0.08,Bajo,0.48,0.05,0.5,0.25,0.91,0.4,0.63,0.86,0.98,0.5
Trabajador de Comercio,65169,23,Licenciatura,0.08,0.51,0.85,Alto,0.07,0.38,0.0,0.62,0.43,0.13,0.3,0.57,0.66,0.46
Ingeniero de IA,47330,9,Doctorado,0.11,0.58,0.06,Bajo,0.54,0.71,0.13,0.64,0.48,0.99,0.72,0.66,0.57,1.0
Gerente de Marketing,119937,16,Doctorado,0.54,0.96,0.48,Medio,0.43,0.53,0.27,0.93,0.49,0.84,0.48,0.72,0.34,0.62
Mecánico,113301,23,Doctorado,0.37,1.38,0.35,Medio,0.49,0.19,0.86,0.25,0.63,0.17,0.4,0.9,0.17,0.66
Científico Investigador,81899,17,Maestría,0.42,1.04,0.19,Bajo,0.6,0.64,0.27,0.4,0.04,0.77,0.84,0.2,0.2,0.04
Obrero de Construcción,100390,3,Maestría,0.81,0.86,0.82,Alto,0.29,0.6,0.72,0.45,0.87,0.52,0.14,0.62,0.46,0.94
Diseñador Gráfico,106019,26,Maestría,0.4,1.15,0.51,Medio,0.37,0.99,0.3,0.28,0.86,0.0,0.2,0.59,0.16,0.99
Mecánico,129878,15,Licenciatura,0.6,0.66,0.42,Medio,0.61,0.55,0.78,0.27,0.65,0.29,0.59,0.61,0.12,0.55
Investigador UX,55463,8,Bachillerato,0.5,1.2,0.33,Medio,0.94,0.46,0.94,0.11,0.95,0.11,0.46,0.94,0.23,0.03
Investigador UX,115275,13,Doctorado,0.6,1.01,0.31,Medio,0.65,0.17,0.93,0.69,0.71,0.23,0.88,0.54,0.86,0.27
Trabajador de Comercio,81408,2,Bachillerato,0.39,0.72,0.89,Alto,0.78,0.92,0.38,0.51,0.36,0.26,0.75,0.34,0.43,0.4
Conductor de Camión,93305,29,Bachillerato,0.92,1.17,0.82,Alto,0.78,0.64,0.06,0.1,0.04,0.46,0.83,0.31,0.38,0.91
Analista Financiero,115442,3,Licenciatura,0.67,0.77,0.35,Medio,0.02,0.11,0.29,0.55,0.06,0.14,0.18,0.63,0.62,0.55
Soporte al Cliente,86467,21,Maestría,0.37,0.6,0.76,Alto,0.9,0.98,0.65,0.92,0.64,0.03,1.0,0.1,0.68,0.25
Obrero de Construcción,87304,26,Maestría,0.65,0.94,0.76,Alto,0.33,0.34,0.96,0.8,0.46,0.2,0.81,0.16,0.21,0.37
Maestro,62734,29,Doctorado,0.13,0.62,0.17,Bajo,0.28,0.57,0.45,0.43,0.11,0.14,0.82,0.89,0.23,0.11
Maestro,76865,12,Maestría,0.61,1.22,0.14,Bajo,0.68,0.71,0.94,0.06,0.19,0.07,0.87,0.79,0.57,0.08
Abogado,147882,3,Licenciatura,0.3,1.06,0.4,Medio,0.07,0.73,0.3,0.45,0.13,0.8,0.57,0.9,0.5,0.94
Ingeniero de IA,126666,18,Bachillerato,0.58,1.43,0.13,Bajo,0.37,0.05,0.59,0.72,0.77,0.15,0.44,0.18,0.66,0.16
Médico,113319,3,Licenciatura,0.14,0.62,0.12,Bajo,1.0,0.33,0.94,0.39,0.44,0.8,0.09,0.18,0.97,0.51
Enfermero/a,134041,5,Maestría,0.91,1.37,0.16,Bajo,0.16,0.83,0.32,0.42,0.68,0.35,0.63,0.89,0.8,0.38
Maestro,43760,26,Maestría,0.29,0.85,0.17,Bajo,0.42,0.13,0.16,0.34,0.56,0.59,0.49,0.74,0.74,0.43
Analista Financiero,118670,29,Maestría,0.53,0.88,0.36,Medio,0.98,0.37,0.63,0.49,0.14,0.06,0.63,0.25,0.24,0.96
Guardia de Seguridad,80806,19,Maestría,0.03,0.84,0.85,Alto,0.33,0.03,0.44,0.11,0.62,0.62,0.04,0.29,0.41,0.55
Analista Financiero,83276,4,Licenciatura,0.29,1.48,0.32,Medio,0.99,0.05,0.29,0.49,0.14,0.13,0.26,0.97,0.38,0.57
Soporte al Cliente,58897,18,Maestría,0.74,1.19,0.78,Alto,0.11,0.28,0.21,0.14,0.02,0.94,0.92,0.05,0.17,0.14
Abogado,44842,0,Licenciatura,0.2,1.45,0.33,Medio,0.21,0.08,0.98,0.92,0.72,0.43,0.19,0.22,0.44,0.77
Obrero de Construcción,115984,27,Licenciatura,0.31,1.1,0.76,Alto,0.58,0.39,0.03,0.4,0.92,0.29,0.32,0.07,0.62,0.85
Investigador UX,105664,4,Doctorado,0.24,1.46,0.6,Medio,0.57,0.31,0.22,0.72,0.52,0.52,0.07,0.51,0.82,0.95
Maestro,130777,22,Doctorado,0.57,1.22,0.24,Bajo,0.9,0.0,0.0,0.47,0.03,0.97,0.22,0.47,0.06,0.52
Médico,82723,29,Doctorado,0.04,0.84,0.15,Bajo,0.99,0.21,0.54,0.99,0.79,0.99,0.97,0.49,0.7,0.11
Especialista en RRHH,104039,5,Bachillerato,0.81,1.01,0.58,Medio,0.75,0.25,0.88,0.46,0.21,0.87,0.42,0.75,0.55,0.38
Mecánico,33974,17,Maestría,0.58,0.89,0.34,Medio,0.9,0.04,0.86,0.36,0.64,0.92,0.15,0.57,0.76,0.76
Obrero de Construcción,148821,24,Maestría,0.62,1.26,0.91,Alto,0.76,0.35,1.0,0.43,0.02,0.36,0.13,0.12,0.28,0.05
Obrero de Construcción,51944,1,Bachillerato,0.07,0.7,0.72,Alto,0.06,0.27,0.57,0.96,0.88,0.88,0.18,0.26,0.08,0.78
Obrero de Construcción,127065,3,Maestría,0.56,0.75,0.76,Alto,0.99,0.76,0.84,0.57,0.87,0.65,0.95,0.28,0.6,0.69
Guardia de Seguridad,130874,25,Bachillerato,0.88,1.48,0.82,Alto,0.39,0.47,0.85,0.65,0.04,0.54,0.02,0.78,0.33,0.47
Analista Financiero,41039,9,Doctorado,0.05,0.66,0.46,Medio,0.23,0.34,1.0,0.83,0.88,0.94,0.34,0.3,0.23,0.83
Mecánico,102816,5,Licenciatura,0.91,0.73,0.58,Medio,0.55,0.54,0.72,0.21,0.16,0.65,0.29,0.97,0.45,0.11
Científico de Datos,133722,9,Licenciatura,0.31,0.65,0.47,Medio,0.96,0.41,0.35,0.44,0.01,0.13,0.85,0.98,0.16,0.54
Soporte al Cliente,136657,8,Doctorado,0.16,0.69,0.93,Alto,0.71,0.15,0.39,0.06,0.43,0.78,0.55,0.65,0.33,0.16
Enfermero/a,135817,9,Bachillerato,0.82,1.14,0.11,Bajo,0.42,0.8,0.54,0.3,0.27,0.22,0.82,0.58,0.71,0.86
Ingeniero de Software,93483,25,Doctorado,0.25,0.68,0.48,Medio,0.04,0.79,0.88,0.69,0.27,0.12,0.38,0.83,0.35,0.03
Trabajador de Comercio,111165,4,Doctorado,0.99,1.18,0.93,Alto,0.77,0.54,0.15,0.35,0.58,0.87,0.27,0.12,0.56,0.18
Científico de Datos,73815,28,Doctorado,0.26,0.73,0.46,Medio,0.59,0.55,0.24,0.89,0.11,0.04,0.6,0.12,0.5,0.95
Obrero de Construcción,40244,20,Doctorado,0.62,1.07,0.74,Alto,0.43,0.34,0.95,0.24,0.47,0.94,0.79,0.96,0.61,0.33
Científico de Datos,116483,5,Bachillerato,0.29,0.66,0.58,Medio,0.64,0.88,0.96,0.86,0.06,0.66,0.78,0.98,0.37,0.17
Científico de Datos,149346,28,Bachillerato,0.32,1.1,0.46,Medio,0.4,0.73,0.36,0.69,0.01,0.32,0.32,0.75,0.31,0.63
Investigador UX,104399,19,Doctorado,0.66,1.1,0.47,Medio,0.37,0.56,0.06,0.88,0.83,0.35,0.57,0.93,0.27,0.74
Mecánico,92327,4,Bachillerato,0.53,0.68,0.55,Medio,0.29,0.79,0.81,0.46,0.18,0.65,0.99,0.62,0.04,0.02
Maestro,111399,1,Doctorado,0.2,1.31,0.26,Bajo,0.26,0.33,0.24,0.91,0.5,0.66,0.42,0.63,0.39,0.34
Maestro,114267,28,Doctorado,0.59,0.79,0.09,Bajo,0.37,0.42,0.63,0.91,0.04,0.24,0.19,0.5,0.43,0.73
Conductor de Camión,93537,18,Bachillerato,0.95,1.3,0.75,Alto,0.29,0.98,0.37,0.78,0.45,0.86,0.7,0.02,0.29,0.56
Chef,144147,11,Licenciatura,0.1,1.1,0.42,Medio,0.89,0.77,0.37,0.17,0.01,0.62,0.41,0.31,0.99,0.47
Obrero de Construcción,126172,19,Maestría,0.18,0.51,0.8,Alto,0.67,0.51,0.89,0.43,0.31,0.92,0.41,0.27,0.1,0.79
Ingeniero de Software,108267,16,Licenciatura,0.03,0.86,0.6,Medio,0.95,0.38,0.87,0.39,0.18,0.0,0.33,0.38,0.95,0.21
Trabajador de Comercio,56013,0,Bachillerato,0.76,1.42,0.76,Alto,0.43,0.12,0.46,0.13,0.52,0.73,0.55,0.25,0.35,0.64
Chef,43829,14,Licenciatura,0.14,1.34,0.49,Medio,0.16,0.12,0.97,0.28,0.91,0.41,0.39,0.7,0.01,0.34
Guardia de Seguridad,42391,10,Bachillerato,0.87,1.03,0.79,Alto,0.27,0.59,0.15,0.25,0.29,0.61,0.37,0.51,0.65,0.96
Maestro,55123,8,Maestría,0.75,1.45,0.17,Bajo,0.41,0.08,0.89,0.25,0.06,0.54,0.85,0.41,0.78,0.84
Diseñador Gráfico,147420,27,Doctorado,0.59,1.03,0.68,Medio,0.73,0.93,0.22,0.31,0.07,0.5,0.87,0.33,0.13,0.07
Científico de Datos,120299,5,Bachillerato,0.16,0.85,0.63,Medio,0.38,0.61,0.5,0.72,0.16,0.92,0.64,0.27,0.12,0.15
Especialista en RRHH,69140,2,Doctorado,0.59,0.88,0.43,Medio,0.86,0.87,0.58,0.52,0.82,0.75,0.4,0.08,0.77,0.17
Trabajador de Comercio,113698,3,Doctorado,0.84,1.08,0.92,Alto,0.48,0.93,0.35,0.72,0.3,0.0,0.38,0.74,0.15,0.5
Conductor de Camión,75939,26,Bachillerato,0.07,1.12,0.94,Alto,0.31,0.58,0.95,0.65,0.67,0.18,0.49,0.37,0.47,0.8
Conductor de Camión,54180,13,Licenciatura,0.06,1.41,0.84,Alto,0.92,0.57,0.07,0.55,0.58,0.21,0.47,0.46,0.62,0.26
Enfermero/a,125941,7,Maestría,0.24,0.95,0.08,Bajo,0.04,0.32,0.27,0.41,0.96,0.52,0.55,0.94,0.92,0.88
Obrero de Construcción,42003,4,Maestría,0.63,1.31,0.91,Alto,0.58,0.02,0.97,0.47,0.39,0.39,0.42,0.24,0.33,0.99
Ingeniero de IA,46915,29,Maestría,0.53,1.35,0.18,Bajo,0.32,0.52,0.11,0.13,0.69,0.92,0.73,0.07,0.4,0.0
Ingeniero de IA,59179,21,Bachillerato,0.19,1.37,0.08,Bajo,0.0,0.45,0.16,0.74,0.92,0.04,0.4,1.0,0.73,0.95
Analista Financiero,119257,5,Licenciatura,0.22,0.65,0.42,Medio,0.72,0.16,0.52,0.27,0.83,0.01,0.22,0.61,0.1,0.47
Gerente de Marketing,113994,8,Bachillerato,0.85,1.13,0.56,Medio,0.95,0.98,0.65,0.52,0.61,0.38,0.99,0.71,0.29,0.06
Médico,88742,5,Licenciatura,0.68,1.46,0.1,Bajo,0.55,0.6,1.0,0.2,0.52,0.35,0.53,0.23,0.05,0.57
Analista Financiero,65963,15,Maestría,0.18,0.82,0.32,Medio,0.95,0.58,0.81,0.42,0.9,0.48,0.57,0.49,0.73,0.57
Especialista en RRHH,128770,11,Licenciatura,0.15,1.11,0.5,Medio,0.1,0.4,0.51,0.83,0.08,0.35,0.82,0.65,0.29,0.85
Chef,61977,24,Doctorado,0.5,1.48,0.68,Medio,0.36,0.14,0.33,0.03,0.02,0.4,0.94,0.87,0.51,0.57
Investigador UX,86195,10,Licenciatura,0.22,0.52,0.6,Medio,0.15,0.87,0.64,0.23,0.16,0.63,0.9,0.72,0.35,0.59
Diseñador Gráfico,35136,17,Maestría,1.0,1.25,0.55,Medio,0.42,0.62,0.34,0.03,0.4,0.93,0.63,0.08,0.88,0.27
Mecánico,139950,28,Maestría,0.3,1.08,0.52,Medio,0.49,0.72,0.32,0.78,0.18,0.78,0.66,0.68,0.48,0.67
Investigador UX,133488,28,Doctorado,0.85,0.56,0.36,Medio,0.58,0.74,0.08,0.92,0.97,0.61,0.48,0.74,0.33,0.49
Médico,87251,29,Doctorado,0.96,1.43,0.12,Bajo,0.23,0.3,0.44,0.31,0.37,0.62,0.76,0.74,0.81,0.03
Conductor de Camión,48456,27,Maestría,0.79,1.03,0.84,Alto,0.05,0.26,0.64,0.86,0.92,0.5,0.55,0.83,0.54,0.52
Obrero de Construcción,134042,12,Bachillerato,0.79,1.41,0.75,Alto,0.52,0.84,0.11,0.79,0.18,0.81,0.61,0.19,0.47,0.68
Ingeniero de Software,42054,7,Licenciatura,0.43,1.4,0.51,Medio,0.51,0.06,0.92,0.18,0.53,0.8,0.22,0.53,0.24,0.76
Ingeniero de IA,73441,18,Doctorado,0.86,1.39,0.21,Bajo,0.73,0.55,0.38,0.65,0.91,0.42,0.31,0.39,0.44,0.07
Gerente de Marketing,80321,27,Bachillerato,0.29,1.1,0.37,Medio,0.55,0.86,0.51,0.68,0.08,0.45,0.09,0.6,0.28,0.29
Científico de Datos,94566,27,Licenciatura,0.31,1.01,0.53,Medio,0.07,0.65,0.49,0.54,0.83,0.34,0.17,0.55,0.95,0.52
Especialista en RRHH,42857,5,Maestría,0.76,1.02,0.56,Medio,0.41,0.53,0.51,0.71,0.41,0.1,0.79,0.68,0.95,0.43
Médico,114271,7,Licenciatura,0.12,1.27,0.07,Bajo,0.91,0.28,0.9,0.77,0.87,0.21,0.6,0.09,0.2,0.31
Investigador UX,104745,20,Bachillerato,0.85,1.32,0.6,Medio,0.63,0.68,0.81,0.66,0.33,0.38,0.9,0.02,0.7,0.95
Analista Financiero,119729,24,Maestría,0.99,1.19,0.31,Medio,0.83,0.28,0.45,0.31,0.27,0.43,0.38,0.63,0.81,0.3
Abogado,58134,20,Licenciatura,0.67,1.17,0.66,Medio,0.02,0.85,0.52,0.62,0.09,0.43,0.23,0.25,0.5,0.81
Conductor de Camión,57987,28,Bachillerato,0.59,1.04,0.81,Alto,0.97,0.56,0.25,0.23,0.61,0.52,0.01,0.83,0.7,0.66
Investigador UX,135454,1,Doctorado,0.36,1.44,0.65,Medio,0.29,0.16,0.45,0.36,0.68,0.97,0.36,0.06,0.9,0.04
Analista Financiero,60539,3,Doctorado,0.66,1.44,0.38,Medio,0.04,0.49,0.45,0.33,0.96,0.82,0.66,0.16,0.73,0.73
Abogado,113081,17,Doctorado,0.92,0.67,0.41,Medio,0.06,0.8,0.62,0.31,0.16,0.04,0.17,0.45,0.25,0.26
Especialista en RRHH,146180,1,Bachillerato,0.52,1.23,0.31,Medio,0.37,0.48,0.19,0.12,0.87,0.94,0.08,0.35,0.96,0.08
Maestro,140164,17,Doctorado,0.97,1.48,0.17,Bajo,0.16,0.2,0.89,0.91,0.61,0.77,0.74,0.66,0.83,0.69
Abogado,54599,27,Maestría,0.24,1.24,0.49,Medio,0.29,0.8,0.7,0.94,0.17,0.65,0.24,0.9,0.1,0.66
Ingeniero de Software,68921,19,Maestría,0.35,1.45,0.64,Medio,0.29,0.01,0.3,0.28,0.89,0.97,0.07,0.47,0.55,0.09
Gerente de Marketing,140747,11,Doctorado,0.65,1.46,0.43,Medio,0.21,0.56,0.54,0.59,0.35,0.01,0.04,0.66,0.52,0.82
Analista Financiero,138809,19,Licenciatura,0.82,0.93,0.34,Medio,0.98,0.51,0.63,0.67,0.36,0.75,0.87,0.39,0.66,0.76
Mecánico,35983,19,Licenciatura,0.33,0.61,0.54,Medio,0.8,0.61,0.18,0.55,0.83,0.3,0.83,0.78,0.02,0.24
Guardia de Seguridad,47946,7,Bachillerato,0.72,1.38,0.86,Alto,0.38,0.18,0.76,0.21,0.7,0.18,0.09,0.25,0.28,0.65
Conductor de Camión,138295,29,Maestría,0.2,0.53,0.83,Alto,0.08,0.47,0.93,0.72,0.08,0.22,0.67,0.89,0.03,0.81
Enfermero/a,97806,11,Maestría,0.55,1.46,0.24,Bajo,0.85,0.35,0.55,0.62,0.32,0.57,0.24,0.14,0.37,0.74
Científico de Datos,111339,0,Licenciatura,0.46,1.14,0.34,Medio,0.9,0.57,0.78,0.79,0.26,0.53,0.96,0.09,0.68,0.96
Científico de Datos,70720,17,Licenciatura,0.86,1.43,0.6,Medio,0.23,0.33,0.04,0.83,0.85,0.63,0.35,0.08,0.75,0.73
Especialista en RRHH,50914,19,Licenciatura,0.73,1.33,0.6,Medio,0.63,0.43,0.9,0.65,0.4,0.08,0.29,0.54,0.28,0.22
Analista Financiero,112684,28,Licenciatura,0.17,1.3,0.49,Medio,0.57,0.15,0.32,0.41,0.81,0.77,0.22,0.62,0.24,0.99
Especialista en RRHH,55568,19,Doctorado,0.56,1.2,0.62,Medio,0.72,0.7,0.96,0.6,0.64,0.85,0.67,0.73,0.23,0.37
Diseñador Gráfico,130965,29,Bachillerato,0.51,0.96,0.7,Medio,0.61,0.79,0.33,0.83,0.62,0.7,0.29,0.55,0.63,0.59
Médico,38861,29,Licenciatura,0.9,1.47,0.22,Bajo,0.97,0.83,0.27,0.43,0.24,0.0,0.19,0.0,0.72,0.43
Maestro,88812,18,Licenciatura,0.76,1.33,0.29,Bajo,0.64,0.46,0.31,0.22,0.21,0.41,0.99,0.0,0.2,0.19
Analista Financiero,104900,16,Doctorado,0.35,0.96,0.36,Medio,0.4,0.1,0.53,0.1,0.79,0.57,0.72,0.42,0.38,0.1
Ingeniero de IA,121814,0,Bachillerato,0.51,0.97,0.24,Bajo,0.83,0.75,0.14,0.62,0.08,0.69,0.38,0.13,0.86,0.61
Trabajador de Comercio,112283,22,Doctorado,0.03,1.04,0.93,Alto,0.6,0.97,0.14,0.57,0.8,0.53,0.09,0.58,0.61,0.73
Ingeniero de IA,79678,0,Licenciatura,0.77,1.16,0.1,Bajo,0.4,0.78,0.95,0.08,0.54,0.31,0.23,0.51,0.61,0.01
Enfermero/a,136020,27,Licenciatura,0.82,1.47,0.1,Bajo,0.59,0.43,0.33,0.57,0.78,0.02,0.97,0.81,0.75,0.76
Ingeniero de Software,127155,3,Doctorado,0.75,0.89,0.66,Medio,0.18,0.29,0.55,0.32,0.42,0.49,0.86,0.52,0.36,0.25
Maestro,94813,15,Licenciatura,0.52,1.25,0.08,Bajo,0.22,0.38,0.36,0.39,0.79,0.32,0.5,0.62,0.23,0.72
Ingeniero de Software,127501,7,Doctorado,0.45,1.31,0.4,Medio,0.88,0.56,0.61,0.88,0.82,0.6,0.75,0.43,0.55,0.06
Obrero de Construcción,90843,27,Maestría,0.83,0.56,0.74,Alto,0.8,0.0,0.28,0.58,0.6,0.78,0.51,0.51,0.73,0.5
Analista Financiero,34715,6,Doctorado,0.9,0.9,0.45,Medio,0.0,0.61,0.03,0.5,0.8,0.55,0.27,0.79,0.27,0.73
Científico de Datos,44870,15,Doctorado,0.72,0.72,0.41,Medio,0.75,0.18,0.25,0.02,0.72,0.62,0.69,0.21,0.69,0.6
Trabajador de Comercio,45432,11,Bachillerato,0.44,1.07,0.82,Alto,0.64,0.18,0.54,0.45,0.46,0.47,0.88,0.82,0.63,0.72
Mecánico,102964,5,Bachillerato,0.74,0.99,0.43,Medio,0.14,0.08,0.04,0.16,0.03,0.73,0.25,0.37,0.82,0.11
Científico de Datos,127677,13,Licenciatura,0.64,0.84,0.35,Medio,0.09,0.34,0.14,0.27,0.05,0.6,0.15,0.76,0.22,0.8
Trabajador de Comercio,36918,16,Licenciatura,0.24,1.25,0.92,Alto,0.88,0.78,0.41,0.98,0.38,0.64,0.16,0.98,0.7,0.75
Chef,78634,1,Bachillerato,0.76,1.27,0.57,Medio,0.29,0.49,0.11,0.47,0.24,0.35,0.16,0.23,0.08,0.92
Guardia de Seguridad,95199,20,Doctorado,0.4,1.04,0.86,Alto,0.92,0.18,0.3,0.98,0.37,0.02,0.15,0.03,0.99,0.28
Guardia de Seguridad,115062,6,Licenciatura,1.0,1.1,0.71,Alto,0.08,0.48,0.41,0.61,0.44,0.93,0.53,0.69,0.9,0.15
Abogado,119007,17,Licenciatura,0.78,1.19,0.48,Medio,0.42,0.07,0.01,0.53,0.42,0.8,0.54,0.94,0.2,0.99
Enfermero/a,58333,13,Doctorado,0.64,1.0,0.14,Bajo,0.14,0.13,0.71,0.38,0.96,0.33,0.98,0.21,0.1,0.31
Científico de Datos,140415,12,Doctorado,0.52,0.64,0.38,Medio,0.31,0.59,0.33,0.75,0.62,0.87,0.5,0.33,1.0,0.36
Abogado,89151,21,Doctorado,0.81,0.59,0.45,Medio,0.09,0.14,0.0,0.01,0.38,0.81,0.59,0.63,0.52,0.82
Conductor de Camión,62784,17,Maestría,0.85,1.31,0.75,Alto,0.59,0.58,0.53,0.48,0.09,0.1,0.9,0.63,0.26,0.28
Abogado,143268,17,Maestría,0.41,0.94,0.32,Medio,0.14,0.39,0.7,0.05,0.33,0.7,0.79,0.19,0.73,0.96
Conductor de Camión,85134,17,Licenciatura,0.79,1.21,0.76,Alto,0.63,0.64,0.41,0.49,0.69,0.95,0.3,0.25,0.6,0.13
Chef,87109,10,Maestría,0.09,0.99,0.55,Medio,0.07,0.21,0.34,0.37,0.68,0.53,0.38,0.45,0.01,0.77
Ingeniero de Software,114116,1,Maestría,0.83,1.04,0.51,Medio,0.7,0.86,0.94,0.54,0.15,0.88,0.04,0.81,0.68,0.9
Científico Investigador,39495,3,Maestría,0.05,1.11,0.08,Bajo,0.08,0.45,0.1,0.73,0.97,0.57,0.24,0.84,0.85,0.73
Científico de Datos,115380,12,Doctorado,0.87,0.66,0.67,Medio,0.95,0.87,0.25,0.86,0.5,0.59,0.84,0.03,0.36,0.82
Chef,117843,5,Maestría,0.85,0.67,0.58,Medio,0.15,0.79,0.25,0.74,0.46,0.99,0.58,0.63,0.37,0.73
Analista Financiero,84104,12,Licenciatura,0.02,1.11,0.63,Medio,0.24,0.22,0.61,0.82,0.25,0.93,0.93,0.2,0.26,0.7
Ingeniero de Software,81179,29,Maestría,0.71,0.94,0.37,Medio,0.46,0.61,0.33,0.51,0.13,0.45,0.09,0.05,0.86,0.21
Enfermero/a,120404,26,Licenciatura,0.15,0.76,0.14,Bajo,0.14,0.05,0.88,0.01,0.06,0.81,0.28,0.72,0.15,0.24
Científico Investigador,127119,25,Bachillerato,0.99,0.57,0.15,Bajo,0.04,0.2,0.91,0.1,0.86,0.18,0.86,0.54,0.88,0.15
Ingeniero de Software,84232,19,Maestría,0.68,1.04,0.62,Medio,0.65,0.88,0.38,0.59,0.87,0.21,0.49,0.96,0.47,0.25
Obrero de Construcción,38689,14,Licenciatura,0.59,1.47,0.74,Alto,0.85,0.7,0.77,0.28,0.29,0.91,0.36,0.06,0.6,0.12
Trabajador de Comercio,143466,16,Bachillerato,0.64,1.37,0.9,Alto,0.11,0.38,0.77,0.42,0.97,0.74,0.02,0.88,0.1,0.14
Investigador UX,141038,14,Doctorado,0.86,1.04,0.42,Medio,0.35,0.34,0.33,0.24,0.61,0.9,0.31,0.19,0.84,0.74
Soporte al Cliente,117526,20,Maestría,0.17,0.64,0.84,Alto,0.61,0.48,0.6,0.18,0.48,0.66,0.43,0.68,0.45,0.33
Abogado,99503,19,Licenciatura,0.41,0.52,0.57,Medio,0.85,0.35,0.05,0.99,0.26,0.13,0.37,0.74,0.29,0.57
Maestro,39157,6,Maestría,0.12,0.83,0.23,Bajo,0.61,0.12,0.16,0.64,0.81,0.35,0.6,0.17,0.31,0.02
Diseñador Gráfico,143565,6,Doctorado,0.4,1.32,0.58,Medio,0.83,0.29,0.19,0.97,0.72,0.83,0.01,0.35,0.74,0.08
Científico Investigador,107952,16,Maestría,0.43,0.52,0.11,Bajo,0.28,0.11,0.63,0.24,0.28,0.9,0.47,0.39,0.72,0.91
Mecánico,81224,2,Doctorado,0.45,1.11,0.43,Medio,0.77,0.97,0.94,0.27,0.23,0.96,0.46,0.21,0.71,0.28
Científico de Datos,49517,21,Licenciatura,0.88,0.66,0.33,Medio,0.27,0.61,0.12,0.47,0.63,0.85,0.23,0.82,0.23,0.68
Chef,70849,22,Licenciatura,0.11,1.21,0.39,Medio,0.18,0.36,0.65,0.23,0.18,0.01,0.47,0.43,0.23,0.05
Especialista en RRHH,142277,24,Maestría,0.79,1.22,0.64,Medio,0.01,0.97,0.34,0.99,0.25,0.47,0.35,0.36,0.84,0.75
Guardia de Seguridad,137251,25,Bachillerato,0.61,0.96,0.72,Alto,1.0,0.55,0.7,0.41,0.55,0.94,0.17,0.29,0.15,0.79
Mecánico,42979,1,Licenciatura,0.08,0.8,0.51,Medio,0.41,0.04,0.96,0.95,0.28,0.73,0.58,0.24,0.26,0.49
Ingeniero de IA,102868,7,Licenciatura,0.29,1.31,0.17,Bajo,0.65,0.19,0.53,0.32,0.53,0.78,0.77,0.35,0.69,0.94
Soporte al Cliente,31649,0,Licenciatura,0.57,1.42,0.8,Alto,0.63,0.89,0.59,0.61,0.72,0.88,0.09,0.34,0.4,0.91
Diseñador Gráfico,91305,20,Bachillerato,0.12,0.62,0.67,Medio,0.3,0.24,0.04,0.28,0.69,0.43,0.52,0.92,0.11,0.07
Investigador UX,38738,16,Bachillerato,0.77,0.76,0.43,Medio,0.31,0.65,0.06,0.49,0.13,0.82,0.38,0.53,0.03,0.06
Analista Financiero,55775,24,Bachillerato,0.77,1.21,0.59,Medio,0.1,0.69,0.18,0.1,0.76,0.89,0.72,0.81,0.99,0.13
Mecánico,45569,3,Doctorado,0.6,1.31,0.56,Medio,0.57,0.7,0.32,0.92,0.12,0.32,0.03,0.27,0.22,0.05
Médico,89327,3,Licenciatura,0.47,0.58,0.12,Bajo,0.95,0.11,0.31,0.04,0.15,0.7,0.37,0.45,0.16,0.68
Investigador UX,142674,24,Licenciatura,0.18,0.54,0.33,Medio,0.66,0.14,0.49,0.15,0.17,0.0,0.32,0.09,0.39,0.6
Obrero de Construcción,67602,10,Licenciatura,0.71,1.24,0.87,Alto,0.94,0.24,0.19,0.61,0.59,0.51,0.0,0.56,0.93,0.33
Mecánico,68057,12,Licenciatura,0.36,0.64,0.46,Medio,0.49,0.63,0.5,0.54,0.02,0.25,0.31,0.99,0.3,0.9
Analista Financiero,108104,26,Maestría,0.1,0.75,0.41,Medio,0.98,0.67,0.93,0.83,0.58,0.68,0.62,0.67,0.26,0.41
Médico,139418,27,Licenciatura,0.04,0.98,0.26,Bajo,0.49,0.55,0.2,0.79,0.36,0.96,0.99,0.92,0.08,0.33
Diseñador Gráfico,65411,11,Bachillerato,0.8,1.41,0.53,Medio,0.48,0.11,0.84,0.75,0.06,0.21,0.56,0.68,0.14,0.24
Analista Financiero,139497,2,Licenciatura,0.22,1.42,0.59,Medio,0.74,0.79,0.36,0.77,0.98,0.7,0.42,0.72,0.9,0.13
Ingeniero de IA,53043,0,Bachillerato,0.92,1.45,0.17,Bajo,0.37,0.28,0.5,0.93,0.15,0.42,0.91,0.35,0.77,0.39
Analista Financiero,139732,15,Doctorado,0.98,0.89,0.64,Medio,0.99,0.98,0.43,0.49,0.3,0.31,0.49,0.2,0.71,0.54
Abogado,146332,27,Maestría,0.81,0.82,0.5,Medio,0.75,0.19,0.03,0.85,0.14,0.89,0.91,0.46,0.81,0.36
Trabajador de Comercio,110314,5,Licenciatura,0.82,0.58,0.85,Alto,0.64,0.0,0.98,0.41,0.52,0.19,0.61,0.81,0.59,0.79
Especialista en RRHH,147230,13,Doctorado,0.5,0.87,0.6,Medio,0.87,0.88,0.23,0.9,0.34,0.31,0.73,0.3,0.05,0.37
Científico Investigador,107271,15,Maestría,0.32,0.64,0.05,Bajo,0.45,0.91,0.31,0.2,0.93,0.11,0.05,0.88,0.7,0.42
Trabajador de Comercio,135812,28,Doctorado,0.74,0.54,0.87,Alto,0.64,0.96,0.97,0.38,0.59,0.14,0.07,0.43,0.69,0.57
Diseñador Gráfico,138613,9,Doctorado,0.28,0.88,0.56,Medio,0.33,0.88,0.11,0.04,0.21,0.29,0.11,0.07,0.76,0.16
Enfermero/a,82774,4,Maestría,0.37,1.17,0.11,Bajo,0.24,0.57,0.56,0.77,0.76,0.67,0.45,0.89,0.62,0.99
Conductor de Camión,44436,10,Licenciatura,0.04,0.82,0.84,Alto,0.72,0.55,0.79,0.28,0.18,0.05,0.57,0.69,0.33,0.61
Conductor de Camión,41573,6,Bachillerato,0.1,1.2,0.79,Alto,0.67,0.83,0.85,0.17,0.49,0.73,0.77,0.78,0.23,0.19
Científico Investigador,99269,3,Licenciatura,0.74,0.82,0.08,Bajo,0.72,0.3,0.17,0.15,0.31,0.59,0.36,0.02,0.1,0.29
Científico de Datos,55734,17,Doctorado,0.1,1.06,0.35,Medio,0.21,0.17,0.07,0.67,0.46,0.83,0.1,0.14,0.31,0.77
Chef,43764,25,Licenciatura,0.41,0.8,0.33,Medio,0.94,0.55,0.79,0.66,0.51,0.09,0.64,0.16,0.41,0.63
Conductor de Camión,40485,2,Bachillerato,0.69,1.17,0.74,Alto,0.35,0.04,0.72,0.95,0.26,0.09,0.48,0.86,0.55,0.05
Guardia de Seguridad,83804,21,Licenciatura,0.22,0.54,0.84,Alto,0.13,0.34,0.51,0.9,0.08,0.67,0.01,0.63,0.55,0.81
Analista Financiero,97635,18,Bachillerato,0.35,0.74,0.33,Medio,0.53,0.89,0.51,0.74,0.3,0.45,0.32,0.11,0.42,0.76
Guardia de Seguridad,100880,19,Licenciatura,0.65,1.26,0.78,Alto,0.8,0.34,0.26,0.22,0.2,0.74,0.89,0.23,0.09,0.31
Enfermero/a,74344,20,Licenciatura,0.37,1.05,0.24,Bajo,0.41,1.0,0.3,0.98,0.2,0.11,0.75,0.7,0.81,0.34
Abogado,122424,26,Maestría,0.12,0.53,0.42,Medio,0.8,0.67,0.44,0.26,0.06,0.34,0.46,0.69,0.65,0.95
Especialista en RRHH,131388,29,Licenciatura,0.34,0.98,0.57,Medio,0.5,0.91,0.61,0.04,0.11,0.75,0.72,0.15,0.06,0.58
Médico,146649,9,Bachillerato,0.14,0.97,0.13,Bajo,0.93,0.22,0.73,0.52,0.01,0.52,0.1,0.66,0.57,0.01
Científico de Datos,79117,3,Doctorado,0.01,1.24,0.59,Medio,0.17,0.96,0.22,0.46,0.11,0.6,0.38,0.35,0.83,0.01
Conductor de Camión,45685,27,Bachillerato,0.57,1.49,0.85,Alto,0.06,0.05,0.88,0.84,0.35,0.62,0.49,0.97,0.95,0.98
Trabajador de Comercio,134031,16,Maestría,0.91,0.72,0.91,Alto,0.71,0.96,0.57,0.09,0.6,0.69,0.22,0.39,0.6,0.37
Enfermero/a,67595,16,Bachillerato,0.13,1.44,0.24,Bajo,0.0,0.77,0.74,0.01,0.37,0.61,0.45,0.78,0.43,0.15
Gerente de Marketing,54541,1,Maestría,0.24,1.22,0.36,Medio,0.33,0.44,0.19,0.45,0.16,0.56,0.66,0.06,0.87,0.19
Obrero de Construcción,118598,7,Licenciatura,0.66,0.97,0.82,Alto,0.13,0.81,0.62,0.14,0.37,0.81,0.57,0.11,0.37,0.24
Especialista en RRHH,70785,10,Bachillerato,0.6,1.13,0.61,Medio,0.15,0.97,0.36,0.63,0.47,0.47,0.7,0.99,0.66,0.79
Gerente de Marketing,131633,28,Bachillerato,0.18,0.81,0.61,Medio,0.45,0.88,0.15,0.51,0.65,0.52,0.89,0.99,0.12,0.13
Investigador UX,90359,15,Maestría,0.68,0.87,0.59,Medio,0.41,0.63,0.77,0.55,0.54,0.09,0.41,0.55,0.46,0.9
Enfermero/a,55642,3,Licenciatura,0.82,0.88,0.23,Bajo,0.4,0.23,0.34,0.07,0.33,0.46,0.96,0.31,0.9,0.23
Especialista en RRHH,117657,0,Maestría,0.52,1.17,0.32,Medio,0.22,0.46,0.33,0.71,0.51,0.16,0.89,0.29,0.73,0.78
Especialista en RRHH,128525,0,Bachillerato,0.5,1.12,0.43,Medio,0.68,0.46,0.44,0.86,0.05,0.88,0.85,0.51,0.49,0.36
Mecánico,41360,18,Licenciatura,0.11,1.09,0.57,Medio,0.93,0.78,0.64,0.12,0.37,0.14,0.88,0.75,0.76,0.65
Obrero de Construcción,135190,10,Maestría,0.15,0.83,0.73,Alto,0.72,0.16,0.7,0.69,0.46,0.14,0.31,0.32,0.7,0.11
Abogado,81747,21,Bachillerato,0.48,0.77,0.45,Medio,0.35,0.06,0.47,0.99,0.3,0.74,0.55,0.33,0.09,0.22
Soporte al Cliente,131809,2,Bachillerato,0.28,0.64,0.78,Alto,0.58,0.7,0.39,0.5,0.45,0.01,0.4,0.59,0.57,0.75
Trabajador de Comercio,145070,14,Maestría,0.28,0.76,0.82,Alto,0.73,0.09,0.95,0.54,0.31,0.69,0.04,0.48,0.49,0.16
Guardia de Seguridad,98688,8,Maestría,0.8,0.65,0.79,Alto,0.1,0.85,0.32,0.44,0.32,0.31,0.75,0.75,0.52,0.66
Guardia de Seguridad,53545,7,Licenciatura,0.03,0.57,0.8,Alto,0.75,0.91,0.03,0.37,0.22,0.82,0.85,0.21,0.71,0.73
Ingeniero de Software,138322,14,Doctorado,0.43,1.12,0.31,Medio,0.4,0.15,0.54,0.84,0.52,0.04,0.03,0.61,0.33,0.57
Gerente de Marketing,37965,2,Doctorado,0.78,1.36,0.66,Medio,0.3,0.66,0.28,0.76,0.12,0.76,0.44,0.86,0.74,0.38
Mecánico,52546,18,Doctorado,0.28,1.47,0.61,Medio,0.99,0.05,0.27,0.74,0.92,0.03,0.0,0.26,0.85,0.77
Científico Investigador,57774,12,Licenciatura,0.0,1.05,0.11,Bajo,0.75,0.45,0.68,0.85,0.54,0.34,0.77,0.27,0.89,0.07
Enfermero/a,113394,0,Licenciatura,0.09,0.56,0.14,Bajo,0.96,0.98,0.2,0.15,0.35,0.34,0.76,0.44,0.78,0.75
Enfermero/a,40002,10,Doctorado,0.83,0.7,0.09,Bajo,0.75,0.24,0.0,0.91,0.62,0.44,0.73,0.33,0.95,0.07
Científico Investigador,107365,22,Doctorado,0.78,0.97,0.24,Bajo,0.93,0.74,0.31,0.56,0.91,0.45,0.68,0.47,0.12,0.06
Trabajador de Comercio,44833,18,Licenciatura,0.61,0.6,0.91,Alto,0.52,0.77,0.13,0.91,0.59,0.74,0.03,0.32,0.27,0.95
Investigador UX,52844,24,Maestría,0.71,0.54,0.38,Medio,0.34,0.79,0.79,0.95,0.92,0.08,0.83,0.45,0.87,0.09
Especialista en RRHH,95265,6,Bachillerato,0.16,0.83,0.31,Medio,0.12,0.45,0.82,0.77,0.24,0.15,0.39,0.88,0.09,0.54
Científico de Datos,35725,9,Maestría,0.47,0.63,0.33,Medio,0.19,0.26,0.28,0.65,0.05,0.08,0.19,0.87,0.63,0.73
Guardia de Seguridad,33573,21,Licenciatura,0.21,0.54,0.82,Alto,0.57,0.9,0.88,0.42,0.42,0.16,0.26,0.93,0.14,0.97
Trabajador de Comercio,65744,19,Licenciatura,0.9,1.18,0.85,Alto,0.71,0.83,0.88,0.64,0.89,0.54,0.28,0.88,0.54,0.91
Trabajador de Comercio,58672,12,Licenciatura,0.4,1.45,0.76,Alto,0.94,0.95,0.88,0.56,0.65,0.87,0.78,0.63,0.98,0.69
Ingeniero de Software,107831,23,Maestría,0.06,0.64,0.48,Medio,0.38,0.78,0.16,0.98,0.32,0.43,0.27,0.58,0.06,0.15
Maestro,69215,7,Maestría,0.19,0.74,0.25,Bajo,0.09,0.44,0.02,0.35,0.7,0.09,0.89,0.91,0.1,0.99
Científico Investigador,88769,5,Maestría,0.08,0.51,0.15,Bajo,0.63,0.33,0.84,0.72,0.35,0.73,0.94,0.09,0.31,0.46
Enfermero/a,48408,9,Bachillerato,0.54,0.8,0.22,Bajo,0.65,0.58,0.11,0.48,0.36,0.49,0.92,0.48,0.01,0.44
Especialista en RRHH,34286,3,Doctorado,0.82,0.75,0.47,Medio,0.65,0.16,0.74,0.69,0.54,0.57,0.11,0.44,0.09,0.31
Soporte al Cliente,86153,11,Maestría,0.57,1.24,0.84,Alto,0.19,0.59,0.76,0.14,0.82,0.56,0.0,0.52,0.4,0.3
Médico,102944,6,Bachillerato,0.9,1.26,0.26,Bajo,0.91,0.91,0.11,0.46,0.0,0.51,0.92,0.2,0.64,0.64
Médico,92845,22,Bachillerato,0.24,0.96,0.1,Bajo,0.58,0.48,0.52,0.13,0.52,0.05,0.88,0.34,0.86,0.7
Médico,145429,14,Licenciatura,0.17,0.52,0.1,Bajo,0.54,0.48,0.5,0.25,0.69,0.7,0.36,0.88,0.64,0.71
Maestro,144621,5,Bachillerato,0.0,1.37,0.26,Bajo,0.12,0.37,0.66,0.65,0.86,0.14,0.43,0.1,0.39,0.02
Obrero de Construcción,110174,4,Licenciatura,0.53,1.35,0.71,Alto,0.23,0.26,0.39,0.8,0.39,0.2,0.06,0.08,0.76,0.44
Especialista en RRHH,95951,3,Bachillerato,0.68,0.64,0.36,Medio,0.76,0.72,0.38,0.08,0.01,0.29,0.01,0.23,0.42,0.12
Analista Financiero,132255,20,Licenciatura,0.92,0.61,0.38,Medio,0.99,0.02,0.51,0.52,0.26,0.66,0.94,0.45,0.75,0.65
Maestro,77052,22,Bachillerato,0.05,1.24,0.14,Bajo,0.22,0.95,0.77,0.96,0.26,0.84,0.61,0.98,0.95,0.97
Conductor de Camión,98324,21,Doctorado,0.01,1.24,0.77,Alto,0.71,0.98,0.04,0.57,0.73,0.25,0.23,0.06,0.09,0.66
Ingeniero de Software,127204,15,Licenciatura,0.03,1.47,0.56,Medio,0.52,0.27,0.66,0.36,0.7,0.68,0.09,0.91,0.49,0.39
Científico de Datos,106489,11,Bachillerato,0.44,1.22,0.56,Medio,0.17,0.99,0.46,0.39,0.92,0.53,0.71,0.85,0.24,0.17
Chef,138906,2,Doctorado,0.9,0.7,0.42,Medio,0.29,0.3,0.67,0.95,0.33,0.41,0.77,0.43,0.93,0.5
Soporte al Cliente,105477,19,Licenciatura,0.97,0.93,0.76,Alto,0.18,1.0,0.75,0.41,0.83,0.55,0.32,0.74,0.75,0.5
Diseñador Gráfico,128103,21,Licenciatura,0.08,1.29,0.63,Medio,0.68,0.84,0.72,0.9,0.15,0.39,0.46,0.3,0.73,0.91
Abogado,58401,4,Bachillerato,0.94,1.02,0.51,Medio,0.6,0.27,0.38,0.55,0.94,0.64,0.33,0.01,0.98,0.49
Guardia de Seguridad,109870,14,Maestría,0.55,1.11,0.88,Alto,0.32,0.7,0.53,0.67,0.84,0.18,0.61,0.05,0.1,0.67
Ingeniero de IA,93560,21,Doctorado,0.6,0.72,0.13,Bajo,0.13,0.25,0.82,0.64,0.95,0.05,0.79,0.7,0.26,0.73
Maestro,143114,15,Bachillerato,0.46,1.19,0.16,Bajo,0.34,0.47,0.9,0.38,0.4,0.61,0.75,0.73,0.02,0.69
Especialista en RRHH,128960,7,Maestría,0.52,1.06,0.59,Medio,0.83,0.65,0.56,0.37,0.14,0.96,0.46,0.57,0.75,0.07
Chef,30125,14,Doctorado,0.8,1.27,0.31,Medio,0.53,0.05,0.55,0.72,0.12,0.69,0.45,0.81,0.53,0.34
Ingeniero de Software,121703,15,Maestría,0.9,0.95,0.46,Medio,0.04,0.36,0.85,0.76,0.22,0.41,0.2,0.95,0.6,0.75
Chef,40736,25,Licenciatura,0.87,1.45,0.31,Medio,0.98,0.87,0.38,0.84,0.74,0.79,0.22,0.65,0.03,0.85
Abogado,131709,25,Bachillerato,0.66,1.01,0.59,Medio,0.33,0.63,0.72,0.14,0.14,0.72,0.43,0.89,0.31,0.04
Científico de Datos,48050,29,Licenciatura,0.68,1.05,0.57,Medio,0.52,0.69,0.04,0.37,0.21,0.1,0.23,0.19,0.97,0.29
Médico,38338,20,Doctorado,0.83,0.92,0.16,Bajo,0.44,0.42,0.33,0.29,0.88,0.16,0.18,0.57,0.34,0.42
Especialista en RRHH,80382,22,Bachillerato,0.87,1.23,0.6,Medio,1.0,0.8,0.83,0.95,0.15,0.5,0.58,0.33,0.84,0.76
Científico de Datos,147511,0,Bachillerato,1.0,0.76,0.59,Medio,0.55,0.31,0.16,0.9,0.6,0.82,0.55,0.22,0.34,0.38
Ingeniero de Software,46791,4,Licenciatura,0.01,1.49,0.69,Medio,1.0,0.48,0.96,0.4,0.03,0.22,0.95,0.01,0.55,0.08
Investigador UX,114300,16,Maestría,0.09,1.36,0.54,Medio,0.9,0.69,0.97,0.51,0.64,0.58,0.48,0.85,0.64,0.8
Guardia de Seguridad,105165,6,Licenciatura,0.41,0.66,0.83,Alto,0.29,0.21,0.59,0.92,0.84,0.18,0.77,0.23,0.29,0.92
Soporte al Cliente,68180,29,Bachillerato,0.17,0.56,0.77,Alto,0.58,0.88,0.12,0.41,0.27,0.01,0.79,0.81,0.22,0.15
Enfermero/a,72019,16,Licenciatura,0.72,1.21,0.18,Bajo,0.78,0.58,0.29,0.73,0.59,0.01,0.9,0.55,0.87,0.88
Abogado,117464,9,Bachillerato,0.51,0.92,0.48,Medio,0.9,0.79,0.13,0.61,1.0,0.6,0.79,0.77,0.35,0.37
Obrero de Construcción,100278,28,Maestría,0.5,1.07,0.88,Alto,0.78,0.27,0.15,0.29,0.51,0.34,0.57,0.05,0.51,0.37
Investigador UX,105073,1,Maestría,0.28,1.4,0.37,Medio,0.68,0.92,0.54,0.88,0.12,0.49,0.46,0.01,0.44,0.37
Investigador UX,35922,23,Licenciatura,1.0,1.45,0.54,Medio,0.14,0.26,0.36,0.87,0.17,0.22,0.35,0.93,0.5,0.65
Analista Financiero,99915,13,Bachillerato,0.19,0.72,0.62,Medio,0.89,0.49,0.36,0.81,0.67,0.04,0.35,0.68,0.57,0.98
Investigador UX,143868,27,Maestría,0.06,1.23,0.43,Medio,0.68,0.62,0.5,0.85,0.71,0.89,0.28,0.35,0.62,0.97
Mecánico,30318,10,Licenciatura,0.03,0.95,0.52,Medio,0.8,0.73,0.96,0.78,0.3,0.64,0.67,1.0,0.14,0.19
Abogado,144148,19,Doctorado,0.59,0.64,0.56,Medio,0.8,0.43,0.56,0.91,0.57,0.21,0.34,0.53,0.15,0.61
Analista Financiero,68790,3,Doctorado,0.65,0.87,0.43,Medio,0.93,0.87,0.47,0.35,0.71,0.31,0.12,0.31,0.43,0.26
Analista Financiero,102353,6,Licenciatura,0.01,1.13,0.55,Medio,0.19,0.94,0.41,0.03,0.22,0.69,0.2,0.05,0.62,0.52
Soporte al Cliente,50810,16,Bachillerato,0.77,1.46,0.71,Alto,0.04,0.99,0.64,0.72,0.1,0.07,0.16,0.43,0.11,0.45
Científico Investigador,83565,2,Bachillerato,0.0,0.61,0.14,Bajo,0.05,0.13,0.23,0.43,0.71,0.13,0.74,0.86,0.65,0.04
Científico Investigador,74555,2,Licenciatura,0.66,1.48,0.29,Bajo,0.4,0.62,0.89,0.83,0.48,0.26,0.14,0.49,0.72,0.97
Trabajador de Comercio,110196,17,Maestría,0.98,1.35,0.81,Alto,0.78,0.19,0.56,0.07,0.35,0.23,0.72,0.49,0.75,0.52
Gerente de Marketing,133501,10,Licenciatura,0.19,1.22,0.43,Medio,0.33,0.74,0.25,0.9,0.56,0.54,0.26,0.84,0.57,0.16
Especialista en RRHH,60639,10,Licenciatura,0.2,0.56,0.52,Medio,0.7,1.0,0.36,0.9,0.38,0.69,0.6,0.05,0.08,0.02
Trabajador de Comercio,94414,21,Doctorado,0.75,0.67,0.85,Alto,0.29,0.8,0.8,0.78,0.52,0.28,0.81,0.19,0.29,0.18
Maestro,97963,25,Licenciatura,0.69,1.15,0.15,Bajo,0.1,0.91,0.51,0.41,0.59,0.19,0.13,0.41,0.23,0.24
Científico Investigador,137020,23,Doctorado,0.53,0.98,0.22,Bajo,0.95,0.11,0.83,0.58,0.15,0.3,0.48,0.69,0.24,0.53
Conductor de Camión,71941,22,Bachillerato,0.45,1.36,0.92,Alto,0.47,0.97,0.08,0.0,0.38,0.6,0.63,0.48,0.12,0.17
Trabajador de Comercio,54269,1,Doctorado,0.87,1.17,0.87,Alto,0.6,0.2,0.43,0.7,0.54,0.02,0.95,0.84,0.26,0.62
Guardia de Seguridad,122816,15,Maestría,0.1,1.0,0.81,Alto,0.41,0.84,0.38,0.06,0.07,0.04,0.41,0.72,0.2,0.65
Científico de Datos,97500,23,Maestría,0.26,1.1,0.57,Medio,0.47,0.34,0.62,0.98,0.43,0.39,0.46,0.08,0.55,0.33
Abogado,129626,11,Licenciatura,0.47,0.5,0.46,Medio,0.11,0.02,0.82,0.92,0.21,0.54,0.28,0.49,0.44,0.27
Analista Financiero,95107,9,Licenciatura,0.13,0.55,0.61,Medio,0.67,0.5,0.47,0.5,0.44,0.39,0.5,0.53,0.69,0.71
Guardia de Seguridad,49638,16,Bachillerato,0.41,0.87,0.83,Alto,0.45,0.89,0.7,0.9,0.71,0.97,0.64,0.96,0.16,0.05
Científico de Datos,131471,4,Maestría,0.98,0.92,0.38,Medio,0.52,0.65,0.32,0.71,0.98,0.9,0.29,0.33,0.37,0.39
Científico de Datos,65319,25,Bachillerato,0.76,0.87,0.65,Medio,0.93,0.02,0.99,0.71,0.52,0.39,0.52,0.32,0.62,0.09
Guardia de Seguridad,46029,14,Maestría,0.2,1.19,0.75,Alto,0.56,0.65,0.9,0.45,0.78,0.17,0.16,0.52,0.6,0.63
Ingeniero de IA,62380,2,Maestría,0.29,1.12,0.1,Bajo,0.22,0.07,0.75,0.51,0.24,0.56,0.35,0.84,0.53,0.03
Especialista en RRHH,108966,4,Licenciatura,0.07,1.2,0.47,Medio,0.25,0.68,0.13,0.86,0.25,0.36,0.63,0.0,0.47,0.89
Analista Financiero,142692,27,Doctorado,0.39,1.16,0.67,Medio,0.19,0.53,0.23,0.85,0.72,0.8,0.94,0.23,0.05,0.29
Soporte al Cliente,33518,6,Doctorado,0.89,1.49,0.84,Alto,0.77,0.86,0.7,0.04,0.16,0.07,0.01,0.31,0.39,0.24
Ingeniero de Software,49098,6,Maestría,0.2,0.64,0.43,Medio,0.58,0.6,0.59,0.12,0.6,0.41,0.9,0.91,0.77,0.7
Obrero de Construcción,130992,4,Doctorado,0.08,1.34,0.81,Alto,0.45,0.85,0.62,0.18,0.21,0.01,0.71,0.49,0.95,0.71
Ingeniero de Software,43950,2,Doctorado,0.16,1.0,0.67,Medio,0.25,0.83,0.31,0.27,0.9,0.05,0.66,0.04,0.8,0.83
Analista Financiero,96603,24,Bachillerato,0.19,0.62,0.5,Medio,0.27,0.61,0.51,0.14,0.74,0.8,0.96,0.4,0.34,0.19
Enfermero/a,106831,23,Maestría,0.32,1.48,0.07,Bajo,0.26,0.09,0.27,0.09,0.51,0.44,0.17,0.17,0.63,0.39
Trabajador de Comercio,81850,22,Bachillerato,0.92,0.9,0.85,Alto,0.89,0.4,0.82,0.91,0.17,0.89,0.12,0.28,0.81,0.9
Enfermero/a,142697,16,Doctorado,0.1,1.02,0.19,Bajo,0.28,0.99,0.34,0.21,0.11,0.38,0.69,0.23,0.77,0.14
Gerente de Marketing,63158,18,Bachillerato,0.7,0.64,0.54,Medio,0.8,0.6,0.51,0.84,0.99,0.18,0.69,0.08,0.04,0.28
Conductor de Camión,43065,18,Doctorado,0.55,0.77,0.73,Alto,0.92,0.36,0.31,0.86,0.6,0.17,0.42,0.93,0.9,0.07
Obrero de Construcción,53115,16,Maestría,0.89,0.97,0.91,Alto,0.33,0.34,0.9,0.43,0.79,0.24,0.95,0.57,0.76,0.09
Analista Financiero,111462,0,Licenciatura,0.9,1.38,0.32,Medio,0.3,0.44,0.17,0.73,0.18,0.35,0.66,0.48,0.74,0.96
Trabajador de Comercio,30234,18,Doctorado,0.71,0.73,0.8,Alto,0.03,0.14,0.32,0.34,0.9,0.74,0.97,0.6,0.24,0.33
Ingeniero de Software,80262,17,Bachillerato,0.33,1.17,0.51,Medio,0.39,0.15,0.02,0.22,0.11,0.79,0.11,0.72,0.39,0.07
Ingeniero de IA,100529,27,Licenciatura,0.58,0.74,0.27,Bajo,0.05,0.2,0.75,0.71,0.29,0.06,0.86,0.31,0.2,0.52
Chef,72563,6,Doctorado,0.04,1.27,0.53,Medio,0.43,0.74,0.97,0.23,0.14,0.91,0.67,0.44,0.57,0.75
Abogado,122983,27,Maestría,0.92,0.93,0.42,Medio,0.64,0.42,0.59,0.42,0.15,0.47,0.69,0.8,0.49,0.17
Ingeniero de IA,93815,3,Bachillerato,0.79,0.91,0.22,Bajo,0.51,0.24,0.8,0.08,0.52,0.21,0.07,0.5,0.5,0.71
Diseñador Gráfico,58385,3,Bachillerato,0.07,1.11,0.32,Medio,0.65,0.12,0.95,0.86,0.02,0.78,0.64,0.5,0.6,0.68
Ingeniero de Software,148297,29,Licenciatura,0.77,1.08,0.63,Medio,0.99,0.3,0.12,0.73,0.98,0.12,0.43,0.06,0.78,0.95
Gerente de Marketing,35289,19,Bachillerato,0.41,1.41,0.35,Medio,0.89,0.39,0.56,0.53,0.62,0.94,0.95,0.83,0.19,0.33
Obrero de Construcción,35877,0,Maestría,0.91,1.02,0.94,Alto,0.98,0.6,0.88,1.0,0.85,0.66,0.85,0.08,0.63,0.22
Científico de Datos,52761,0,Maestría,0.89,1.14,0.4,Medio,0.39,0.97,0.86,0.02,0.98,0.37,0.7,0.71,0.91,0.89
Trabajador de Comercio,123758,18,Maestría,0.64,0.89,0.83,Alto,0.55,0.4,0.46,0.21,0.61,0.76,0.43,0.98,0.06,0.59
Diseñador Gráfico,86366,2,Bachillerato,0.04,0.72,0.66,Medio,0.54,0.44,0.42,0.89,0.37,0.86,0.31,0.53,0.14,0.83
Investigador UX,85652,22,Maestría,0.53,0.53,0.49,Medio,0.23,0.41,0.86,0.77,0.24,0.98,0.9,0.53,0.53,0.9
Ingeniero de Software,55286,23,Doctorado,0.28,1.28,0.57,Medio,0.6,0.19,0.22,0.05,0.24,0.35,0.83,0.37,0.75,0.44
Diseñador Gráfico,104041,19,Bachillerato,0.98,0.74,0.64,Medio,0.62,0.82,0.65,0.42,0.23,0.07,0.54,0.99,0.74,0.33
Médico,140998,9,Bachillerato,0.77,0.78,0.05,Bajo,0.12,0.88,0.84,0.3,0.29,0.79,0.94,0.78,0.61,0.24
Especialista en RRHH,122743,20,Maestría,0.23,1.31,0.45,Medio,0.83,0.38,0.82,0.33,0.44,0.62,0.07,0.95,0.57,0.51
Enfermero/a,64303,17,Licenciatura,0.87,1.02,0.28,Bajo,0.06,0.11,0.6,0.35,0.46,0.33,0.4,0.82,0.59,1.0
Ingeniero de IA,89977,3,Maestría,0.27,0.76,0.13,Bajo,0.84,0.03,0.23,0.9,0.64,0.23,0.22,0.86,0.89,0.26
Ingeniero de Software,67133,19,Licenciatura,0.83,1.27,0.63,Medio,0.52,0.91,0.33,0.16,0.71,0.54,0.85,0.08,0.84,0.29
Diseñador Gráfico,70680,19,Maestría,0.04,1.11,0.59,Medio,0.37,0.22,0.54,0.83,0.32,0.25,0.28,0.95,0.36,0.0
Obrero de Construcción,47013,16,Bachillerato,0.7,0.63,0.95,Alto,0.61,0.5,0.38,0.9,0.24,0.29,0.12,0.76,0.6,0.61
Diseñador Gráfico,139982,26,Licenciatura,0.65,1.27,0.44,Medio,0.8,0.35,0.76,0.03,0.55,0.97,0.98,0.28,0.44,0.06
Abogado,114935,22,Doctorado,0.6,0.68,0.36,Medio,0.0,0.94,0.83,0.08,0.6,0.23,0.26,0.87,0.11,0.6
Soporte al Cliente,74741,12,Doctorado,0.19,0.95,0.94,Alto,0.78,0.13,0.85,0.94,0.28,0.33,0.13,0.34,0.67,0.27
Médico,114153,20,Bachillerato,0.34,0.95,0.19,Bajo,0.68,0.06,0.47,0.27,0.95,0.36,0.1,0.04,0.27,0.18
Obrero de Construcción,113110,11,Bachillerato,0.85,0.81,0.84,Alto,0.73,0.4,0.07,0.23,0.88,0.82,0.09,0.22,0.77,0.49
Conductor de Camión,108596,9,Licenciatura,0.21,1.45,0.9,Alto,0.2,0.56,0.11,0.36,0.66,0.33,0.66,0.24,0.72,0.36
Gerente de Marketing,94274,10,Doctorado,0.14,0.86,0.49,Medio,0.42,0.43,0.44,0.99,0.19,0.77,0.55,0.41,0.63,0.85
Gerente de Marketing,135649,11,Doctorado,0.86,0.59,0.56,Medio,0.33,0.39,0.57,0.48,0.38,0.31,0.62,0.51,0.32,0.2
Médico,131433,10,Bachillerato,0.8,0.71,0.12,Bajo,0.24,0.88,0.77,0.07,0.83,0.04,0.25,0.92,0.86,0.78
Chef,148962,27,Licenciatura,0.32,1.38,0.56,Medio,0.3,0.46,0.88,0.9,0.66,0.73,0.04,0.6,0.69,0.02
Obrero de Construcción,104901,5,Maestría,0.93,0.74,0.91,Alto,0.67,0.58,0.84,0.29,0.79,0.31,0.79,0.45,0.12,0.38
Maestro,44133,27,Licenciatura,0.1,0.61,0.25,Bajo,0.88,0.93,0.85,0.83,0.07,0.79,0.78,0.13,0.66,0.45
Científico Investigador,114293,11,Bachillerato,0.7,1.45,0.08,Bajo,0.04,0.97,0.08,0.39,0.65,0.88,0.25,0.03,0.52,0.47
Ingeniero de IA,66155,9,Doctorado,0.87,1.25,0.26,Bajo,0.16,0.69,0.98,0.61,0.17,1.0,0.53,0.84,0.15,0.67
Investigador UX,116070,24,Doctorado,0.53,0.79,0.35,Medio,0.3,0.35,0.71,0.18,0.11,0.39,0.46,0.63,0.71,0.89
Enfermero/a,86439,20,Licenciatura,0.53,0.87,0.05,Bajo,0.58,0.82,0.04,0.0,0.73,0.68,0.41,0.66,0.95,0.25
Ingeniero de IA,98500,6,Licenciatura,0.19,1.22,0.14,Bajo,0.99,0.71,0.37,0.15,0.59,0.29,0.91,0.44,0.29,0.59
Científico Investigador,79887,19,Doctorado,0.56,0.56,0.2,Bajo,0.53,0.52,0.68,0.04,0.46,0.44,0.46,0.98,0.14,0.69
Científico Investigador,109880,14,Maestría,0.51,1.26,0.09,Bajo,0.76,0.07,0.48,0.74,0.19,0.77,0.17,0.8,0.47,0.68
Diseñador Gráfico,105352,4,Maestría,0.41,0.73,0.65,Medio,0.16,0.63,0.92,0.67,0.2,0.15,0.25,0.39,0.16,0.8
Conductor de Camión,73781,17,Doctorado,0.94,1.34,0.93,Alto,0.29,0.57,0.32,0.26,0.61,0.82,0.09,0.28,0.21,0.8
Maestro,126492,12,Bachillerato,0.08,0.88,0.28,Bajo,0.34,0.71,0.1,0.44,0.5,0.76,0.29,0.26,0.3,0.56
Gerente de Marketing,149635,19,Doctorado,0.83,0.56,0.65,Medio,0.1,0.42,0.77,0.08,0.04,0.33,0.73,0.52,0.42,0.81
Médico,99368,19,Maestría,0.79,0.96,0.05,Bajo,0.17,0.74,0.75,0.97,0.19,0.12,0.14,0.18,0.53,0.98
Guardia de Seguridad,94344,0,Licenciatura,0.52,1.17,0.72,Alto,0.82,0.65,0.17,0.63,0.6,0.06,0.27,0.39,0.24,0.24
Diseñador Gráfico,79223,1,Bachillerato,0.47,1.17,0.68,Medio,0.66,0.58,0.85,0.63,0.17,0.31,0.73,0.74,0.99,0.63
Obrero de Construcción,68907,8,Licenciatura,0.05,1.07,0.93,Alto,0.29,0.15,0.35,0.79,0.08,0.6,0.14,0.44,0.97,0.2
Enfermero/a,115733,8,Maestría,0.43,1.08,0.12,Bajo,0.54,0.95,0.31,0.31,0.48,0.52,0.0,0.62,1.0,0.29
Diseñador Gráfico,80281,6,Licenciatura,0.0,1.1,0.48,Medio,0.53,0.54,0.18,0.77,0.56,0.27,0.94,0.01,0.73,0.38
Trabajador de Comercio,128203,12,Maestría,0.29,0.82,0.7,Medio,0.73,0.71,0.65,0.88,0.9,0.56,0.68,0.01,0.85,0.82
Especialista en RRHH,96416,18,Bachillerato,0.54,1.41,0.37,Medio,0.35,0.33,0.36,0.04,0.28,0.29,0.87,0.35,0.45,0.38
Médico,59825,21,Bachillerato,0.99,1.33,0.19,Bajo,0.48,0.65,0.33,0.05,0.4,0.98,0.18,0.53,0.01,0.12
Analista Financiero,42795,8,Bachillerato,0.3,1.41,0.46,Medio,0.21,0.55,0.79,0.02,0.51,0.77,0.1,0.9,0.26,0.17
Investigador UX,127391,14,Licenciatura,0.18,1.18,0.5,Medio,0.11,0.91,0.67,0.55,0.37,0.13,0.71,0.81,0.13,0.49
Abogado,87635,16,Licenciatura,0.35,1.29,0.34,Medio,0.21,0.0,0.37,0.29,0.87,0.75,0.08,0.74,0.68,0.28
Diseñador Gráfico,111115,14,Licenciatura,0.12,0.75,0.63,Medio,0.47,0.92,0.79,0.29,0.85,0.12,0.04,0.61,0.34,0.33
Ingeniero de IA,87392,26,Maestría,0.85,0.82,0.13,Bajo,0.53,0.65,0.2,0.91,0.65,0.63,0.9,0.91,0.14,0.15
Guardia de Seguridad,100143,0,Licenciatura,0.96,1.17,0.8,Alto,0.68,0.23,1.0,0.43,0.93,0.43,0.93,0.34,0.76,0.95
Soporte al Cliente,94863,8,Bachillerato,0.68,0.6,0.82,Alto,0.89,0.24,0.79,0.68,0.22,0.28,0.43,0.13,0.91,0.74
Especialista en RRHH,48819,4,Bachillerato,0.3,1.19,0.47,Medio,0.23,0.43,0.87,0.07,0.37,0.96,0.01,0.89,0.37,0.19
Ingeniero de Software,142255,29,Maestría,0.07,0.67,0.31,Medio,0.34,0.04,0.69,0.82,0.89,0.55,0.95,0.01,0.13,0.29
Ingeniero de IA,128664,25,Bachillerato,0.89,1.12,0.15,Bajo,0.67,0.18,0.46,0.51,0.1,0.03,0.75,0.53,0.33,0.44
Ingeniero de IA,33347,17,Licenciatura,0.38,0.6,0.17,Bajo,0.65,0.01,0.33,0.39,0.46,0.3,0.67,0.94,0.91,0.66
Investigador UX,105618,1,Maestría,0.83,1.34,0.63,Medio,0.16,0.03,0.98,0.96,0.56,0.99,0.77,0.52,0.39,0.59
Ingeniero de Software,135309,5,Doctorado,0.99,0.99,0.63,Medio,0.81,0.07,0.09,0.66,0.26,0.66,0.14,0.4,0.1,0.28
Enfermero/a,78276,19,Licenciatura,0.97,0.9,0.28,Bajo,0.97,0.91,0.45,0.78,0.15,0.09,0.88,0.03,0.97,0.67
Soporte al Cliente,145269,27,Doctorado,0.14,1.22,0.84,Alto,0.71,0.42,0.07,0.31,0.32,0.01,0.01,0.33,0.73,0.62
Soporte al Cliente,47060,16,Licenciatura,0.6,1.15,0.83,Alto,0.52,0.37,0.12,0.39,0.35,0.59,0.86,0.38,0.71,0.81
Soporte al Cliente,118307,25,Licenciatura,0.9,0.57,0.93,Alto,0.16,0.34,0.61,0.91,0.26,0.76,0.71,0.16,0.48,0.48
Trabajador de Comercio,98140,5,Maestría,0.78,1.43,0.88,Alto,0.97,0.05,0.04,0.89,0.9,0.11,0.36,0.84,0.13,0.27
Trabajador de Comercio,145092,25,Maestría,0.98,1.3,0.89,Alto,0.34,0.66,0.11,0.99,0.48,0.64,0.88,0.0,0.98,0.36
Soporte al Cliente,122965,9,Maestría,0.15,1.36,0.92,Alto,0.02,0.06,0.92,0.12,0.62,0.62,0.87,0.57,0.43,0.97
Trabajador de Comercio,138204,22,Licenciatura,0.26,0.58,0.94,Alto,0.71,0.01,0.7,0.4,0.97,0.28,0.71,0.63,0.01,0.89
Diseñador Gráfico,138500,15,Licenciatura,0.66,1.28,0.55,Medio,0.1,0.98,0.24,0.63,0.8,0.94,0.6,0.26,0.84,0.16
Conductor de Camión,49728,6,Licenciatura,0.91,1.08,0.72,Alto,0.58,0.15,0.03,0.12,0.78,0.76,0.6,0.21,0.74,0.41
Abogado,79108,13,Bachillerato,0.42,1.08,0.33,Medio,0.14,0.66,0.52,0.16,0.54,0.91,0.02,0.64,0.07,0.01
Gerente de Marketing,114724,20,Bachillerato,0.42,1.3,0.41,Medio,0.63,0.41,0.23,0.51,0.8,0.83,0.85,0.34,0.79,0.21
Gerente de Marketing,123566,10,Bachillerato,0.95,0.51,0.48,Medio,0.65,0.7,0.18,0.97,0.62,0.16,0.02,0.78,0.08,0.14
Conductor de Camión,33984,0,Licenciatura,0.6,1.19,0.8,Alto,0.77,0.97,0.27,0.7,0.93,0.69,0.68,0.22,0.54,0.56
Chef,140839,16,Bachillerato,1.0,0.53,0.33,Medio,0.08,0.74,0.14,0.62,0.32,0.46,0.22,0.87,0.59,0.94
Gerente de Marketing,78481,1,Bachillerato,0.12,0.67,0.7,Medio,0.73,0.05,0.7,0.41,0.31,0.15,0.84,0.06,0.29,0.31
Analista Financiero,101343,10,Licenciatura,0.51,0.51,0.42,Medio,0.93,0.31,0.36,0.47,0.56,0.81,0.19,0.87,0.76,0.72
Científico Investigador,84034,26,Maestría,0.02,1.09,0.27,Bajo,0.58,0.21,0.09,0.7,0.72,0.17,0.03,0.41,0.58,0.71
Mecánico,66419,17,Maestría,0.35,0.87,0.38,Medio,0.96,0.46,0.57,0.45,0.25,0.81,0.03,0.69,0.59,0.14
Diseñador Gráfico,79357,4,Bachillerato,0.66,0.81,0.41,Medio,0.06,0.77,0.88,0.82,0.47,0.53,0.24,0.17,0.82,0.8
Enfermero/a,99064,7,Licenciatura,0.46,1.36,0.28,Bajo,0.33,0.22,0.46,0.18,0.88,0.34,0.58,0.59,0.51,0.16
Especialista en RRHH,44280,2,Licenciatura,0.17,1.25,0.62,Medio,0.15,0.93,0.49,0.63,0.64,0.5,0.14,0.75,0.58,0.12
Obrero de Construcción,49691,26,Maestría,0.7,1.05,0.72,Alto,0.35,0.05,0.48,0.91,0.0,0.27,0.8,0.01,0.01,0.61
Científico de Datos,95234,4,Licenciatura,0.78,1.28,0.44,Medio,0.88,0.01,0.31,0.34,0.17,0.34,0.59,0.52,0.32,0.75
Diseñador Gráfico,63783,2,Bachillerato,0.41,1.0,0.63,Medio,0.82,0.8,0.1,0.8,0.12,0.12,0.95,0.82,0.55,0.87
Especialista en RRHH,95609,26,Bachillerato,0.61,1.11,0.6,Medio,0.23,0.17,0.76,0.34,0.14,0.31,0.36,0.97,0.7,0.53
Gerente de Marketing,34590,20,Doctorado,0.9,1.01,0.66,Medio,0.4,0.23,0.23,0.66,0.5,0.66,0.69,0.02,0.05,0.53
Analista Financiero,141463,18,Maestría,0.63,1.05,0.53,Medio,0.3,0.64,0.83,1.0,0.84,0.56,0.19,0.68,0.94,0.21
Conductor de Camión,90891,22,Licenciatura,0.15,1.24,0.8,Alto,0.06,0.87,0.56,0.33,0.34,0.29,0.46,0.34,0.55,0.77
Científico de Datos,127976,9,Bachillerato,0.29,1.03,0.64,Medio,0.07,0.08,0.56,0.64,0.21,0.75,0.65,0.92,0.17,0.75
Guardia de Seguridad,137046,19,Maestría,0.57,1.05,0.8,Alto,0.84,0.0,0.52,0.22,0.74,0.04,0.83,0.84,0.83,0.15
Médico,51058,25,Doctorado,0.01,1.35,0.23,Bajo,0.53,0.73,0.09,0.53,0.29,0.97,0.86,0.73,0.93,0.35
Soporte al Cliente,34258,26,Maestría,0.33,1.23,0.88,Alto,0.02,0.36,0.02,1.0,0.12,0.54,0.79,0.2,0.49,0.61
Conductor de Camión,107273,28,Doctorado,0.78,0.8,0.75,Alto,0.56,0.41,0.92,0.88,0.48,0.36,0.33,0.27,0.54,0.8
Enfermero/a,144365,15,Doctorado,0.19,0.98,0.07,Bajo,0.7,0.52,0.5,0.3,0.9,0.09,0.87,0.38,0.88,0.73
Analista Financiero,91146,21,Licenciatura,0.83,1.18,0.31,Medio,0.13,0.64,0.66,0.75,0.72,0.66,0.77,0.58,0.26,0.91
Diseñador Gráfico,139759,20,Doctorado,0.37,1.23,0.47,Medio,0.02,0.07,0.65,0.96,0.55,0.51,0.32,0.26,0.02,0.27
Obrero de Construcción,89087,16,Maestría,0.2,0.59,0.88,Alto,0.89,0.94,0.62,0.05,0.74,0.11,0.67,0.78,0.73,0.95
Chef,105692,0,Doctorado,0.69,0.76,0.67,Medio,0.18,0.9,0.31,0.13,0.83,0.0,0.83,0.26,0.88,0.69
Especialista en RRHH,94930,26,Bachillerato,0.37,0.56,0.63,Medio,0.17,0.37,0.6,0.48,0.2,0.14,0.12,0.86,0.03,0.98
Médico,80852,23,Doctorado,0.11,1.08,0.07,Bajo,0.6,0.85,0.05,0.8,0.39,0.16,0.18,0.92,0.11,0.87
Analista Financiero,135857,4,Bachillerato,0.04,0.96,0.63,Medio,0.73,0.49,0.86,0.12,0.91,0.85,0.71,0.82,0.54,0.68
Ingeniero de IA,118816,24,Maestría,0.36,1.07,0.11,Bajo,0.44,0.28,0.12,0.32,0.85,0.38,0.75,0.18,0.42,0.11
Científico de Datos,73906,21,Doctorado,0.62,1.11,0.39,Medio,0.47,0.86,0.17,0.02,0.65,0.05,0.98,0.61,0.47,0.43
Científico Investigador,79723,23,Maestría,0.09,1.43,0.21,Bajo,0.18,0.56,0.13,0.02,0.63,0.65,0.58,0.18,0.6,0.06
Enfermero/a,98457,21,Maestría,0.55,1.16,0.27,Bajo,0.85,0.98,0.98,0.77,0.96,0.87,0.73,0.08,0.05,0.84
Especialista en RRHH,35659,1,Bachillerato,0.81,0.81,0.46,Medio,0.7,0.92,0.09,0.86,0.79,0.32,0.36,0.05,0.02,0.48
Médico,114295,10,Maestría,0.19,1.35,0.19,Bajo,0.63,0.19,0.83,0.87,0.52,0.91,0.84,0.73,0.73,0.11
Médico,128989,16,Bachillerato,0.07,0.51,0.09,Bajo,0.88,0.24,0.97,0.6,0.24,0.5,0.22,0.98,0.85,0.03
Especialista en RRHH,125011,4,Bachillerato,0.72,0.58,0.57,Medio,0.65,0.22,0.76,0.09,0.49,0.01,0.97,0.75,0.16,0.34
Científico Investigador,70372,24,Licenciatura,0.77,0.56,0.26,Bajo,0.94,0.68,0.21,0.36,0.48,0.6,0.67,0.55,0.35,0.89
Abogado,37203,28,Bachillerato,0.47,1.28,0.32,Medio,0.71,0.82,0.66,0.01,0.18,0.34,0.23,0.96,0.65,0.3
Gerente de Marketing,72928,8,Bachillerato,0.74,0.78,0.45,Medio,0.2,0.97,0.52,0.9,0.35,0.86,0.05,0.98,0.91,0.36
Investigador UX,42568,3,Doctorado,0.75,1.4,0.42,Medio,0.47,0.86,0.78,0.39,0.85,0.05,0.78,0.21,0.29,0.49
Científico de Datos,147982,28,Licenciatura,0.52,1.04,0.43,Medio,0.18,0.77,0.4,0.51,0.64,0.91,0.71,0.05,0.84,0.99
Ingeniero de Software,81011,0,Doctorado,0.97,1.05,0.48,Medio,0.33,0.66,0.23,0.1,0.03,0.29,0.4,0.55,0.29,0.98
Científico de Datos,148691,1,Doctorado,0.44,0.6,0.4,Medio,0.05,0.56,0.75,0.2,0.37,0.02,0.84,0.78,0.06,0.36
Investigador UX,139014,10,Doctorado,0.39,1.03,0.44,Medio,0.6,0.98,1.0,0.77,0.4,0.49,0.36,0.99,0.71,0.45
Chef,111164,28,Maestría,0.34,1.25,0.62,Medio,0.25,0.54,0.53,0.42,0.23,0.7,0.25,0.91,0.53,0.87
Científico de Datos,37529,21,Licenciatura,0.81,0.61,0.61,Medio,0.39,0.47,0.17,0.02,0.67,0.59,0.62,0.26,0.24,0.83
Médico,125707,1,Maestría,0.34,1.14,0.26,Bajo,0.89,0.01,0.81,0.35,0.72,0.37,0.61,0.65,0.4,0.51
Chef,139633,23,Doctorado,0.48,0.51,0.31,Medio,0.66,0.85,0.79,0.31,0.47,0.23,0.99,0.26,0.42,0.68
Ingeniero de IA,75477,2,Doctorado,0.05,0.8,0.19,Bajo,0.62,0.07,0.66,0.53,0.83,0.22,0.2,0.79,0.7,0.79
Maestro,84756,28,Doctorado,0.1,0.78,0.12,Bajo,0.93,0.49,0.11,0.29,0.87,0.85,0.9,0.39,0.64,0.28
Maestro,67309,12,Bachillerato,0.02,0.72,0.2,Bajo,0.9,0.13,0.92,0.35,0.43,0.36,0.41,0.26,0.7,0.76
Científico Investigador,130043,20,Maestría,0.34,1.26,0.21,Bajo,0.96,0.42,0.99,0.74,0.78,0.03,0.5,0.53,0.04,0.31
Investigador UX,101880,10,Doctorado,0.43,0.69,0.51,Medio,0.03,0.52,0.59,0.36,0.76,0.14,0.88,0.96,0.0,0.84
Investigador UX,37011,4,Maestría,0.46,0.74,0.48,Medio,0.95,0.21,0.18,0.24,0.55,0.93,0.57,0.24,0.44,0.39
Guardia de Seguridad,89658,0,Maestría,0.73,1.43,0.89,Alto,0.44,0.15,0.81,0.46,0.08,0.72,0.29,0.05,0.9,0.48
Obrero de Construcción,99720,27,Doctorado,0.72,1.39,0.7,Medio,0.69,0.77,0.21,0.49,0.09,0.75,0.85,0.11,0.82,0.77
Chef,115934,13,Doctorado,0.69,0.5,0.67,Medio,0.55,0.62,0.66,0.56,0.86,0.61,0.91,0.58,0.17,0.91
Maestro,104713,13,Bachillerato,0.7,1.49,0.07,Bajo,0.43,0.24,0.63,0.81,0.97,0.45,0.79,0.92,0.68,0.24
Trabajador de Comercio,51622,12,Bachillerato,0.97,1.49,0.86,Alto,0.89,0.2,0.25,0.95,0.14,0.19,0.42,0.59,0.6,0.29
Científico Investigador,118635,10,Doctorado,0.92,0.89,0.16,Bajo,0.7,0.66,0.38,0.41,0.35,0.24,0.46,0.69,0.74,0.78
Guardia de Seguridad,58645,18,Licenciatura,0.76,0.51,0.82,Alto,0.79,0.63,0.47,0.64,0.91,0.57,0.8,0.98,0.71,0.57
Diseñador Gráfico,74511,14,Doctorado,0.37,1.07,0.62,Medio,0.44,0.96,0.27,0.74,0.42,0.49,0.8,0.3,0.1,0.52
Especialista en RRHH,101013,19,Licenciatura,0.8,1.47,0.32,Medio,0.59,0.68,0.99,0.94,0.71,0.52,0.16,0.38,0.59,0.73
Gerente de Marketing,131277,18,Maestría,0.71,0.93,0.59,Medio,0.14,0.16,0.16,0.89,0.08,0.8,0.23,0.47,0.92,0.59
Analista Financiero,47881,28,Licenciatura,0.28,1.42,0.47,Medio,0.59,0.46,0.38,0.22,0.69,0.72,0.27,0.79,0.85,0.92
Ingeniero de Software,109741,18,Licenciatura,0.3,1.36,0.38,Medio,0.0,0.87,0.33,0.41,0.45,0.85,0.34,0.89,0.62,0.53
Soporte al Cliente,126509,11,Doctorado,0.24,1.12,0.81,Alto,0.91,0.49,0.51,0.42,0.79,0.42,0.27,0.86,0.6,0.59
Analista Financiero,85308,18,Licenciatura,0.72,0.81,0.31,Medio,0.81,0.13,0.72,0.08,0.38,0.06,0.52,0.65,0.17,0.37
Conductor de Camión,41467,7,Maestría,0.44,1.3,0.93,Alto,0.97,0.9,0.32,0.96,0.81,0.84,0.02,0.95,0.78,0.77
Ingeniero de Software,82762,8,Bachillerato,0.23,1.46,0.5,Medio,0.4,0.84,0.09,0.42,0.38,0.35,0.31,0.21,0.17,0.64
Analista Financiero,125711,14,Doctorado,0.51,0.8,0.36,Medio,0.83,0.97,0.35,0.29,0.6,0.78,0.46,0.63,0.72,0.96
Chef,131011,4,Bachillerato,0.27,0.79,0.32,Medio,0.29,0.06,0.96,0.62,0.17,0.12,0.37,0.31,0.28,0.47
Especialista en RRHH,36588,14,Licenciatura,0.54,0.81,0.5,Medio,0.22,0.05,0.78,0.64,0.34,0.05,0.87,0.17,0.93,0.48
Mecánico,133768,0,Bachillerato,0.74,1.38,0.45,Medio,0.41,0.43,0.92,0.69,0.25,0.18,0.23,0.26,0.23,0.66
Abogado,149170,22,Bachillerato,0.39,1.13,0.42,Medio,0.07,0.08,0.13,0.84,0.66,0.06,0.39,0.28,0.58,0.52
Obrero de Construcción,91860,15,Bachillerato,0.31,0.64,0.89,Alto,0.88,0.94,0.06,0.74,0.73,0.95,0.25,0.74,0.05,0.63
Maestro,106206,21,Maestría,0.77,1.36,0.14,Bajo,0.53,0.12,0.42,0.36,0.18,0.89,0.15,0.64,0.89,0.91
Soporte al Cliente,145155,0,Maestría,0.18,1.32,0.77,Alto,0.92,0.71,0.79,0.09,0.58,0.82,0.86,0.03,0.94,0.04
Científico Investigador,101812,24,Maestría,0.58,0.59,0.18,Bajo,0.05,0.29,0.45,0.53,0.98,0.98,0.1,0.54,0.82,0.24
Investigador UX,89199,15,Licenciatura,0.88,1.16,0.43,Medio,0.92,0.88,0.72,0.36,0.79,0.32,0.25,0.52,1.0,0.8
Maestro,141176,2,Licenciatura,0.45,0.81,0.26,Bajo,0.57,0.81,0.49,0.75,0.87,0.39,0.01,0.25,0.91,0.69
Ingeniero de Software,53983,18,Bachillerato,0.33,1.2,0.56,Medio,0.18,0.97,0.35,0.33,0.37,0.09,0.62,0.24,0.8,0.39
Soporte al Cliente,35807,16,Maestría,0.65,1.26,0.76,Alto,0.97,0.62,0.01,0.42,0.44,0.81,0.31,0.33,0.07,0.28
Mecánico,82546,25,Bachillerato,0.63,0.58,0.35,Medio,0.38,0.74,0.83,0.01,0.33,0.42,0.91,0.5,0.27,0.39
Diseñador Gráfico,40987,16,Doctorado,0.67,0.54,0.46,Medio,0.65,0.28,0.59,0.36,0.76,0.06,0.92,0.17,0.16,0.84
Científico Investigador,116856,12,Doctorado,0.09,1.41,0.12,Bajo,0.62,0.07,0.38,0.45,0.6,0.53,0.46,0.96,0.19,0.16
Ingeniero de Software,71397,15,Bachillerato,0.07,0.98,0.49,Medio,0.31,0.93,0.28,0.29,0.23,0.15,0.36,0.68,0.74,0.81
Guardia de Seguridad,45456,20,Bachillerato,0.04,1.47,0.7,Medio,0.96,0.83,0.91,0.39,0.2,0.61,0.74,0.13,0.8,0.21
Diseñador Gráfico,66911,11,Bachillerato,0.86,0.69,0.4,Medio,0.06,0.15,0.15,0.2,0.29,0.81,0.92,0.41,0.13,0.22
Trabajador de Comercio,34852,19,Bachillerato,0.08,1.03,0.9,Alto,0.08,0.89,0.58,0.95,0.15,0.99,0.64,0.57,0.52,0.02
Científico de Datos,42705,27,Licenciatura,0.64,0.59,0.31,Medio,0.05,0.61,0.61,0.5,0.31,0.53,0.52,0.02,0.28,0.05
Enfermero/a,65495,23,Doctorado,0.73,1.5,0.13,Bajo,0.88,0.6,0.45,0.22,0.74,0.9,0.24,0.18,0.7,0.98
Conductor de Camión,99282,2,Maestría,0.28,0.92,0.8,Alto,0.85,0.77,0.59,0.27,0.94,0.65,0.97,0.58,0.82,0.81
Ingeniero de Software,107275,19,Maestría,0.96,0.52,0.61,Medio,0.97,0.34,0.65,0.56,0.76,0.87,0.6,0.82,0.31,0.23
Analista Financiero,45573,2,Bachillerato,0.68,0.69,0.57,Medio,0.39,0.8,0.04,0.67,0.65,0.94,0.71,0.8,0.9,0.68
Diseñador Gráfico,128853,20,Licenciatura,0.87,1.25,0.47,Medio,0.71,0.87,0.98,0.95,0.33,0.42,0.11,0.25,0.88,0.36
Investigador UX,65314,24,Maestría,0.67,1.28,0.37,Medio,0.3,0.45,0.36,0.98,0.83,0.48,0.88,0.35,0.79,0.22
Médico,88826,6,Doctorado,0.46,0.61,0.12,Bajo,0.4,0.75,0.07,0.66,0.72,0.65,0.76,0.18,0.59,0.94
Conductor de Camión,53449,17,Maestría,0.61,1.24,0.78,Alto,0.7,0.92,0.01,0.87,0.22,0.46,0.85,0.82,0.89,0.94
Gerente de Marketing,87564,27,Doctorado,0.66,0.89,0.44,Medio,0.43,0.74,0.5,0.81,0.75,0.02,0.63,0.44,0.46,0.82
Científico Investigador,32405,3,Maestría,0.89,1.21,0.19,Bajo,0.75,0.04,0.03,0.08,0.44,0.24,0.98,0.54,0.66,0.28
Gerente de Marketing,114028,2,Bachillerato,0.34,1.2,0.49,Medio,0.52,0.59,0.77,0.09,0.78,0.56,0.67,0.33,0.41,0.23
Obrero de Construcción,122061,20,Doctorado,0.5,1.5,0.82,Alto,0.22,0.51,0.04,0.9,0.82,0.73,0.61,0.58,1.0,0.28
Investigador UX,121396,16,Doctorado,0.31,0.88,0.5,Medio,0.02,0.08,0.26,0.55,0.77,0.69,0.57,0.4,0.87,0.46
Médico,87454,15,Doctorado,0.27,0.86,0.29,Bajo,0.24,0.1,0.07,0.5,0.64,0.33,0.69,0.06,0.86,0.82
Maestro,127216,7,Maestría,0.94,0.86,0.15,Bajo,0.75,0.13,0.31,0.12,0.45,0.55,0.21,0.03,0.72,0.02
Científico de Datos,89871,29,Maestría,0.22,1.16,0.47,Medio,0.06,0.47,0.52,0.85,0.73,0.08,0.21,0.31,0.12,0.46
Mecánico,140564,19,Licenciatura,0.51,1.24,0.57,Medio,0.85,0.22,0.75,0.88,0.17,0.35,0.97,0.78,0.28,0.56
Ingeniero de Software,76887,18,Doctorado,0.77,0.77,0.57,Medio,0.35,0.57,0.38,0.3,0.86,0.75,0.35,0.43,0.69,0.81
Ingeniero de IA,94817,12,Bachillerato,0.54,1.45,0.24,Bajo,0.12,0.56,0.41,0.79,0.04,0.41,0.32,0.14,0.38,0.67
Abogado,90388,5,Maestría,0.58,1.09,0.53,Medio,0.53,0.12,0.22,0.8,0.5,0.71,0.57,0.04,0.8,0.06
Maestro,133323,3,Maestría,0.09,0.89,0.2,Bajo,0.58,0.54,0.34,0.71,0.83,0.35,0.09,0.3,0.14,0.47
Guardia de Seguridad,119526,10,Doctorado,0.46,0.72,0.88,Alto,0.03,0.55,0.17,0.0,0.87,0.67,0.1,0.66,0.61,0.47
Científico de Datos,62676,4,Doctorado,0.16,0.75,0.66,Medio,0.97,0.95,0.19,0.9,0.14,0.51,0.64,0.46,0.95,0.33
Científico de Datos,44590,22,Bachillerato,0.08,1.35,0.47,Medio,0.7,0.68,0.68,0.51,0.28,0.63,0.96,0.83,0.11,0.02
Ingeniero de Software,68463,5,Licenciatura,0.78,0.81,0.58,Medio,0.93,0.46,0.24,0.92,0.47,0.41,0.35,0.42,0.67,0.43
Ingeniero de Software,52053,16,Licenciatura,0.74,0.7,0.38,Medio,0.7,0.87,0.24,0.19,0.67,0.62,0.45,0.1,0.09,0.78
Ingeniero de Software,104767,24,Licenciatura,0.86,1.07,0.55,Medio,0.93,0.16,0.54,0.06,0.36,0.15,0.19,0.93,0.61,0.89
Ingeniero de Software,65303,20,Doctorado,0.6,0.53,0.49,Medio,0.56,0.02,0.79,0.3,0.45,0.54,0.99,0.1,0.56,0.53
Chef,34312,3,Licenciatura,0.63,0.79,0.34,Medio,0.18,0.82,0.1,0.47,0.2,0.16,0.21,0.49,0.24,0.1
Enfermero/a,69794,21,Licenciatura,0.54,0.66,0.17,Bajo,0.07,0.58,0.34,0.1,0.18,0.35,0.81,0.17,0.11,0.52
Conductor de Camión,80102,23,Maestría,0.09,0.78,0.77,Alto,0.19,0.32,0.04,0.65,0.99,0.63,0.36,0.67,0.57,0.85
Obrero de Construcción,106743,11,Maestría,0.63,0.72,0.8,Alto,0.34,0.01,0.31,0.49,0.6,0.93,0.24,0.15,0.87,0.94
Guardia de Seguridad,67333,10,Bachillerato,0.12,0.99,0.73,Alto,0.88,0.71,0.24,0.89,0.64,0.95,0.98,0.0,0.12,0.55
Ingeniero de IA,80724,18,Licenciatura,0.99,1.07,0.09,Bajo,0.16,0.76,0.59,0.55,0.47,0.73,0.86,0.3,0.22,0.67
Especialista en RRHH,107684,5,Bachillerato,0.6,1.48,0.68,Medio,0.43,0.72,0.83,0.9,0.07,0.3,0.32,0.43,0.17,0.5
Gerente de Marketing,57161,28,Doctorado,0.5,1.17,0.33,Medio,0.88,0.94,0.62,0.88,0.13,0.8,0.12,0.41,0.32,0.59
Investigador UX,33687,15,Bachillerato,0.64,0.87,0.64,Medio,0.63,0.22,0.34,0.85,0.39,0.54,0.65,0.35,0.29,0.48
Soporte al Cliente,58777,18,Maestría,0.28,0.56,0.78,Alto,0.32,0.96,0.59,0.79,0.05,0.11,0.81,0.62,0.19,0.4
Diseñador Gráfico,58915,24,Maestría,0.84,0.56,0.54,Medio,0.72,0.98,0.81,0.28,0.71,0.76,0.73,0.82,0.9,0.1
Abogado,148222,2,Doctorado,0.8,0.75,0.32,Medio,0.4,0.82,0.13,0.67,0.0,0.11,0.35,0.08,0.85,0.86
Investigador UX,100880,21,Licenciatura,0.24,1.02,0.37,Medio,0.28,0.52,0.74,0.09,0.3,0.93,0.43,0.94,0.99,0.53
Maestro,112056,19,Bachillerato,0.79,0.66,0.11,Bajo,0.78,0.43,0.2,0.65,0.73,0.13,0.28,0.22,0.38,0.76
Ingeniero de Software,133144,16,Maestría,0.66,0.51,0.36,Medio,0.22,0.27,0.15,0.41,0.08,0.75,0.79,0.57,0.09,0.89
Ingeniero de Software,127364,0,Maestría,0.7,1.34,0.52,Medio,0.32,0.48,0.51,0.4,0.93,0.74,0.24,0.59,0.69,0.14
Guardia de Seguridad,147257,23,Bachillerato,0.91,1.07,0.75,Alto,0.12,0.52,0.55,0.33,0.63,0.07,0.15,0.55,0.06,0.88
Investigador UX,141706,18,Licenciatura,0.67,0.89,0.46,Medio,0.76,0.5,0.73,0.51,0.59,0.76,0.61,0.62,0.79,0.95
Obrero de Construcción,60795,2,Licenciatura,0.58,0.59,0.79,Alto,0.41,0.84,0.51,0.73,0.02,0.46,0.9,0.22,0.03,0.43
Guardia de Seguridad,137729,26,Licenciatura,0.45,0.96,0.87,Alto,0.25,0.75,0.15,0.4,0.66,0.83,0.79,0.72,0.36,0.12
Enfermero/a,59340,5,Bachillerato,0.86,1.36,0.29,Bajo,0.08,0.54,0.65,0.71,0.64,0.77,0.36,0.18,0.2,0.01
Especialista en RRHH,75487,2,Bachillerato,0.09,0.82,0.55,Medio,0.89,0.84,0.25,0.13,0.19,0.97,0.55,0.18,0.84,0.4
Conductor de Camión,123258,17,Maestría,0.26,0.89,0.83,Alto,0.89,0.87,0.57,0.22,0.4,0.98,0.61,0.78,0.45,0.53
Maestro,37160,9,Licenciatura,0.85,1.01,0.17,Bajo,0.34,0.18,0.94,0.32,0.8,0.72,0.79,0.94,0.62,0.9
Investigador UX,43869,7,Bachillerato,0.63,1.27,0.41,Medio,0.74,0.78,0.83,0.31,0.68,0.3,0.74,0.46,0.6,0.42
Obrero de Construcción,142266,20,Maestría,0.18,0.58,0.85,Alto,0.85,0.02,0.07,0.46,0.74,0.16,0.27,0.23,0.4,0.22
Especialista en RRHH,112833,24,Bachillerato,0.34,0.61,0.32,Medio,0.37,0.05,0.1,0.14,0.0,0.15,0.58,0.82,0.19,0.08
Trabajador de Comercio,124538,10,Licenciatura,0.01,1.23,0.73,Alto,0.23,0.12,0.25,0.8,0.13,0.99,0.33,0.92,0.19,0.19
Ingeniero de Software,54608,4,Bachillerato,0.43,0.54,0.36,Medio,0.08,0.59,0.19,0.5,0.37,0.8,0.32,0.46,0.72,0.43
Gerente de Marketing,41367,11,Licenciatura,0.66,0.91,0.5,Medio,0.97,0.66,0.9,0.18,0.48,0.91,0.32,0.97,0.1,0.9
Enfermero/a,123159,22,Doctorado,0.07,1.38,0.11,Bajo,0.02,0.14,0.66,0.98,0.11,0.46,0.18,0.75,0.12,0.24
Obrero de Construcción,138864,11,Licenciatura,0.55,1.37,0.83,Alto,0.06,0.56,0.8,0.13,0.07,0.19,0.75,0.59,0.54,0.25
Guardia de Seguridad,125504,14,Bachillerato,0.97,0.74,0.93,Alto,0.58,0.12,0.47,0.95,0.42,0.86,0.26,0.57,0.84,0.92
Científico de Datos,90302,18,Doctorado,0.64,0.5,0.4,Medio,0.28,0.09,0.28,0.32,0.97,0.67,0.43,0.99,0.15,0.48
Científico Investigador,72722,0,Licenciatura,0.48,1.21,0.1,Bajo,0.74,0.55,0.1,0.56,0.07,0.01,0.89,0.49,0.54,0.28
Trabajador de Comercio,116379,20,Bachillerato,0.17,1.25,0.91,Alto,0.86,0.11,0.56,0.81,0.13,0.1,0.82,0.8,0.45,0.11
Científico de Datos,72412,21,Licenciatura,0.39,1.02,0.48,Medio,0.57,0.73,0.77,0.65,0.2,0.4,0.07,0.45,0.97,0.64
Soporte al Cliente,74956,1,Bachillerato,0.27,0.56,0.75,Alto,0.49,0.34,0.2,0.15,0.66,0.56,0.84,0.18,0.85,0.58
Maestro,108872,16,Bachillerato,0.27,0.89,0.17,Bajo,0.08,0.84,0.12,0.48,0.38,0.51,0.89,0.99,0.02,0.39
Especialista en RRHH,90542,19,Bachillerato,0.33,1.15,0.7,Medio,0.65,0.11,0.84,0.97,0.71,0.42,0.95,0.97,0.94,0.41
Soporte al Cliente,48481,9,Licenciatura,0.65,0.68,0.83,Alto,0.75,0.9,0.86,0.15,0.49,0.48,0.9,0.0,0.74,0.62
Gerente de Marketing,37075,10,Maestría,0.46,1.16,0.69,Medio,0.74,0.07,0.17,0.82,0.33,0.71,0.7,0.99,0.47,0.74
Abogado,100043,26,Maestría,0.46,0.69,0.64,Medio,0.84,0.24,0.32,0.7,0.74,0.66,1.0,0.87,0.42,0.33
Ingeniero de Software,105069,12,Maestría,0.82,0.98,0.6,Medio,0.02,0.93,0.77,0.39,0.38,0.1,0.82,0.77,0.63,0.1
Maestro,82692,9,Bachillerato,0.46,0.77,0.16,Bajo,0.23,0.35,0.65,0.89,0.39,0.69,0.13,0.54,0.92,0.03
Científico de Datos,71918,15,Doctorado,0.13,1.03,0.57,Medio,0.06,0.07,0.87,0.46,0.46,0.94,0.32,0.9,0.97,0.24
Soporte al Cliente,33264,11,Licenciatura,0.53,1.37,0.78,Alto,0.8,0.97,0.84,0.91,0.71,0.9,0.16,0.71,0.73,0.44
Obrero de Construcción,144047,16,Bachillerato,0.43,1.48,0.75,Alto,0.71,0.53,0.82,0.48,0.78,0.93,0.73,0.78,0.07,0.2
Científico Investigador,83433,4,Maestría,0.73,0.99,0.07,Bajo,0.89,0.89,0.32,0.91,0.76,0.4,0.33,0.98,0.71,0.38
Chef,99201,3,Doctorado,0.57,1.02,0.56,Medio,0.54,0.65,0.91,0.99,0.71,0.93,0.86,0.3,0.93,0.07
Ingeniero de Software,145131,19,Bachillerato,0.64,1.03,0.52,Medio,0.79,0.19,0.98,0.44,0.95,0.38,0.6,0.45,0.68,0.18
Enfermero/a,134290,8,Doctorado,0.07,1.1,0.29,Bajo,0.05,0.66,0.78,0.21,0.27,0.2,0.3,0.11,0.37,0.37
Maestro,100779,21,Doctorado,0.8,1.3,0.19,Bajo,0.33,0.41,0.32,0.58,0.94,0.28,0.46,0.66,0.84,0.25
Científico Investigador,100935,5,Doctorado,0.89,0.58,0.2,Bajo,0.86,0.92,0.01,0.37,0.26,0.57,0.63,1.0,0.51,0.55
Médico,59483,25,Bachillerato,0.34,0.56,0.18,Bajo,0.6,0.01,0.1,0.21,0.35,0.54,0.29,0.28,0.87,0.15
Gerente de Marketing,61155,26,Bachillerato,0.95,1.13,0.59,Medio,0.43,0.02,0.65,0.63,0.11,0.46,0.92,0.21,0.46,0.46
Gerente de Marketing,34176,6,Maestría,0.82,1.26,0.45,Medio,0.07,0.35,0.68,0.7,0.97,0.45,0.63,0.54,0.15,0.46
Soporte al Cliente,50746,12,Maestría,0.95,0.87,0.95,Alto,0.54,0.24,0.19,0.14,0.45,0.02,0.45,0.99,0.67,0.76
Médico,104557,18,Maestría,0.47,0.79,0.27,Bajo,0.18,0.46,0.59,0.51,0.83,0.23,0.38,0.79,0.53,0.4
Médico,131242,14,Licenciatura,0.75,1.47,0.21,Bajo,0.86,0.52,0.23,0.01,0.65,0.49,0.78,0.69,0.99,0.51
Ingeniero de Software,116949,11,Bachillerato,0.29,0.98,0.65,Medio,0.04,0.98,0.99,0.6,0.33,0.22,0.28,0.05,0.48,0.06
Científico de Datos,88204,14,Doctorado,0.5,0.84,0.55,Medio,0.84,0.06,0.97,0.1,0.51,0.56,0.14,0.92,0.47,0.14
Médico,45089,4,Doctorado,0.96,0.65,0.29,Bajo,0.09,0.22,0.44,0.99,0.49,0.55,0.69,0.97,0.78,0.22
Maestro,83341,5,Maestría,0.1,1.14,0.1,Bajo,0.26,0.89,0.33,0.57,0.4,0.07,0.36,0.41,0.9,0.32
Obrero de Construcción,126621,13,Bachillerato,0.55,0.88,0.73,Alto,0.77,0.93,0.95,0.67,0.41,0.48,0.66,0.82,0.37,0.92
Trabajador de Comercio,128283,4,Licenciatura,0.53,1.46,0.93,Alto,0.7,0.32,0.22,0.08,0.71,0.5,0.57,0.47,0.48,0.57
Abogado,100446,9,Bachillerato,0.03,1.3,0.46,Medio,0.74,0.95,0.31,0.09,0.23,0.22,0.74,0.06,0.05,0.69
Chef,107413,21,Licenciatura,0.7,0.85,0.48,Medio,0.56,0.69,0.24,0.84,0.72,0.23,0.97,0.66,0.45,0.16
Científico Investigador,106789,20,Doctorado,0.16,0.93,0.15,Bajo,0.72,0.19,0.82,0.33,0.44,0.77,0.63,0.31,0.39,0.31
Chef,86193,3,Bachillerato,0.33,1.23,0.53,Medio,0.15,0.31,0.22,0.39,0.52,0.51,0.75,0.19,0.95,0.34
Chef,102652,16,Bachillerato,0.69,1.31,0.45,Medio,0.75,0.88,0.77,0.03,0.83,0.77,0.67,0.76,0.98,0.43
Mecánico,131038,25,Doctorado,0.58,1.23,0.39,Medio,0.26,0.23,0.69,0.35,0.41,0.71,0.97,0.16,0.06,0.19
Trabajador de Comercio,55143,2,Maestría,0.19,1.08,0.85,Alto,0.29,0.07,0.4,0.19,0.18,0.52,0.67,0.08,0.58,0.25
Analista Financiero,112702,22,Licenciatura,0.81,1.31,0.45,Medio,0.57,0.79,0.06,0.61,0.84,0.37,0.46,0.7,0.07,0.39
Soporte al Cliente,141459,26,Doctorado,0.02,0.7,0.8,Alto,0.2,0.6,0.45,0.04,0.28,0.02,0.36,0.26,0.69,0.31
Diseñador Gráfico,56107,24,Bachillerato,0.73,0.98,0.52,Medio,0.84,0.21,0.99,0.9,0.29,0.89,0.75,0.93,0.69,0.67
Abogado,98402,8,Licenciatura,0.47,0.7,0.43,Medio,0.98,0.09,0.72,0.17,0.01,0.5,0.16,0.97,0.2,0.19
Guardia de Seguridad,36005,14,Bachillerato,0.33,0.52,0.82,Alto,0.51,0.05,0.24,0.83,0.46,0.43,0.7,0.71,0.76,0.83
Médico,81038,25,Licenciatura,0.07,0.88,0.26,Bajo,0.08,0.58,0.7,0.48,0.26,0.33,0.07,0.29,0.04,0.73
Investigador UX,96783,20,Licenciatura,0.63,1.16,0.49,Medio,0.16,0.01,0.34,0.75,0.96,0.43,0.37,0.45,0.43,0.63
Enfermero/a,101020,21,Doctorado,0.78,1.15,0.16,Bajo,0.95,0.71,0.43,0.45,0.82,0.44,0.52,0.29,0.84,0.52
Abogado,95217,16,Licenciatura,0.66,0.78,0.63,Medio,0.31,0.99,0.61,0.84,0.07,0.35,0.74,0.66,0.19,0.36
Investigador UX,97323,19,Licenciatura,0.61,0.84,0.42,Medio,0.21,0.41,0.2,0.96,0.15,0.91,0.43,0.38,0.23,0.64
Maestro,80049,19,Licenciatura,0.47,0.56,0.28,Bajo,0.98,0.43,0.61,0.45,0.32,0.08,0.46,0.82,0.02,0.58
Enfermero/a,48428,2,Maestría,0.22,0.68,0.24,Bajo,0.26,0.19,0.38,0.39,0.87,0.62,0.41,0.53,0.95,0.11
Maestro,85331,27,Bachillerato,0.96,1.46,0.09,Bajo,0.15,0.42,0.05,0.65,0.08,0.06,0.49,0.96,0.43,0.36
Gerente de Marketing,35973,2,Bachillerato,0.53,0.88,0.45,Medio,0.19,0.51,0.44,0.27,0.16,0.31,0.51,0.06,0.15,0.95
Ingeniero de Software,67236,10,Maestría,0.06,1.19,0.32,Medio,0.74,0.75,0.65,0.73,0.09,0.73,0.14,0.34,0.94,0.5
Analista Financiero,112473,25,Doctorado,0.4,1.28,0.56,Medio,0.58,0.9,0.02,0.16,0.62,0.07,0.64,0.98,0.88,0.59
Chef,138480,27,Licenciatura,0.12,0.95,0.47,Medio,0.34,0.0,0.89,0.78,0.65,0.13,0.38,0.92,0.62,0.6
Científico de Datos,73464,27,Maestría,0.56,1.1,0.44,Medio,0.37,0.69,0.32,0.56,0.28,0.17,0.45,0.22,0.9,0.3
Médico,118060,19,Licenciatura,0.26,0.76,0.14,Bajo,0.92,0.39,0.82,0.2,0.05,0.78,0.54,0.5,0.27,0.07
Ingeniero de Software,76905,12,Bachillerato,0.87,0.62,0.67,Medio,0.27,0.53,0.07,0.43,0.13,0.05,0.97,0.73,0.72,0.09
Científico de Datos,101341,15,Bachillerato,0.85,0.51,0.42,Medio,1.0,0.43,0.89,0.33,0.53,0.85,0.61,0.73,0.23,0.16
Guardia de Seguridad,119314,26,Maestría,0.49,1.3,0.79,Alto,0.56,0.8,0.24,0.88,0.95,0.04,0.06,0.09,0.78,0.19
Soporte al Cliente,109455,26,Doctorado,0.44,1.34,0.9,Alto,0.96,0.25,0.23,0.03,0.41,0.46,0.96,0.83,0.17,0.8
Ingeniero de Software,96951,6,Maestría,0.08,1.34,0.69,Medio,0.09,0.81,0.86,0.12,0.28,0.73,0.81,0.35,0.16,0.65
Ingeniero de Software,44057,5,Bachillerato,0.5,0.64,0.64,Medio,0.65,0.87,0.93,0.81,0.96,0.95,0.62,0.73,0.7,0.62
Trabajador de Comercio,60185,28,Bachillerato,0.36,0.6,0.78,Alto,0.07,0.92,0.45,0.19,0.58,0.2,0.8,0.31,0.31,0.87
Científico de Datos,63797,24,Licenciatura,0.68,0.79,0.31,Medio,0.2,0.4,0.17,0.19,0.39,0.96,0.76,0.32,0.95,0.65
Especialista en RRHH,52792,6,Bachillerato,0.47,0.91,0.39,Medio,0.39,0.53,0.53,0.76,0.36,0.72,0.58,0.96,0.39,0.9
Ingeniero de IA,136827,15,Bachillerato,0.64,1.15,0.07,Bajo,0.95,0.11,0.56,0.33,0.43,0.61,0.91,0.46,0.99,0.59
Enfermero/a,34134,12,Doctorado,0.19,1.22,0.06,Bajo,0.48,0.15,0.43,0.75,0.46,0.16,0.25,0.37,0.07,0.58
Guardia de Seguridad,117463,19,Bachillerato,0.06,0.9,0.8,Alto,0.33,0.56,0.35,0.42,0.8,0.16,0.62,0.51,0.31,0.73
Ingeniero de IA,74597,12,Bachillerato,0.48,1.17,0.25,Bajo,0.97,0.63,0.87,0.0,0.53,0.21,0.09,0.53,0.75,0.41
Especialista en RRHH,40603,24,Bachillerato,0.49,0.94,0.42,Medio,0.38,0.35,0.65,0.12,0.09,0.66,0.55,0.43,0.15,0.41
Maestro,106968,22,Maestría,0.7,0.56,0.22,Bajo,0.24,0.32,0.2,0.78,0.65,0.61,0.67,0.24,0.44,0.63
Diseñador Gráfico,149700,26,Doctorado,0.79,0.79,0.61,Medio,0.44,0.67,0.46,0.95,0.18,0.68,0.58,0.17,0.07,0.8
Médico,77890,26,Bachillerato,0.19,1.48,0.23,Bajo,0.25,0.59,0.53,0.84,0.73,0.83,0.21,0.64,0.04,0.07
Científico Investigador,141930,5,Licenciatura,0.02,1.08,0.26,Bajo,0.38,0.04,0.71,0.93,0.72,0.58,0.23,0.02,0.69,0.23
Analista Financiero,65976,2,Licenciatura,0.47,1.03,0.6,Medio,0.78,0.64,0.94,0.98,0.95,0.82,0.71,0.66,0.1,0.27
Gerente de Marketing,81356,7,Bachillerato,0.14,0.94,0.36,Medio,0.9,0.81,0.07,0.25,0.82,0.8,0.95,1.0,0.98,0.41
Enfermero/a,129928,0,Licenciatura,0.76,0.8,0.25,Bajo,0.53,0.79,0.28,0.51,0.56,0.94,0.27,0.94,0.8,0.73
Conductor de Camión,51625,1,Licenciatura,0.61,0.74,0.75,Alto,0.87,0.73,0.21,0.62,0.45,0.16,0.53,0.28,0.1,0.47
Chef,118760,20,Bachillerato,0.05,0.9,0.4,Medio,0.03,0.13,0.14,0.18,0.8,0.44,0.15,0.1,0.3,0.8
Ingeniero de Software,111299,27,Bachillerato,0.16,0.9,0.52,Medio,0.03,0.63,0.4,0.01,0.67,0.71,0.63,0.34,0.53,0.39
Investigador UX,94535,1,Bachillerato,0.7,0.71,0.41,Medio,0.57,0.45,0.74,0.38,0.86,0.43,0.04,0.02,0.65,0.54
Conductor de Camión,116030,1,Maestría,0.79,0.88,0.95,Alto,0.95,0.01,0.9,0.68,0.5,0.58,0.84,0.95,0.56,0.18
Guardia de Seguridad,90127,24,Doctorado,0.08,1.14,0.9,Alto,0.35,0.07,0.69,0.34,0.25,0.69,0.97,0.75,0.49,0.6
Ingeniero de Software,55577,7,Bachillerato,0.81,1.1,0.69,Medio,0.98,0.35,0.99,0.96,0.64,0.33,0.75,0.27,0.63,0.02
Obrero de Construcción,82573,24,Bachillerato,0.95,0.74,0.89,Alto,0.29,0.71,0.7,0.18,0.6,0.86,0.38,0.71,0.67,0.26
Médico,44703,3,Doctorado,0.56,0.86,0.09,Bajo,0.47,0.73,0.62,0.73,0.79,0.44,0.52,0.99,0.97,0.41
Analista Financiero,66003,2,Bachillerato,0.77,1.15,0.42,Medio,0.49,0.04,0.19,0.42,0.83,0.48,0.59,0.87,0.31,0.7
Científico Investigador,44756,11,Bachillerato,0.2,0.86,0.29,Bajo,0.98,0.22,0.07,0.27,0.4,0.44,0.62,0.9,0.33,0.85
Diseñador Gráfico,45380,20,Licenciatura,0.04,1.0,0.32,Medio,0.39,0.9,0.24,0.71,0.3,0.04,0.56,0.83,0.41,0.62
Conductor de Camión,139044,6,Bachillerato,0.19,1.23,0.83,Alto,0.75,0.49,0.13,0.57,0.49,0.52,0.88,0.89,0.45,0.46
Científico de Datos,114705,29,Maestría,0.52,1.45,0.56,Medio,0.28,0.53,0.63,0.64,0.59,0.18,0.03,0.34,0.43,0.06
Enfermero/a,141375,16,Doctorado,0.34,1.41,0.09,Bajo,0.06,0.48,0.19,0.94,0.01,0.41,0.93,0.38,0.09,0.3
Obrero de Construcción,135454,16,Doctorado,0.19,0.97,0.91,Alto,0.87,0.05,0.16,0.28,0.59,0.36,0.84,0.72,0.1,0.62
Científico Investigador,55903,23,Maestría,0.26,0.68,0.09,Bajo,0.62,0.56,0.18,0.99,0.42,0.1,0.12,0.58,0.98,0.57
Trabajador de Comercio,55036,21,Bachillerato,0.44,0.94,0.83,Alto,0.7,0.37,0.86,0.03,0.44,0.51,0.61,0.28,0.43,0.48
Analista Financiero,117309,8,Doctorado,0.77,1.24,0.44,Medio,1.0,0.85,0.26,0.2,0.31,0.45,0.85,0.78,0.85,0.27
Ingeniero de Software,100412,21,Licenciatura,0.28,0.61,0.57,Medio,0.14,0.67,0.65,0.81,0.14,0.78,1.0,0.85,0.75,0.66
Analista Financiero,32414,16,Licenciatura,0.84,1.04,0.6,Medio,0.79,0.51,0.54,0.2,0.24,0.9,0.84,0.01,0.87,0.03
Mecánico,140419,14,Doctorado,0.29,0.98,0.46,Medio,0.93,0.04,0.68,0.85,0.96,0.18,0.53,0.04,0.5,0.13
Científico Investigador,55976,17,Maestría,0.11,1.01,0.18,Bajo,0.97,0.65,0.29,0.24,0.13,0.76,0.69,0.61,0.04,0.76
Médico,78787,25,Maestría,0.96,1.09,0.13,Bajo,0.38,0.18,0.72,0.71,0.2,0.16,0.08,0.91,0.23,0.34
Guardia de Seguridad,104918,4,Bachillerato,0.41,1.21,0.92,Alto,0.18,0.69,0.35,0.98,0.3,0.01,0.52,0.15,0.04,0.7
Trabajador de Comercio,118121,25,Maestría,0.46,1.18,0.83,Alto,0.63,0.6,0.67,0.2,0.27,0.44,0.45,0.77,0.37,0.16
Conductor de Camión,34847,10,Doctorado,0.21,1.23,0.82,Alto,0.71,0.42,0.89,0.98,0.67,0.86,0.51,0.93,0.83,0.99
Trabajador de Comercio,100182,12,Doctorado,0.78,1.04,0.76,Alto,0.35,0.89,0.06,0.59,0.37,0.39,0.88,0.85,0.6,0.27
Ingeniero de Software,128757,14,Doctorado,0.41,0.85,0.34,Medio,0.54,0.3,0.66,0.32,0.43,0.05,0.99,0.51,0.02,0.54
Investigador UX,129584,7,Licenciatura,0.77,1.2,0.36,Medio,0.66,0.77,0.57,0.89,0.28,0.24,0.87,0.63,0.0,0.35
Obrero de Construcción,59476,5,Maestría,0.03,0.5,0.77,Alto,0.91,0.9,0.52,0.55,0.33,0.24,0.82,0.11,0.49,0.63
Científico Investigador,81880,3,Maestría,0.52,1.08,0.24,Bajo,0.23,0.29,0.57,0.98,0.22,0.99,0.71,0.83,0.09,0.3
Ingeniero de IA,148283,25,Licenciatura,0.37,1.48,0.08,Bajo,0.56,0.01,0.71,0.2,0.13,0.34,0.77,0.11,0.23,0.01
Abogado,32393,24,Doctorado,0.59,1.22,0.56,Medio,0.14,0.59,0.13,0.4,0.57,0.56,0.12,0.03,0.8,0.73
Trabajador de Comercio,35481,1,Bachillerato,0.13,1.39,0.89,Alto,1.0,0.25,0.49,0.24,0.62,0.12,0.13,0.07,0.69,0.49
Científico de Datos,137033,28,Licenciatura,0.88,1.24,0.48,Medio,0.98,0.46,0.11,0.99,0.02,0.55,0.31,0.5,0.56,0.24
Ingeniero de IA,49361,20,Maestría,0.68,1.34,0.17,Bajo,0.83,0.78,0.67,0.45,0.27,0.86,0.65,0.8,0.55,0.17
Maestro,59146,9,Licenciatura,0.04,1.43,0.1,Bajo,0.91,0.06,0.95,0.2,0.3,0.49,0.38,0.67,0.97,0.61
Analista Financiero,113102,26,Doctorado,0.75,1.34,0.67,Medio,0.58,0.78,0.49,0.04,0.16,0.13,0.17,0.01,0.86,0.56
Investigador UX,37769,22,Doctorado,0.41,0.96,0.33,Medio,0.27,0.85,0.74,0.56,0.48,0.26,0.47,0.6,0.71,0.17
Soporte al Cliente,126939,9,Bachillerato,0.5,1.11,0.82,Alto,0.57,0.11,0.43,0.28,0.09,0.19,0.6,0.2,0.18,0.55
Trabajador de Comercio,68226,11,Doctorado,0.79,1.41,0.85,Alto,0.41,0.73,0.26,0.08,0.34,0.3,0.68,0.55,0.14,0.91
Soporte al Cliente,99516,21,Doctorado,0.46,1.44,0.72,Alto,0.79,0.36,0.7,0.93,0.52,0.02,0.03,0.33,0.78,0.29
Guardia de Seguridad,143645,26,Licenciatura,0.78,0.62,0.91,Alto,0.27,0.05,0.12,0.95,0.45,0.26,0.52,0.68,0.32,0.73
Diseñador Gráfico,134230,21,Maestría,0.11,1.05,0.36,Medio,0.94,0.0,0.76,0.28,0.85,0.06,0.95,0.1,0.79,0.52
Abogado,53167,22,Bachillerato,0.28,1.34,0.38,Medio,0.72,0.45,1.0,0.61,0.1,0.42,0.07,0.29,0.34,0.85
Investigador UX,52772,29,Doctorado,0.01,1.03,0.39,Medio,0.32,0.02,0.75,0.95,0.22,0.34,0.21,0.93,0.01,0.58
Maestro,55354,29,Licenciatura,0.19,1.09,0.06,Bajo,0.81,0.27,0.99,0.92,0.73,0.5,0.77,0.13,0.31,0.03
Abogado,51942,7,Licenciatura,0.81,1.45,0.57,Medio,0.73,0.9,0.94,0.49,0.11,0.47,0.56,0.63,0.99,0.92
Especialista en RRHH,38152,6,Bachillerato,0.11,0.71,0.37,Medio,0.36,0.88,0.44,0.57,0.18,0.49,0.87,0.77,0.08,0.86
Diseñador Gráfico,134753,3,Maestría,0.67,0.65,0.57,Medio,0.04,0.6,0.65,0.24,0.94,0.05,0.89,0.38,0.71,0.65
Especialista en RRHH,42061,5,Bachillerato,0.32,1.03,0.64,Medio,0.95,0.02,0.35,0.67,0.53,0.94,0.02,0.44,0.67,0.22
Especialista en RRHH,76350,12,Bachillerato,0.08,0.95,0.57,Medio,0.27,0.07,0.96,0.91,0.93,0.98,0.18,0.16,0.03,0.89
Analista Financiero,99828,27,Licenciatura,0.63,1.43,0.53,Medio,0.13,0.18,0.13,0.31,0.38,0.8,0.19,0.73,0.49,1.0
Diseñador Gráfico,37084,11,Licenciatura,0.97,0.84,0.35,Medio,0.51,0.12,0.49,0.27,0.49,0.95,0.29,0.99,0.23,0.21
Chef,112617,26,Bachillerato,0.84,1.25,0.59,Medio,0.28,0.02,0.16,0.35,0.97,0.92,0.2,0.73,0.58,0.05
Guardia de Seguridad,36486,5,Licenciatura,0.07,0.61,0.86,Alto,0.76,0.32,0.49,0.95,0.95,0.31,0.81,0.59,0.98,0.48
Ingeniero de Software,107925,19,Doctorado,0.77,1.0,0.62,Medio,0.26,0.12,0.43,0.94,0.5,0.64,0.62,0.13,0.39,0.71
Mecánico,52474,27,Maestría,0.17,0.91,0.34,Medio,0.24,0.38,0.54,0.23,0.23,0.78,0.96,0.32,0.69,0.26
Conductor de Camión,48274,11,Licenciatura,0.67,1.3,0.71,Alto,0.6,0.53,0.29,0.26,0.58,0.71,0.03,0.57,0.17,0.14
Gerente de Marketing,79696,28,Doctorado,0.31,0.94,0.44,Medio,0.65,0.47,0.96,0.35,0.74,0.26,0.51,0.55,0.33,0.47
Investigador UX,82736,21,Doctorado,0.01,0.72,0.58,Medio,0.77,0.28,0.41,0.04,0.24,0.78,0.61,0.21,0.26,0.82
Médico,65539,9,Licenciatura,0.33,1.16,0.19,Bajo,0.46,0.9,0.22,0.74,0.16,0.62,0.87,0.46,0.72,0.82
Gerente de Marketing,71135,9,Licenciatura,0.71,1.42,0.53,Medio,0.19,0.13,0.26,0.1,0.51,0.07,0.22,0.44,0.47,0.57
Abogado,107487,3,Licenciatura,0.05,0.58,0.32,Medio,0.42,0.04,0.75,0.22,0.94,0.49,0.45,0.78,0.71,0.61
Investigador UX,146298,6,Licenciatura,0.64,1.04,0.54,Medio,0.68,0.17,0.3,0.74,0.16,0.34,0.67,0.94,0.08,0.52
Chef,144571,22,Maestría,0.38,0.68,0.56,Medio,0.76,0.25,0.71,0.45,0.28,0.52,0.38,0.23,0.76,0.8
Ingeniero de Software,112753,1,Maestría,0.38,0.67,0.64,Medio,0.33,0.75,0.82,0.77,0.39,0.94,0.66,0.58,0.7,0.04
Ingeniero de Software,81716,26,Maestría,0.88,0.66,0.47,Medio,0.41,0.36,0.56,1.0,0.26,0.7,0.76,0.58,0.1,0.57
Ingeniero de IA,46250,19,Doctorado,0.34,1.14,0.29,Bajo,0.8,0.69,0.97,0.17,0.77,0.41,0.36,0.52,0.03,0.31
Médico,102006,17,Licenciatura,0.14,0.84,0.25,Bajo,0.2,0.53,0.75,0.24,0.92,0.87,0.25,0.99,0.67,0.29
Médico,60837,5,Maestría,0.67,1.11,0.23,Bajo,0.27,0.98,0.86,0.75,0.03,0.59,0.71,0.85,0.95,0.92
Científico de Datos,66742,3,Bachillerato,0.6,0.97,0.43,Medio,0.37,0.37,0.97,0.23,0.82,0.71,0.01,0.99,0.76,0.68
Diseñador Gráfico,119131,10,Doctorado,0.56,0.75,0.31,Medio,0.84,0.9,0.16,0.79,0.74,0.18,0.42,0.42,0.76,0.84
Mecánico,107497,29,Doctorado,0.56,1.26,0.61,Medio,0.15,0.53,0.86,0.32,0.43,0.8,0.09,0.86,0.31,0.0
Especialista en RRHH,57788,14,Doctorado,0.68,0.82,0.35,Medio,0.62,0.22,0.68,0.84,0.12,0.44,0.44,0.63,0.33,0.42
Mecánico,64712,19,Doctorado,0.65,0.78,0.62,Medio,0.67,0.65,0.42,0.96,0.27,0.58,0.31,0.74,0.05,0.05
Analista Financiero,68319,6,Maestría,0.43,0.84,0.54,Medio,0.7,0.2,0.19,0.96,0.59,0.39,0.8,0.53,0.24,0.21
Trabajador de Comercio,67289,22,Doctorado,0.86,0.56,0.75,Alto,0.89,0.12,0.63,0.21,0.61,0.38,0.1,0.58,0.68,0.68
Investigador UX,75040,4,Maestría,0.5,1.02,0.55,Medio,0.69,0.65,0.59,0.16,0.21,0.26,0.92,0.76,0.55,0.25
Conductor de Camión,120886,1,Licenciatura,0.9,1.39,0.73,Alto,0.8,0.45,0.32,0.74,0.61,0.78,0.07,0.32,0.32,0.33
Analista Financiero,64118,5,Doctorado,0.28,0.94,0.45,Medio,0.74,0.6,0.65,0.21,0.33,0.02,0.11,0.27,0.07,0.6
Diseñador Gráfico,125381,13,Bachillerato,0.1,1.32,0.35,Medio,0.67,0.64,0.9,0.11,0.32,0.09,0.41,0.91,0.78,0.72
Soporte al Cliente,62146,26,Maestría,0.88,0.95,0.74,Alto,0.84,0.28,0.05,0.13,0.61,0.61,0.26,0.73,0.77,0.92
Analista Financiero,60410,8,Doctorado,0.78,1.25,0.4,Medio,0.31,0.48,0.02,0.3,0.47,0.11,0.13,0.46,0.73,0.83
Conductor de Camión,110449,21,Bachillerato,0.47,0.88,0.75,Alto,0.15,0.79,0.47,0.79,0.7,0.19,0.51,0.44,0.42,0.54
Analista Financiero,142691,18,Maestría,0.31,0.84,0.51,Medio,0.31,0.89,0.44,0.29,0.16,0.67,0.03,0.45,0.55,0.34
Guardia de Seguridad,33659,17,Doctorado,0.68,1.47,0.83,Alto,0.54,0.25,0.39,0.03,0.69,0.31,0.54,0.25,0.62,0.45
Médico,109911,9,Doctorado,0.94,1.21,0.12,Bajo,0.5,0.47,0.8,0.83,0.28,0.82,0.18,0.76,0.25,0.3
Mecánico,117298,28,Doctorado,0.42,1.49,0.36,Medio,0.46,0.73,0.01,0.15,0.02,0.99,0.76,0.37,0.16,0.09
Enfermero/a,100114,14,Doctorado,0.98,1.17,0.14,Bajo,0.5,1.0,0.52,0.96,0.02,0.72,0.63,0.69,0.57,0.04
Enfermero/a,149401,18,Bachillerato,0.92,0.73,0.3,Bajo,0.68,0.44,0.92,0.79,0.43,0.07,0.87,0.77,0.79,0.74
Abogado,101160,3,Bachillerato,0.0,0.74,0.32,Medio,0.11,0.53,0.04,0.18,0.23,0.66,0.47,0.46,0.77,0.46
Chef,66594,23,Bachillerato,0.65,0.65,0.55,Medio,0.85,0.12,0.9,0.08,0.35,0.61,0.56,0.1,0.8,0.97
Chef,94043,5,Doctorado,0.9,1.06,0.67,Medio,0.18,0.79,0.06,0.88,0.67,0.37,0.19,0.82,0.6,0.36
Enfermero/a,110270,21,Bachillerato,0.83,0.84,0.07,Bajo,0.91,0.39,0.35,0.2,0.9,0.22,0.64,0.88,0.03,0.83
Enfermero/a,98393,29,Bachillerato,0.66,0.87,0.22,Bajo,0.25,0.02,0.95,0.02,0.82,0.17,0.39,0.82,0.21,0.87
Enfermero/a,104038,26,Maestría,0.37,1.16,0.14,Bajo,0.35,0.73,0.31,0.2,0.81,0.81,0.5,0.53,0.7,0.51
Abogado,104088,11,Doctorado,0.99,0.65,0.54,Medio,0.89,0.69,0.88,0.34,0.27,0.85,0.39,0.71,0.15,0.76
Gerente de Marketing,38290,27,Doctorado,0.27,0.99,0.58,Medio,0.01,0.64,0.54,0.22,0.75,0.3,0.28,0.47,0.68,0.93
Científico Investigador,86373,16,Doctorado,0.39,1.41,0.27,Bajo,0.2,0.38,0.56,0.85,0.53,0.97,0.8,0.95,0.73,0.88
Chef,73532,24,Maestría,0.25,0.73,0.65,Medio,0.08,0.41,0.82,0.81,0.14,0.49,0.48,0.32,0.92,0.65
Enfermero/a,132708,28,Bachillerato,0.07,0.89,0.26,Bajo,0.42,0.26,1.0,0.87,0.55,0.56,0.01,0.98,0.81,0.04
Enfermero/a,144846,21,Doctorado,0.35,1.03,0.2,Bajo,0.61,0.73,0.66,0.07,0.46,0.66,0.3,0.31,0.12,0.42
Enfermero/a,90254,8,Licenciatura,0.29,1.03,0.24,Bajo,0.01,0.9,0.39,0.87,0.04,0.15,0.32,0.35,0.85,0.01
Enfermero/a,51219,14,Licenciatura,0.84,0.79,0.26,Bajo,0.48,0.18,0.8,0.38,0.71,0.84,0.96,0.09,0.01,0.55
Diseñador Gráfico,114899,19,Maestría,0.47,0.57,0.5,Medio,0.12,0.84,0.76,0.07,0.84,0.32,0.35,0.18,0.84,0.4
Trabajador de Comercio,63275,20,Doctorado,0.97,0.76,0.93,Alto,0.3,0.83,0.66,0.86,0.98,0.87,0.4,0.81,0.71,0.06
Diseñador Gráfico,79662,18,Bachillerato,0.47,0.63,0.47,Medio,0.6,0.57,0.57,0.26,0.63,0.91,0.39,0.63,0.24,0.05
Médico,62158,20,Bachillerato,0.05,1.22,0.22,Bajo,0.37,0.41,0.92,0.01,0.56,0.92,0.91,0.58,0.38,0.1
Científico Investigador,103484,0,Maestría,0.68,0.52,0.27,Bajo,0.59,0.05,0.24,0.59,0.04,0.78,0.92,0.96,0.73,0.86
Médico,116810,4,Maestría,0.46,1.21,0.11,Bajo,0.11,0.76,0.96,0.58,0.48,0.53,0.48,0.44,0.95,0.48
Guardia de Seguridad,104035,19,Licenciatura,0.77,0.89,0.88,Alto,0.58,0.71,0.06,0.03,0.38,0.69,0.22,0.43,0.98,0.21
Analista Financiero,83917,17,Maestría,0.83,1.39,0.67,Medio,0.51,0.68,0.62,0.31,0.28,0.34,0.22,0.76,0.96,0.87
Investigador UX,91752,29,Doctorado,0.05,1.26,0.46,Medio,0.82,0.78,0.63,0.26,0.1,0.25,0.51,0.98,0.06,0.2
Trabajador de Comercio,120866,3,Licenciatura,0.3,1.36,0.73,Alto,0.96,0.91,0.89,0.17,0.33,0.8,0.81,0.71,0.45,0.31
Guardia de Seguridad,56974,6,Bachillerato,0.14,0.54,0.7,Medio,0.78,0.06,0.54,0.37,0.15,0.74,0.06,0.32,0.56,0.4
Analista Financiero,130672,16,Licenciatura,0.93,1.43,0.47,Medio,0.39,0.31,0.86,0.57,0.09,0.85,0.53,0.42,0.34,0.1
Ingeniero de IA,58327,13,Maestría,0.74,0.63,0.18,Bajo,0.56,0.17,0.43,0.65,0.28,0.33,0.12,0.41,0.58,0.12
Médico,63258,22,Doctorado,0.4,1.18,0.13,Bajo,0.57,0.61,0.69,0.76,0.14,0.97,0.84,0.56,0.89,0.38
Abogado,95777,27,Doctorado,0.73,1.44,0.36,Medio,0.64,0.81,0.91,0.28,0.13,0.25,0.58,0.92,0.58,0.92
Investigador UX,105127,14,Licenciatura,0.6,0.52,0.43,Medio,0.06,0.32,0.06,0.17,0.41,0.51,0.22,0.73,0.59,0.69
Maestro,64846,17,Licenciatura,0.73,1.44,0.11,Bajo,0.27,0.09,0.59,0.4,0.5,0.17,0.65,0.62,0.26,0.47
Abogado,89397,11,Licenciatura,0.77,0.73,0.65,Medio,0.07,0.41,0.08,0.92,0.04,0.15,0.92,0.58,0.8,0.02
Maestro,148915,21,Licenciatura,0.98,1.08,0.26,Bajo,0.96,0.69,0.33,0.31,0.07,0.43,0.92,0.48,0.91,0.82
Científico Investigador,140554,16,Bachillerato,0.95,1.21,0.27,Bajo,0.75,0.7,0.72,0.72,0.38,0.42,0.29,0.15,0.46,0.9
Analista Financiero,114153,28,Doctorado,0.06,1.31,0.67,Medio,0.83,0.73,0.15,0.35,0.57,0.08,0.11,0.93,0.7,0.28
Diseñador Gráfico,137526,27,Doctorado,0.8,0.83,0.44,Medio,0.34,0.5,0.7,0.77,0.39,0.66,0.72,0.3,0.1,0.89
Enfermero/a,126482,14,Doctorado,0.65,0.56,0.25,Bajo,0.57,0.85,0.97,0.96,0.86,0.01,0.89,0.08,0.85,0.28
Investigador UX,124274,26,Bachillerato,0.49,0.63,0.67,Medio,0.32,0.19,0.48,0.04,0.25,0.07,0.13,0.11,0.87,0.93
Especialista en RRHH,48638,22,Doctorado,0.63,1.2,0.46,Medio,0.37,0.68,0.38,0.58,0.52,0.52,0.83,0.7,0.96,0.79
Ingeniero de Software,73162,6,Bachillerato,0.74,1.17,0.56,Medio,0.48,0.06,0.95,0.85,0.49,0.16,0.82,0.43,0.39,0.67
Maestro,66105,28,Bachillerato,0.06,1.27,0.23,Bajo,0.59,0.34,0.16,0.1,0.0,0.21,0.41,0.24,0.31,0.39
Ingeniero de IA,48246,10,Bachillerato,0.72,0.99,0.05,Bajo,0.23,0.71,0.3,0.92,0.71,0.29,0.52,0.67,0.19,0.25
Guardia de Seguridad,86470,11,Maestría,0.92,0.84,0.8,Alto,0.19,0.59,0.74,0.44,0.75,0.3,0.71,0.26,0.78,0.83
Gerente de Marketing,136054,12,Licenciatura,0.22,1.19,0.52,Medio,0.99,0.36,0.77,0.37,0.4,0.11,0.24,0.16,0.16,0.01
Trabajador de Comercio,109721,27,Doctorado,0.47,1.3,0.85,Alto,0.83,0.5,0.09,0.62,0.68,0.63,0.8,0.73,0.43,0.82
Ingeniero de Software,90475,2,Maestría,0.12,1.04,0.59,Medio,0.55,0.95,0.1,0.72,0.82,0.7,0.39,0.39,0.59,0.4
Conductor de Camión,48422,24,Maestría,0.11,1.14,0.73,Alto,0.54,0.72,0.17,0.7,0.14,0.62,0.51,0.3,0.11,0.74
Científico de Datos,74380,15,Maestría,0.33,0.71,0.41,Medio,0.43,0.18,0.96,0.11,0.99,0.84,0.42,0.74,0.67,0.21
Chef,114999,10,Licenciatura,0.57,1.14,0.68,Medio,0.39,0.3,0.04,0.15,0.11,0.34,0.61,0.05,0.73,0.4
Obrero de Construcción,45224,6,Bachillerato,0.57,1.27,0.92,Alto,0.89,0.52,0.4,0.56,0.4,0.24,0.32,0.23,0.27,0.09
Obrero de Construcción,73302,10,Bachillerato,0.24,0.95,0.9,Alto,0.45,0.95,0.15,0.85,0.25,0.93,0.23,0.75,0.06,0.63
Obrero de Construcción,97743,7,Licenciatura,0.67,1.14,0.93,Alto,0.63,0.41,0.19,0.66,0.12,0.83,0.25,0.52,0.6,0.36
Científico de Datos,136974,26,Maestría,0.25,0.53,0.68,Medio,0.32,0.71,0.51,0.67,0.11,0.52,0.39,0.45,0.97,0.14
Diseñador Gráfico,31987,7,Bachillerato,0.33,0.79,0.41,Medio,0.35,0.36,0.27,0.67,0.05,0.33,0.28,0.75,0.15,0.94
Gerente de Marketing,102587,17,Licenciatura,0.37,0.7,0.41,Medio,0.76,0.48,0.16,0.05,0.23,0.95,0.85,0.44,0.48,0.9
Médico,56932,11,Licenciatura,0.38,0.63,0.25,Bajo,0.94,0.39,0.73,0.41,0.5,0.84,0.08,0.53,0.21,0.34
Maestro,114371,3,Doctorado,0.03,1.09,0.12,Bajo,0.67,0.14,0.74,0.65,0.97,0.91,0.28,0.03,0.66,0.6
Enfermero/a,133027,2,Maestría,0.12,1.08,0.28,Bajo,0.91,0.15,0.38,0.04,0.47,0.75,0.79,0.5,0.1,0.38
Científico Investigador,45353,0,Doctorado,0.66,1.29,0.22,Bajo,0.79,0.58,0.86,0.55,0.23,0.54,0.71,0.65,0.24,0.04
Obrero de Construcción,67970,19,Doctorado,0.98,0.68,0.82,Alto,0.64,0.88,0.76,0.91,0.6,0.87,0.26,0.43,0.84,0.33
Científico de Datos,57154,15,Doctorado,0.36,0.86,0.42,Medio,0.55,0.13,0.04,0.9,0.93,0.08,0.55,0.54,0.37,0.57
Gerente de Marketing,115793,25,Licenciatura,0.49,1.26,0.51,Medio,0.32,0.58,0.64,0.66,0.62,0.66,0.31,0.45,0.67,0.75
Conductor de Camión,43174,1,Doctorado,0.22,0.99,0.81,Alto,0.92,0.36,0.94,0.46,0.96,0.74,0.83,0.1,0.59,0.14
Analista Financiero,88323,19,Bachillerato,0.62,1.23,0.32,Medio,0.53,0.57,0.08,0.5,0.71,0.05,0.76,0.58,0.83,0.22
Científico de Datos,123335,22,Doctorado,0.26,0.86,0.5,Medio,0.79,0.17,0.11,0.15,0.22,0.06,0.93,0.32,0.18,0.64
Médico,67877,22,Doctorado,0.36,1.01,0.17,Bajo,0.6,0.96,0.89,0.11,0.27,0.83,0.82,0.28,0.73,0.67
Enfermero/a,86779,14,Doctorado,0.2,1.39,0.22,Bajo,0.17,0.7,0.74,0.89,0.22,0.99,0.15,0.6,0.66,0.42
Obrero de Construcción,34650,3,Doctorado,0.03,0.54,0.81,Alto,0.66,0.39,1.0,0.2,0.01,0.19,0.89,0.15,0.48,0.42
Abogado,93884,3,Doctorado,0.05,1.16,0.44,Medio,0.93,0.85,0.4,0.99,0.05,0.79,0.43,0.43,0.17,0.51
Abogado,37317,0,Bachillerato,0.62,0.74,0.59,Medio,0.61,0.75,0.75,0.2,0.0,0.37,0.92,0.58,0.73,0.88
Chef,123947,12,Maestría,0.67,1.12,0.67,Medio,0.52,0.47,0.21,0.76,0.14,0.49,0.42,0.66,0.92,0.95
Maestro,88524,9,Bachillerato,0.26,1.31,0.18,Bajo,0.45,0.71,0.6,0.97,0.58,0.47,0.54,0.81,0.61,0.65
Enfermero/a,44316,28,Maestría,0.62,0.88,0.22,Bajo,0.66,0.01,0.47,0.74,0.5,0.78,0.45,0.98,0.29,0.09
Trabajador de Comercio,112142,7,Doctorado,0.54,0.85,0.76,Alto,0.67,0.38,0.63,0.78,0.76,0.38,0.57,0.45,0.87,0.88
Soporte al Cliente,124939,22,Bachillerato,0.09,0.67,0.79,Alto,0.56,0.66,0.33,0.67,0.94,0.65,0.16,0.58,0.54,0.87
Soporte al Cliente,125756,16,Bachillerato,0.85,0.77,0.91,Alto,0.43,0.6,0.79,0.04,0.82,0.14,0.36,0.47,0.9,0.02
Trabajador de Comercio,53255,21,Licenciatura,0.32,0.79,0.82,Alto,0.19,0.47,0.77,0.85,0.39,0.62,0.0,0.55,0.98,0.31
Trabajador de Comercio,111808,4,Bachillerato,0.62,1.08,0.75,Alto,0.8,0.04,0.81,0.03,0.66,0.08,0.25,0.72,0.28,0.51
Analista Financiero,142102,14,Doctorado,0.05,1.31,0.33,Medio,0.13,0.12,0.99,0.18,0.9,0.99,0.38,0.63,0.78,0.39
Enfermero/a,72690,5,Bachillerato,0.43,1.27,0.25,Bajo,0.23,0.17,0.92,0.04,0.73,0.05,0.84,0.91,0.3,0.07
Soporte al Cliente,39304,25,Bachillerato,0.3,0.92,0.87,Alto,0.21,0.36,0.78,0.64,0.33,0.66,0.77,0.59,0.24,0.0
Especialista en RRHH,129581,3,Doctorado,0.82,1.2,0.33,Medio,0.59,0.82,0.39,0.2,0.59,0.83,0.05,0.6,0.64,0.6
Ingeniero de Software,69819,4,Maestría,0.63,0.63,0.39,Medio,0.62,0.02,0.63,0.67,0.24,0.6,0.53,0.26,0.46,0.91
Conductor de Camión,141925,23,Licenciatura,0.41,1.38,0.81,Alto,0.87,0.13,0.64,0.68,0.66,0.45,0.68,0.24,0.6,0.55
Científico Investigador,75805,19,Licenciatura,0.78,0.58,0.09,Bajo,0.47,0.89,0.58,0.84,0.52,0.79,0.33,0.82,0.4,0.56
Obrero de Construcción,67326,15,Bachillerato,0.92,1.2,0.91,Alto,0.21,0.07,0.34,0.52,0.8,0.4,0.27,0.37,0.7,0.34
Especialista en RRHH,69224,18,Licenciatura,0.17,1.25,0.54,Medio,0.23,0.75,0.45,0.68,0.66,0.11,0.84,0.68,0.78,0.45
Científico de Datos,132567,4,Licenciatura,0.0,1.2,0.52,Medio,0.21,0.23,0.81,0.5,0.7,0.45,0.24,0.97,0.57,0.13
Maestro,129417,23,Maestría,0.33,0.71,0.28,Bajo,0.88,0.2,0.35,0.76,0.21,0.59,0.7,0.65,0.71,0.71
Mecánico,129652,28,Bachillerato,0.35,1.38,0.31,Medio,0.29,0.05,0.65,0.1,0.85,0.65,0.03,0.71,0.86,0.66
Ingeniero de Software,58498,10,Licenciatura,0.86,1.23,0.45,Medio,0.33,0.48,0.87,0.25,0.1,0.86,0.03,0.91,0.31,0.51
Conductor de Camión,37816,17,Maestría,0.9,1.25,0.93,Alto,0.68,0.18,0.31,0.49,0.61,0.93,0.38,0.7,0.96,0.15
Abogado,65074,22,Licenciatura,0.42,1.23,0.42,Medio,0.33,0.03,0.97,0.81,0.09,1.0,0.61,0.85,0.07,0.39
Mecánico,46775,29,Doctorado,0.11,0.99,0.48,Medio,0.22,0.3,0.97,0.29,0.21,0.54,0.67,0.73,0.75,0.04
Ingeniero de Software,127095,14,Bachillerato,0.77,1.4,0.54,Medio,0.05,0.4,0.07,0.75,0.06,0.19,0.42,0.46,0.41,0.46
Ingeniero de IA,85124,18,Maestría,0.37,1.05,0.13,Bajo,0.35,0.61,0.49,0.72,0.56,0.8,0.44,0.49,0.67,0.22
Enfermero/a,48224,22,Licenciatura,0.62,0.53,0.16,Bajo,0.6,0.97,0.88,0.28,0.51,0.06,0.24,0.77,0.12,0.26
Chef,80421,9,Bachillerato,0.82,1.28,0.65,Medio,0.75,0.12,0.52,0.44,0.31,0.83,0.46,0.06,0.27,0.23
Gerente de Marketing,149028,19,Doctorado,0.65,1.06,0.5,Medio,0.65,0.75,0.55,0.94,0.98,1.0,0.67,0.93,0.4,0.86
Conductor de Camión,137919,29,Bachillerato,0.9,1.33,0.8,Alto,0.16,0.33,0.77,0.23,0.48,0.57,0.6,0.94,0.66,0.79
Diseñador Gráfico,129391,13,Maestría,0.5,0.6,0.4,Medio,0.35,0.64,0.25,0.23,0.29,0.59,0.49,0.84,0.7,0.67
Gerente de Marketing,105125,29,Maestría,0.06,1.01,0.33,Medio,0.36,0.03,0.18,0.11,0.8,0.35,0.08,0.27,0.68,0.75
Investigador UX,127071,20,Maestría,0.66,0.81,0.41,Medio,0.81,0.98,0.77,0.52,0.44,0.54,0.46,0.5,0.2,0.9
Ingeniero de IA,109036,1,Maestría,0.68,1.45,0.12,Bajo,0.08,0.83,1.0,0.58,0.06,0.78,0.07,0.54,0.28,0.92
Guardia de Seguridad,59000,5,Licenciatura,0.9,0.8,0.8,Alto,0.95,0.2,0.58,0.39,0.77,0.13,0.44,0.7,0.41,0.06
Conductor de Camión,45529,22,Bachillerato,0.5,0.51,0.85,Alto,0.92,0.11,0.59,0.73,0.07,0.02,0.46,0.79,0.16,0.84
Guardia de Seguridad,124845,15,Doctorado,0.33,1.02,0.94,Alto,0.22,0.5,0.62,0.14,0.04,0.01,0.32,0.07,0.8,1.0
Guardia de Seguridad,135312,28,Bachillerato,0.43,0.53,0.73,Alto,0.32,0.39,0.94,0.4,0.5,0.25,0.0,0.9,0.08,0.96
Enfermero/a,95478,22,Bachillerato,0.6,1.5,0.08,Bajo,0.42,0.78,0.03,0.69,0.08,0.24,0.16,0.91,0.18,0.04
Diseñador Gráfico,71702,8,Licenciatura,0.35,0.91,0.35,Medio,0.75,0.6,0.36,0.17,0.59,0.78,0.31,0.03,0.21,0.68
Trabajador de Comercio,123068,25,Maestría,0.01,0.81,0.72,Alto,0.32,0.41,0.92,0.08,0.78,0.4,0.81,0.51,0.04,0.95
Obrero de Construcción,33911,13,Licenciatura,0.6,1.38,0.72,Alto,0.55,0.82,0.99,0.72,0.28,0.7,0.71,0.7,0.85,0.09
Abogado,121964,14,Doctorado,0.64,1.45,0.49,Medio,0.96,0.94,0.9,0.91,0.9,0.82,0.69,0.02,0.13,0.13
Científico de Datos,78229,16,Maestría,0.12,1.42,0.57,Medio,0.31,0.79,0.49,0.14,0.88,0.34,0.7,0.29,0.5,0.82
Obrero de Construcción,66704,18,Doctorado,0.98,0.57,0.83,Alto,0.92,0.95,0.23,0.14,0.72,0.04,0.49,0.8,0.56,0.19
Trabajador de Comercio,91295,20,Licenciatura,0.92,1.12,0.88,Alto,0.34,0.19,0.26,0.53,0.28,0.54,0.71,0.73,0.16,0.75
Soporte al Cliente,114532,0,Licenciatura,0.01,0.56,0.86,Alto,0.38,0.15,0.04,0.16,0.96,0.73,0.53,0.94,0.62,0.73
Científico Investigador,129211,27,Maestría,0.14,0.9,0.06,Bajo,0.22,0.07,0.39,0.84,0.38,0.83,0.66,0.51,0.24,0.92
Enfermero/a,36826,12,Doctorado,0.69,1.12,0.16,Bajo,0.24,0.43,0.87,0.84,0.94,0.31,0.39,0.02,0.94,0.33
Enfermero/a,113899,28,Maestría,0.91,1.03,0.19,Bajo,0.18,0.5,0.92,0.56,0.26,0.03,0.34,0.57,0.04,0.61
Chef,59407,0,Licenciatura,0.78,0.53,0.61,Medio,0.52,0.37,0.97,0.16,0.54,0.32,0.53,0.55,0.09,0.66
Médico,120389,28,Maestría,0.77,0.59,0.12,Bajo,0.65,0.14,0.68,0.06,0.33,0.85,0.77,0.64,0.87,0.71
Maestro,145796,23,Doctorado,0.98,1.19,0.2,Bajo,0.41,0.9,0.3,0.01,0.2,0.11,0.32,0.83,0.65,0.17
Analista Financiero,44433,0,Bachillerato,0.5,1.01,0.44,Medio,0.86,0.32,0.09,0.3,0.72,0.66,0.19,0.11,0.66,0.68
Obrero de Construcción,120913,26,Bachillerato,0.97,1.17,0.93,Alto,0.13,0.98,0.03,0.53,0.29,0.81,0.22,0.01,0.41,0.06
Investigador UX,128747,21,Licenciatura,0.64,0.79,0.4,Medio,0.16,0.14,0.53,0.68,0.45,0.12,0.65,0.56,0.38,0.33
Mecánico,102593,22,Maestría,0.15,0.84,0.32,Medio,0.44,0.6,0.94,0.63,0.62,0.37,0.13,0.45,0.6,0.72
Maestro,57706,12,Maestría,0.26,0.74,0.19,Bajo,0.57,0.22,0.59,0.35,0.64,0.29,0.59,0.77,0.98,0.91
Guardia de Seguridad,53665,21,Bachillerato,0.43,0.84,0.75,Alto,0.6,0.95,0.36,0.88,0.15,0.94,0.35,0.38,0.46,0.72
Especialista en RRHH,109133,24,Doctorado,0.48,1.02,0.31,Medio,0.3,0.35,0.56,0.56,0.71,0.72,0.24,0.77,0.02,0.72
Científico de Datos,74329,5,Maestría,0.73,1.03,0.47,Medio,0.69,0.04,0.22,0.62,0.85,0.38,0.26,0.52,0.62,0.42
Gerente de Marketing,37279,9,Bachillerato,0.52,0.54,0.39,Medio,0.45,0.7,0.22,0.98,0.32,0.53,0.02,0.88,0.79,0.2
Chef,69323,9,Bachillerato,0.32,1.19,0.63,Medio,0.74,0.92,0.86,0.99,0.18,0.3,0.64,0.73,0.53,0.07
Diseñador Gráfico,81454,18,Bachillerato,0.96,0.91,0.39,Medio,0.02,0.24,0.7,0.91,0.09,0.55,0.7,0.28,0.57,0.72
Obrero de Construcción,80366,15,Maestría,0.45,1.25,0.78,Alto,0.21,0.19,0.36,0.04,0.28,0.65,0.65,0.07,0.29,0.57
Ingeniero de Software,71476,0,Doctorado,0.42,1.21,0.3,Bajo,0.28,0.14,0.13,0.96,0.38,0.53,0.73,0.05,0.24,0.83
Mecánico,122850,11,Bachillerato,0.37,0.87,0.6,Medio,0.3,0.12,0.26,0.39,0.05,0.48,0.74,0.51,0.07,0.44
Ingeniero de Software,80608,17,Bachillerato,0.06,0.56,0.45,Medio,0.19,0.93,0.58,0.29,0.7,0.37,0.13,0.24,0.64,0.05
Ingeniero de IA,92188,24,Maestría,0.25,1.08,0.22,Bajo,0.31,0.69,0.34,0.63,0.63,0.28,0.64,0.38,0.34,0.29
Gerente de Marketing,43606,29,Bachillerato,0.93,0.89,0.32,Medio,0.71,0.29,0.25,0.32,0.72,0.82,0.59,0.32,0.31,0.12
Maestro,83568,29,Doctorado,0.64,0.53,0.22,Bajo,0.45,0.97,0.82,0.17,0.72,0.49,0.19,0.7,0.55,0.03
Investigador UX,81638,21,Bachillerato,0.63,0.64,0.44,Medio,0.59,0.14,0.85,0.03,0.1,0.12,0.53,0.62,0.4,0.29
Trabajador de Comercio,123309,25,Bachillerato,0.07,0.78,0.71,Alto,0.01,0.35,0.19,0.27,0.82,0.16,0.78,0.68,0.33,0.55
Chef,64873,24,Maestría,0.13,1.41,0.53,Medio,0.88,0.82,0.08,0.21,0.15,0.83,0.86,0.53,0.1,0.14
Maestro,78179,18,Maestría,0.93,0.7,0.05,Bajo,0.33,0.03,0.83,0.49,0.64,0.41,0.35,0.22,0.77,0.7
Científico Investigador,78139,11,Licenciatura,0.32,0.5,0.07,Bajo,0.62,0.51,0.43,0.83,0.5,0.38,0.16,0.82,0.58,0.09
Maestro,43445,11,Licenciatura,0.43,1.31,0.28,Bajo,0.6,0.73,0.06,0.56,0.76,0.5,0.59,0.9,0.2,0.1
Chef,31299,6,Doctorado,0.82,1.35,0.56,Medio,0.83,0.7,0.09,0.76,0.18,0.24,0.39,0.31,0.32,0.17
Científico de Datos,104263,4,Bachillerato,0.02,0.97,0.61,Medio,0.86,0.82,0.42,0.73,0.29,0.06,0.68,0.65,0.8,0.62
Maestro,33250,2,Maestría,0.88,0.59,0.28,Bajo,0.93,0.73,0.9,0.77,0.53,0.6,0.63,0.13,0.19,0.52
Científico Investigador,135050,21,Maestría,0.96,1.01,0.15,Bajo,0.16,0.42,0.3,0.09,0.97,0.26,0.69,0.09,0.91,0.59
Especialista en RRHH,80029,23,Licenciatura,0.67,1.27,0.69,Medio,0.89,0.79,0.69,0.57,0.12,0.17,0.82,0.8,0.61,0.44
Guardia de Seguridad,34965,8,Licenciatura,0.33,0.92,0.82,Alto,0.93,0.11,0.52,0.37,0.99,0.86,0.44,1.0,0.51,0.17
Médico,148225,11,Bachillerato,0.23,1.14,0.28,Bajo,0.79,0.27,0.3,0.07,0.29,0.09,0.5,0.71,0.75,0.06
Investigador UX,118458,27,Licenciatura,0.29,0.6,0.44,Medio,0.3,0.63,0.88,0.45,0.75,0.15,0.89,0.15,0.19,0.11
Guardia de Seguridad,105763,6,Doctorado,0.55,1.49,0.9,Alto,0.38,0.58,0.62,0.82,0.74,0.57,0.67,0.75,0.13,0.2
Guardia de Seguridad,99458,16,Licenciatura,0.85,0.91,0.94,Alto,0.22,0.42,0.38,0.93,0.29,0.47,0.19,0.52,0.86,0.3
Enfermero/a,34516,11,Licenciatura,0.91,0.57,0.24,Bajo,0.26,0.18,0.6,0.71,0.39,0.04,0.91,0.73,0.27,0.5
Maestro,123606,9,Maestría,0.34,1.02,0.18,Bajo,0.21,0.78,0.3,0.58,0.27,0.43,0.21,0.63,0.43,0.02
Científico de Datos,149359,0,Doctorado,0.47,0.68,0.53,Medio,0.41,0.65,0.95,0.53,0.79,0.75,0.92,0.21,0.83,0.91
Analista Financiero,37509,28,Licenciatura,0.31,1.45,0.55,Medio,0.38,0.79,0.3,0.18,0.54,0.57,0.83,0.46,0.81,0.31
Científico de Datos,117178,4,Doctorado,0.21,0.89,0.64,Medio,0.22,0.81,0.28,0.03,0.11,0.75,0.26,0.65,0.7,0.35
Gerente de Marketing,49060,0,Licenciatura,0.4,1.45,0.43,Medio,0.18,0.37,0.67,0.7,0.92,0.88,0.29,0.46,0.75,0.92
Maestro,59235,11,Bachillerato,0.44,1.4,0.14,Bajo,0.48,0.9,0.8,0.24,0.32,0.35,0.91,1.0,0.77,0.48
Maestro,79216,21,Licenciatura,0.7,0.89,0.21,Bajo,0.61,0.48,0.94,0.02,0.71,0.41,0.71,0.68,0.01,0.29
Maestro,49789,20,Maestría,0.17,1.23,0.11,Bajo,0.47,0.25,0.58,0.72,0.33,0.6,0.82,0.09,0.71,0.32
Trabajador de Comercio,107171,21,Bachillerato,0.02,0.92,0.87,Alto,0.52,0.6,0.33,0.18,0.81,0.91,0.51,0.31,0.51,0.88
Maestro,30443,21,Doctorado,0.86,0.83,0.23,Bajo,0.65,0.57,0.53,0.55,0.85,0.92,0.11,0.57,0.92,0.13
Mecánico,105494,7,Licenciatura,0.09,0.61,0.66,Medio,0.45,0.69,0.14,0.02,0.89,0.57,0.02,0.99,0.49,0.48
Investigador UX,45231,0,Bachillerato,0.01,1.07,0.55,Medio,0.3,0.73,0.38,0.72,0.14,0.91,0.88,0.15,0.94,0.56
Conductor de Camión,116065,9,Doctorado,0.84,0.58,0.74,Alto,0.29,0.48,0.35,0.51,0.19,0.68,0.06,0.36,0.18,0.73
Abogado,102436,19,Doctorado,0.08,1.29,0.66,Medio,0.97,0.58,0.33,0.32,0.38,0.61,0.49,0.65,0.04,0.11
Especialista en RRHH,62256,25,Doctorado,1.0,1.25,0.4,Medio,0.95,0.21,0.73,0.12,0.65,0.76,0.86,0.73,0.92,0.52
Investigador UX,61917,10,Maestría,0.8,0.78,0.41,Medio,0.83,0.15,0.62,0.96,0.84,0.06,0.32,0.14,0.95,0.99
Abogado,62948,6,Doctorado,0.67,1.34,0.39,Medio,0.19,0.01,0.41,0.9,0.9,0.13,0.2,0.41,0.78,0.61
Abogado,138602,23,Maestría,0.59,0.6,0.49,Medio,0.99,0.09,0.52,0.3,0.54,0.57,0.58,0.85,0.39,0.52
Obrero de Construcción,43322,3,Doctorado,0.79,0.76,0.9,Alto,0.27,0.01,0.15,0.99,0.32,0.11,0.12,0.31,0.04,0.51
Trabajador de Comercio,143044,14,Bachillerato,0.52,0.64,0.81,Alto,0.6,0.06,0.4,0.3,0.24,0.6,0.59,0.63,0.16,0.29
Obrero de Construcción,128875,7,Licenciatura,0.54,0.96,0.78,Alto,0.79,0.09,0.97,0.12,0.77,0.37,0.87,0.07,0.37,0.34
Ingeniero de IA,130901,27,Maestría,0.99,0.69,0.21,Bajo,0.54,0.15,0.17,0.99,0.45,0.13,0.21,0.27,0.51,0.34
Maestro,138298,2,Maestría,0.17,0.83,0.07,Bajo,0.89,0.2,0.76,0.35,0.47,0.29,0.7,0.84,0.29,0.24
Obrero de Construcción,86987,9,Bachillerato,0.2,1.14,0.72,Alto,0.62,0.51,0.11,0.65,0.45,0.22,0.35,0.49,0.09,0.96
Obrero de Construcción,48445,26,Bachillerato,0.1,1.32,0.78,Alto,0.6,0.28,0.73,0.72,0.55,0.24,0.25,0.38,0.15,0.34
Trabajador de Comercio,44407,0,Doctorado,0.81,0.9,0.89,Alto,0.1,0.88,0.29,0.4,0.8,0.64,0.31,0.23,0.96,0.09
Obrero de Construcción,36934,3,Doctorado,0.67,1.11,0.88,Alto,0.73,0.86,0.92,0.78,0.23,0.46,0.64,0.54,0.16,0.59
Ingeniero de Software,131053,0,Maestría,0.42,1.17,0.55,Medio,0.38,0.57,0.21,0.55,0.8,0.76,0.36,0.11,0.8,0.27
Diseñador Gráfico,48082,19,Maestría,0.45,1.24,0.62,Medio,0.98,0.19,0.29,0.61,0.81,0.23,0.41,0.41,0.77,0.24
Ingeniero de IA,66738,18,Bachillerato,0.51,0.78,0.12,Bajo,0.02,0.69,0.78,0.03,0.59,0.78,0.38,0.43,0.36,0.32
Maestro,125946,8,Bachillerato,0.17,0.94,0.29,Bajo,0.03,0.16,0.78,0.13,0.27,0.45,0.94,0.18,0.92,0.72
Ingeniero de Software,40037,25,Maestría,0.72,0.53,0.34,Medio,0.33,0.07,0.99,0.58,0.49,0.79,0.98,0.96,0.79,0.38
Conductor de Camión,77287,23,Bachillerato,0.1,0.5,0.7,Medio,0.94,0.93,0.67,0.73,0.51,0.24,0.91,0.28,0.74,0.25
Obrero de Construcción,33063,1,Maestría,0.65,1.14,0.72,Alto,0.42,0.52,0.29,0.88,0.84,0.49,0.34,0.8,0.2,0.07
Abogado,140263,12,Bachillerato,0.04,0.99,0.4,Medio,0.69,0.65,0.54,0.35,0.85,0.71,0.27,0.5,0.16,0.33
Gerente de Marketing,67932,9,Maestría,0.22,1.2,0.4,Medio,0.94,0.31,0.35,0.59,0.59,0.58,0.57,0.31,0.43,0.59
Investigador UX,53519,24,Licenciatura,0.25,1.2,0.67,Medio,0.76,0.08,0.47,0.44,0.34,0.49,0.44,0.01,0.24,0.21
Científico de Datos,100363,11,Licenciatura,0.17,0.57,0.38,Medio,0.85,0.8,0.44,0.88,0.23,0.58,0.14,0.83,0.13,0.03
Enfermero/a,58911,8,Bachillerato,0.9,0.63,0.13,Bajo,0.32,0.8,0.42,0.61,0.4,0.55,0.06,0.37,0.86,0.69
Especialista en RRHH,105253,19,Bachillerato,0.79,0.95,0.57,Medio,0.78,0.27,0.06,0.41,0.14,0.28,0.95,0.85,0.59,0.4
Científico de Datos,105650,5,Maestría,0.57,1.03,0.61,Medio,0.93,0.33,0.21,0.4,0.44,0.04,0.86,1.0,0.92,0.86
Enfermero/a,99037,25,Licenciatura,0.91,1.19,0.09,Bajo,0.16,0.05,0.41,0.81,0.49,0.37,0.11,0.05,0.4,0.1
Obrero de Construcción,38715,26,Maestría,0.4,1.0,0.75,Alto,0.68,0.42,0.09,0.64,0.36,0.05,0.95,0.57,0.48,0.86
Ingeniero de IA,44466,9,Doctorado,0.22,1.31,0.26,Bajo,0.05,0.71,0.06,0.59,0.67,0.37,0.88,0.8,0.93,0.31
Soporte al Cliente,85432,0,Licenciatura,0.81,0.72,0.82,Alto,0.82,0.22,0.31,0.44,0.27,0.46,0.01,0.21,0.83,0.41
Enfermero/a,127557,13,Maestría,0.89,1.32,0.19,Bajo,0.47,0.65,0.47,0.64,0.31,0.84,0.7,0.33,0.83,0.49
Diseñador Gráfico,104227,10,Bachillerato,0.08,1.2,0.65,Medio,0.81,0.66,0.14,0.09,0.35,0.85,0.96,0.24,0.76,0.57
Trabajador de Comercio,64585,21,Licenciatura,0.54,1.31,0.77,Alto,0.9,0.24,0.08,0.16,0.84,0.42,0.8,0.53,0.48,0.81
Investigador UX,140397,18,Doctorado,0.8,0.6,0.55,Medio,0.7,0.9,0.22,0.6,0.43,0.38,0.11,0.13,0.84,0.75
Conductor de Camión,102620,8,Maestría,0.83,0.58,0.86,Alto,0.87,0.84,0.37,0.75,0.43,0.84,0.53,0.76,0.08,0.59
Médico,123332,8,Bachillerato,0.61,1.2,0.28,Bajo,0.79,0.22,0.83,0.12,0.62,0.88,0.1,0.85,0.8,0.5
Chef,120833,16,Bachillerato,0.82,0.68,0.59,Medio,0.65,0.06,0.02,0.35,0.69,0.33,0.67,0.67,0.81,0.1
Analista Financiero,77131,13,Bachillerato,0.06,0.68,0.43,Medio,0.71,0.97,0.34,0.52,0.26,0.68,0.37,0.48,0.57,0.69
Obrero de Construcción,131298,25,Bachillerato,0.55,0.93,0.73,Alto,0.21,0.88,0.87,0.03,0.69,0.55,0.94,0.91,0.58,0.14
Abogado,58653,6,Doctorado,0.73,1.45,0.45,Medio,0.78,0.68,0.08,0.56,0.18,0.68,0.61,0.97,0.94,0.01
Abogado,83020,0,Doctorado,0.77,1.19,0.62,Medio,0.27,0.85,0.44,0.26,0.01,0.87,0.54,0.98,0.71,0.08
Abogado,141257,29,Licenciatura,0.02,1.06,0.44,Medio,0.64,0.54,0.26,0.16,0.4,0.99,0.44,0.75,0.06,0.38
Científico de Datos,33303,29,Maestría,0.75,1.03,0.51,Medio,0.76,0.31,0.09,0.35,0.16,0.97,0.58,0.45,0.91,0.9
Obrero de Construcción,104519,27,Bachillerato,0.87,0.56,0.92,Alto,0.31,0.57,0.27,0.98,0.07,0.45,0.62,0.62,0.74,0.72
Ingeniero de IA,121751,12,Maestría,0.23,0.87,0.15,Bajo,0.96,0.41,0.22,0.63,0.43,0.25,0.72,0.19,0.63,0.43
Especialista en RRHH,91557,13,Licenciatura,0.95,0.82,0.44,Medio,0.87,0.13,0.11,0.28,0.59,0.38,0.61,0.16,0.26,0.57
Científico de Datos,101452,2,Bachillerato,0.42,1.07,0.69,Medio,0.08,0.46,0.4,0.82,0.9,0.91,0.38,0.3,0.45,0.34
Analista Financiero,70508,10,Maestría,0.91,0.73,0.53,Medio,0.36,0.66,0.56,0.92,0.1,0.22,0.77,0.37,0.17,0.5
Científico Investigador,81238,18,Maestría,0.04,0.79,0.25,Bajo,0.52,0.04,0.28,0.64,0.2,0.83,0.68,0.47,0.92,0.39
Especialista en RRHH,146084,22,Bachillerato,0.66,1.07,0.43,Medio,0.34,0.4,0.29,0.71,0.65,0.44,0.4,0.37,0.28,0.09
Científico Investigador,99619,27,Bachillerato,0.32,1.05,0.24,Bajo,0.4,0.94,0.83,0.98,0.88,0.62,0.6,0.13,0.72,0.6
Trabajador de Comercio,49830,29,Doctorado,0.69,0.94,0.83,Alto,0.4,0.72,0.88,0.84,0.79,0.01,0.91,0.27,0.89,0.2
Mecánico,70882,6,Maestría,0.75,1.14,0.47,Medio,0.68,0.55,0.28,0.65,0.2,0.69,0.0,0.55,0.4,0.3
Guardia de Seguridad,124204,26,Bachillerato,0.65,1.47,0.91,Alto,0.72,0.48,0.39,0.03,0.36,0.85,0.38,0.46,0.27,0.27
Obrero de Construcción,84255,1,Bachillerato,0.61,0.95,0.85,Alto,0.55,0.8,0.75,0.77,0.5,0.35,0.93,0.05,0.15,0.42
Analista Financiero,51566,14,Doctorado,0.01,1.22,0.52,Medio,0.48,0.42,0.52,0.16,0.11,0.29,0.71,0.59,0.48,0.57
Diseñador Gráfico,130461,4,Bachillerato,0.31,0.6,0.66,Medio,0.6,0.7,0.46,0.76,0.58,0.05,0.89,0.31,0.14,0.09
Chef,80891,18,Licenciatura,0.7,1.2,0.67,Medio,0.35,0.56,0.62,0.98,0.31,0.96,0.15,0.76,0.63,0.82
Obrero de Construcción,127871,5,Doctorado,0.07,0.68,0.93,Alto,0.12,0.58,0.32,0.56,0.23,0.44,0.87,0.38,0.35,0.45
Diseñador Gráfico,112418,9,Bachillerato,0.59,1.46,0.34,Medio,0.12,0.7,0.67,0.25,0.81,0.13,0.93,0.2,0.08,0.34
Médico,54002,10,Doctorado,0.53,1.19,0.17,Bajo,0.66,0.36,0.03,0.97,0.82,0.07,0.45,0.64,0.19,0.58
Guardia de Seguridad,108391,9,Licenciatura,0.21,0.64,0.89,Alto,0.32,0.24,0.74,0.74,0.28,0.87,0.69,0.35,0.43,0.73
Enfermero/a,53474,11,Doctorado,0.47,1.15,0.18,Bajo,0.61,0.55,0.2,0.41,0.53,0.78,0.65,0.43,0.97,0.11
Médico,106286,1,Maestría,0.34,0.73,0.21,Bajo,0.04,0.18,0.29,0.68,0.88,0.8,0.18,0.57,0.03,0.31
Ingeniero de Software,92520,7,Doctorado,0.46,0.65,0.48,Medio,0.2,0.39,0.49,0.35,0.94,0.56,0.84,0.76,0.66,0.5
Guardia de Seguridad,60210,29,Maestría,0.61,0.86,0.73,Alto,0.44,0.74,0.96,0.37,0.54,0.85,0.33,0.14,0.28,0.9
Científico Investigador,109558,13,Licenciatura,0.82,1.31,0.1,Bajo,0.45,0.32,0.97,0.88,0.25,0.31,0.53,0.28,0.82,0.82
Investigador UX,54559,20,Maestría,0.69,1.05,0.44,Medio,0.84,0.86,0.05,0.4,0.03,0.84,0.18,0.67,0.36,0.82
Especialista en RRHH,85099,9,Licenciatura,0.32,0.82,0.43,Medio,0.79,0.71,0.32,0.49,0.08,0.83,0.27,0.89,0.6,0.57
Ingeniero de Software,68433,29,Maestría,0.98,1.45,0.64,Medio,0.85,0.66,0.83,0.21,0.39,0.64,0.87,0.66,0.84,0.47
Médico,109791,2,Doctorado,0.98,0.65,0.28,Bajo,0.52,0.64,0.88,0.41,0.42,0.53,0.02,0.5,0.29,0.93
Diseñador Gráfico,149321,14,Doctorado,0.46,1.45,0.66,Medio,0.7,0.59,0.28,0.37,0.09,0.79,0.32,0.67,0.36,0.46
Médico,72048,27,Licenciatura,0.8,0.71,0.15,Bajo,0.13,0.08,0.6,0.19,0.06,0.9,0.53,0.13,0.05,0.12
Científico de Datos,132076,26,Bachillerato,0.67,1.14,0.36,Medio,0.63,0.4,0.46,0.8,0.33,0.15,0.87,0.21,0.29,0.71
Trabajador de Comercio,105605,24,Maestría,0.8,0.68,0.79,Alto,0.13,0.54,0.29,0.69,0.0,0.06,0.43,0.96,0.89,0.99
Trabajador de Comercio,120811,25,Maestría,0.05,0.81,0.87,Alto,0.14,0.3,0.06,0.47,0.21,0.09,0.41,0.35,0.54,0.75
Conductor de Camión,115520,9,Maestría,0.79,0.53,0.81,Alto,0.59,0.96,0.57,0.16,0.52,0.4,0.48,0.2,0.5,0.15
Científico de Datos,135341,14,Bachillerato,0.89,0.85,0.57,Medio,0.12,0.74,0.17,0.69,0.42,0.93,0.46,0.03,0.48,0.8
Soporte al Cliente,116402,5,Doctorado,0.97,1.34,0.83,Alto,0.21,0.0,0.98,0.94,0.27,0.64,0.73,0.58,0.84,0.08
Especialista en RRHH,71503,10,Bachillerato,0.39,0.98,0.48,Medio,0.53,0.6,0.71,0.52,0.68,0.34,0.94,0.06,0.55,0.09
Conductor de Camión,107366,29,Maestría,0.26,1.44,0.7,Medio,0.39,0.78,0.19,0.82,0.86,0.71,0.21,0.27,0.17,0.18
Maestro,132187,17,Licenciatura,0.86,1.03,0.13,Bajo,0.29,0.54,0.33,0.86,0.21,0.88,0.66,0.96,0.02,0.06
Soporte al Cliente,71164,25,Doctorado,0.91,1.23,0.86,Alto,0.03,0.35,0.35,0.54,0.26,0.27,0.62,0.94,0.66,0.67
Maestro,67624,17,Bachillerato,0.15,0.53,0.24,Bajo,0.44,0.43,0.23,0.51,0.44,0.35,0.44,0.38,0.94,0.98
Trabajador de Comercio,144499,1,Maestría,0.99,0.77,0.91,Alto,0.41,0.75,0.2,0.81,0.08,0.27,0.82,0.75,0.5,0.67
Maestro,146585,29,Bachillerato,0.67,0.51,0.26,Bajo,0.52,0.94,0.48,0.43,0.45,0.36,0.17,0.84,0.39,0.53
Médico,115780,24,Doctorado,0.06,1.1,0.27,Bajo,0.49,0.16,0.12,0.9,0.7,0.97,0.08,0.9,0.85,0.89
Maestro,140168,4,Bachillerato,0.55,1.0,0.13,Bajo,0.72,0.54,0.93,0.24,0.31,0.32,0.81,0.1,0.46,0.43
Soporte al Cliente,113764,20,Maestría,0.41,1.01,0.72,Alto,0.51,0.96,0.98,0.53,0.52,0.29,1.0,0.27,0.45,0.0
Diseñador Gráfico,114367,4,Licenciatura,0.07,1.24,0.52,Medio,0.57,0.29,0.81,0.0,0.33,0.66,0.91,0.23,0.54,0.54
Enfermero/a,54195,25,Maestría,0.18,0.52,0.09,Bajo,0.98,0.21,0.94,0.21,0.93,0.65,0.11,0.58,0.32,0.38
Médico,98397,14,Maestría,0.42,1.16,0.24,Bajo,0.33,0.92,0.94,0.04,0.01,0.43,0.59,0.28,0.26,0.68
Maestro,114692,15,Doctorado,0.17,1.38,0.22,Bajo,0.36,0.68,0.11,0.47,0.17,0.04,0.34,0.15,0.63,0.67
Abogado,75814,5,Maestría,0.02,1.29,0.3,Bajo,0.34,0.49,0.82,0.84,0.72,0.25,0.72,0.25,0.21,0.55
Ingeniero de IA,122079,12,Licenciatura,0.05,0.56,0.25,Bajo,0.86,0.6,0.43,0.85,0.73,0.58,0.32,0.2,0.42,0.29
Chef,138165,26,Doctorado,0.52,0.67,0.62,Medio,0.15,0.48,0.75,0.49,0.36,0.47,0.85,0.99,0.63,0.79
Científico de Datos,130296,26,Doctorado,0.88,1.45,0.53,Medio,0.75,0.51,0.29,0.85,0.6,0.58,0.66,0.86,0.73,0.21
Maestro,144547,28,Bachillerato,0.98,1.05,0.28,Bajo,0.81,0.67,0.35,0.3,0.64,0.43,0.8,0.76,0.31,0.7
Maestro,85133,18,Maestría,0.32,0.91,0.27,Bajo,0.36,0.29,0.35,0.21,0.54,0.15,0.82,0.23,0.6,0.13
Trabajador de Comercio,127347,6,Bachillerato,0.82,1.27,0.88,Alto,0.83,0.1,0.68,0.27,0.79,0.96,0.9,0.11,0.37,0.36
Ingeniero de IA,82990,27,Bachillerato,0.1,0.88,0.3,Bajo,0.57,0.62,0.47,0.66,0.96,0.59,0.07,0.49,0.99,0.39
Ingeniero de Software,69379,26,Licenciatura,0.11,0.64,0.65,Medio,0.3,0.31,0.39,0.97,0.08,0.82,0.34,0.85,0.99,0.35
Chef,128235,14,Licenciatura,0.14,1.26,0.36,Medio,0.26,0.2,0.36,0.07,0.86,0.86,0.41,0.61,0.64,0.75
Mecánico,102181,17,Licenciatura,0.54,1.17,0.44,Medio,0.72,0.32,0.4,0.67,0.38,0.2,0.87,0.92,0.63,0.81
Investigador UX,111839,29,Bachillerato,0.61,1.41,0.44,Medio,0.7,0.06,0.79,0.83,0.4,0.64,0.86,0.88,0.11,0.83
Conductor de Camión,83242,19,Bachillerato,0.73,0.83,0.71,Alto,0.21,0.41,0.74,0.1,0.81,1.0,0.79,0.47,0.57,0.01
Médico,93611,13,Licenciatura,0.9,0.52,0.28,Bajo,0.11,0.13,0.18,0.8,0.48,0.15,0.69,0.94,0.57,0.1
Ingeniero de Software,38871,6,Bachillerato,0.8,1.13,0.67,Medio,0.55,0.06,0.4,0.66,0.38,1.0,0.41,0.55,0.23,0.15
Ingeniero de IA,78743,10,Maestría,0.59,0.5,0.12,Bajo,0.64,0.81,0.31,0.65,0.27,0.69,0.7,0.13,0.67,0.33
Especialista en RRHH,107418,10,Licenciatura,0.5,0.95,0.61,Medio,0.08,0.79,0.11,0.21,0.52,0.46,0.99,0.59,0.33,0.9
Guardia de Seguridad,116472,13,Maestría,0.27,0.99,0.93,Alto,0.71,0.68,0.73,0.66,0.76,0.19,0.18,0.36,0.85,0.71
Chef,56025,28,Bachillerato,0.02,0.74,0.62,Medio,0.24,0.73,0.18,0.61,0.63,0.75,0.44,0.63,0.49,0.95
Diseñador Gráfico,51747,19,Licenciatura,0.67,0.99,0.57,Medio,0.82,0.69,0.62,0.85,0.9,0.39,0.17,0.82,0.21,0.93
Científico de Datos,117090,27,Bachillerato,0.92,1.09,0.61,Medio,0.4,0.99,0.23,0.26,0.05,0.94,0.46,0.67,0.69,0.87
Médico,65486,5,Licenciatura,0.56,1.21,0.24,Bajo,0.19,0.11,0.07,0.37,0.5,0.62,0.96,0.33,0.76,0.53
Enfermero/a,148871,17,Bachillerato,0.62,1.47,0.08,Bajo,0.51,0.05,0.32,0.62,0.84,0.73,0.46,0.91,0.3,0.75
Científico Investigador,72925,15,Doctorado,0.9,1.3,0.28,Bajo,0.21,0.67,0.74,0.74,0.5,0.01,0.26,0.32,0.85,0.84
Especialista en RRHH,50647,20,Bachillerato,0.02,0.81,0.35,Medio,0.15,0.29,0.07,0.24,0.96,0.31,0.16,0.72,0.83,0.31
Enfermero/a,134839,24,Maestría,0.24,0.89,0.07,Bajo,0.67,0.82,0.66,0.42,0.29,0.41,0.42,0.67,0.93,0.07
Investigador UX,94310,12,Licenciatura,0.91,0.62,0.37,Medio,0.31,0.56,0.13,0.2,0.9,0.11,0.4,0.76,0.89,0.34
Obrero de Construcción,67788,7,Doctorado,0.74,1.27,0.95,Alto,0.14,0.71,0.42,0.91,0.41,0.45,0.13,0.32,0.4,0.02
Analista Financiero,87676,21,Doctorado,0.34,1.3,0.34,Medio,0.76,0.71,0.24,0.08,0.84,0.25,0.15,0.36,0.4,0.33
Mecánico,73677,25,Bachillerato,0.88,1.37,0.46,Medio,0.96,0.68,0.83,0.5,0.16,0.89,0.49,0.97,0.25,0.99
Soporte al Cliente,84012,8,Doctorado,0.37,1.09,0.87,Alto,0.72,0.48,0.08,0.5,0.33,0.66,0.18,0.39,0.97,0.09
Ingeniero de Software,67470,10,Bachillerato,0.09,0.66,0.54,Medio,0.44,0.55,0.88,0.82,0.89,0.62,0.49,0.46,0.74,0.52
Abogado,139055,22,Maestría,0.14,0.86,0.33,Medio,0.24,0.66,0.01,0.6,0.77,0.17,0.18,0.03,0.51,0.65
Científico Investigador,31757,21,Licenciatura,0.39,0.95,0.25,Bajo,0.03,0.78,0.67,0.24,0.52,0.05,0.38,0.17,0.02,0.36
Maestro,62964,18,Bachillerato,0.92,1.16,0.15,Bajo,1.0,0.28,0.19,0.46,0.5,0.35,0.7,0.18,0.51,0.5
Chef,139276,15,Doctorado,0.93,1.16,0.42,Medio,0.69,0.25,0.97,0.82,0.43,0.78,0.41,0.07,0.71,0.4
Investigador UX,124364,24,Bachillerato,0.31,1.34,0.57,Medio,0.85,0.29,0.46,0.82,0.64,0.36,0.51,1.0,0.74,0.61
Ingeniero de IA,30030,0,Maestría,0.44,1.45,0.19,Bajo,0.33,0.09,0.38,0.57,0.7,0.88,0.94,0.1,0.6,0.67
Trabajador de Comercio,54524,19,Licenciatura,0.55,0.83,0.72,Alto,0.07,0.76,0.62,0.72,0.69,0.13,0.15,0.25,0.4,0.94
Analista Financiero,43733,7,Maestría,0.26,0.56,0.57,Medio,0.63,0.68,0.26,0.52,0.36,0.82,0.07,0.28,0.6,0.21
Ingeniero de IA,92086,21,Maestría,0.14,0.52,0.27,Bajo,0.33,0.16,0.17,0.89,0.65,0.96,0.8,0.77,0.5,0.82
Investigador UX,134643,2,Licenciatura,0.83,1.26,0.57,Medio,0.33,0.63,0.51,0.46,0.99,0.5,0.03,0.63,0.73,0.89
Ingeniero de Software,136565,22,Licenciatura,0.02,0.62,0.36,Medio,0.21,0.8,0.31,0.31,0.76,0.41,0.06,0.59,0.13,0.57
Soporte al Cliente,53784,28,Doctorado,0.93,0.57,0.78,Alto,0.65,0.32,0.45,0.02,0.69,0.88,0.98,0.83,0.03,0.65
Conductor de Camión,129892,9,Bachillerato,0.94,1.4,0.95,Alto,0.86,0.55,0.71,0.96,0.58,0.84,0.94,0.57,0.16,0.16
Chef,123497,20,Maestría,0.48,0.98,0.55,Medio,0.48,0.97,0.29,0.87,0.1,0.6,0.65,0.77,0.5,0.2
Soporte al Cliente,71147,16,Doctorado,0.27,0.92,0.83,Alto,0.63,0.85,0.91,0.46,0.09,0.8,0.48,0.55,0.6,0.67
Gerente de Marketing,138131,20,Maestría,0.95,1.44,0.62,Medio,0.89,0.05,0.85,0.07,0.75,0.17,0.36,0.18,0.44,0.41
Analista Financiero,38168,1,Licenciatura,0.3,1.25,0.33,Medio,0.52,0.12,0.29,0.26,0.84,0.19,0.81,0.79,0.5,0.23
Especialista en RRHH,126017,20,Licenciatura,0.01,1.03,0.68,Medio,0.15,0.57,0.96,0.86,0.85,0.82,0.31,0.89,0.94,0.5
Abogado,106548,14,Maestría,0.41,0.83,0.38,Medio,0.62,0.56,0.46,0.1,0.8,0.17,0.11,0.62,0.4,0.06
Gerente de Marketing,64574,6,Maestría,0.77,1.12,0.45,Medio,0.19,0.63,0.89,0.65,0.81,0.52,0.72,0.9,0.77,0.91
Conductor de Camión,106334,15,Bachillerato,0.9,1.12,0.92,Alto,0.04,0.66,0.85,0.17,0.66,0.82,0.29,0.41,0.57,0.52
Soporte al Cliente,50709,8,Maestría,0.1,0.6,0.77,Alto,0.25,0.74,0.57,0.76,0.07,0.49,0.32,0.85,0.71,0.87
Diseñador Gráfico,72434,10,Bachillerato,0.72,1.04,0.63,Medio,0.51,0.54,0.05,0.67,0.27,0.02,0.07,0.96,0.35,0.87
Gerente de Marketing,122192,28,Licenciatura,0.94,1.38,0.66,Medio,0.29,0.15,0.64,0.49,0.1,0.68,0.56,0.86,0.61,0.57
Médico,102399,28,Licenciatura,0.46,1.45,0.08,Bajo,0.45,0.66,0.43,0.28,0.29,0.23,0.34,0.87,0.51,0.24
Obrero de Construcción,52489,28,Doctorado,0.46,0.52,0.85,Alto,0.03,0.54,0.46,0.24,0.33,0.71,0.01,0.32,0.68,0.15
Conductor de Camión,123995,6,Licenciatura,0.17,0.65,0.89,Alto,0.27,0.38,0.73,0.18,0.53,0.92,0.55,0.05,0.59,0.09
Enfermero/a,116090,21,Doctorado,0.85,0.51,0.07,Bajo,0.36,1.0,0.29,0.16,0.55,0.52,0.45,0.95,0.28,0.29
Especialista en RRHH,126190,21,Bachillerato,0.32,1.3,0.69,Medio,0.04,0.99,0.25,0.42,0.78,0.67,0.78,0.47,0.92,0.79
Mecánico,132535,20,Bachillerato,0.95,1.46,0.47,Medio,0.65,0.81,0.82,0.01,0.63,0.97,0.23,0.8,0.53,0.22
Investigador UX,84026,19,Maestría,0.76,0.82,0.45,Medio,0.49,0.51,0.21,0.67,0.69,0.14,0.53,0.61,0.19,0.89
Médico,61171,13,Licenciatura,0.12,0.83,0.17,Bajo,0.01,0.03,0.06,0.54,0.34,0.89,0.56,0.76,0.69,0.52
Ingeniero de IA,140549,1,Licenciatura,0.87,1.03,0.17,Bajo,0.72,0.21,0.79,0.43,0.13,0.12,0.16,0.89,0.99,0.36
Soporte al Cliente,120061,16,Maestría,0.82,0.71,0.93,Alto,0.67,0.9,0.55,0.69,0.62,0.83,0.84,0.59,0.63,0.92
Conductor de Camión,143357,22,Maestría,0.66,0.51,0.73,Alto,0.86,0.08,0.21,0.23,0.6,0.58,0.29,0.21,0.76,0.94
Ingeniero de Software,74099,6,Bachillerato,0.13,1.14,0.62,Medio,0.79,0.72,0.89,0.22,0.11,0.62,0.82,0.58,0.96,0.8
Especialista en RRHH,101543,2,Maestría,0.06,0.61,0.61,Medio,0.2,0.03,0.91,0.89,0.22,0.78,0.05,0.29,0.62,0.76
Enfermero/a,129691,18,Bachillerato,0.33,0.71,0.3,Bajo,0.67,0.41,0.08,0.6,0.64,0.82,0.29,0.98,0.44,0.3
Maestro,111793,14,Bachillerato,0.53,1.3,0.19,Bajo,0.96,0.37,0.06,0.78,0.71,0.53,0.33,0.19,0.48,0.67
Gerente de Marketing,33814,28,Bachillerato,0.32,0.63,0.49,Medio,0.79,0.97,0.5,0.17,0.68,0.76,0.07,0.85,0.83,0.47
Chef,113395,29,Licenciatura,0.45,1.27,0.47,Medio,0.31,0.99,0.94,0.94,0.13,0.23,0.44,0.83,0.74,0.85
Ingeniero de Software,104892,28,Maestría,0.78,0.76,0.41,Medio,0.35,0.3,0.25,0.75,0.03,0.73,0.82,0.07,0.06,0.29
Gerente de Marketing,134560,4,Doctorado,0.58,1.18,0.55,Medio,0.36,0.5,0.64,0.12,0.23,0.89,0.34,0.8,0.25,0.04
Especialista en RRHH,46585,15,Licenciatura,0.89,1.32,0.4,Medio,0.91,0.48,0.05,0.03,0.49,0.55,0.08,0.92,0.72,0.8
Diseñador Gráfico,65878,27,Bachillerato,0.66,0.89,0.57,Medio,0.98,0.65,0.34,0.29,0.96,0.19,0.81,0.47,0.44,0.75
Trabajador de Comercio,144742,13,Doctorado,0.78,0.66,0.8,Alto,0.42,0.1,0.44,0.81,0.3,0.43,0.96,0.03,0.59,0.74
Chef,108074,18,Licenciatura,0.72,1.23,0.32,Medio,0.53,0.78,0.09,0.01,0.81,0.71,0.41,0.94,0.77,0.97
Chef,135178,27,Bachillerato,0.48,1.25,0.57,Medio,0.81,0.79,0.15,0.23,0.27,0.82,0.81,0.5,0.58,0.83
Científico Investigador,38794,6,Doctorado,0.05,0.98,0.28,Bajo,0.79,0.37,0.06,0.64,0.83,0.66,0.43,0.12,0.91,0.28
Científico Investigador,87364,18,Licenciatura,0.82,1.48,0.22,Bajo,0.62,0.32,0.02,0.19,0.58,0.15,0.88,0.19,0.52,0.51
Conductor de Camión,41853,17,Licenciatura,0.33,1.37,0.81,Alto,0.7,0.64,0.12,0.62,0.55,0.9,0.88,0.15,0.08,0.29
Investigador UX,73280,28,Maestría,0.02,1.17,0.54,Medio,0.65,0.22,0.23,0.43,0.1,0.07,0.09,0.57,0.4,0.29
Mecánico,130854,10,Maestría,0.21,0.91,0.38,Medio,0.7,0.12,0.95,0.09,0.94,0.83,0.68,0.91,0.14,0.18
Mecánico,100286,28,Bachillerato,0.24,0.81,0.53,Medio,0.03,0.38,0.25,0.61,0.99,0.52,0.43,0.37,0.78,0.07
Obrero de Construcción,129646,20,Licenciatura,0.42,0.81,0.94,Alto,0.94,0.64,0.02,0.75,0.34,0.39,0.16,0.52,0.74,0.27
Ingeniero de Software,82445,25,Licenciatura,0.19,0.57,0.56,Medio,0.85,0.95,0.77,0.2,0.98,0.92,0.16,0.56,0.56,0.44
Investigador UX,86152,11,Maestría,0.21,1.17,0.61,Medio,0.2,0.82,0.96,0.62,0.78,0.53,0.6,0.01,0.52,0.58
Conductor de Camión,45485,4,Doctorado,0.17,0.74,0.89,Alto,0.17,0.42,0.25,0.55,0.99,0.85,0.27,0.37,0.92,0.9
Guardia de Seguridad,53953,29,Maestría,0.83,0.8,0.84,Alto,0.01,1.0,0.76,0.24,0.68,0.29,0.09,0.43,0.61,0.09
Chef,48027,3,Licenciatura,0.51,1.13,0.4,Medio,0.02,0.32,0.4,0.64,0.93,0.2,0.69,0.1,0.19,0.51
Médico,45265,15,Doctorado,0.86,1.24,0.05,Bajo,0.68,0.82,0.53,0.97,0.0,0.82,0.33,0.65,0.69,0.31
Guardia de Seguridad,39160,26,Doctorado,0.1,0.66,0.92,Alto,0.12,0.38,0.73,0.79,0.95,0.79,0.84,0.95,0.55,0.34
Guardia de Seguridad,100717,16,Bachillerato,0.16,0.57,0.9,Alto,0.95,0.44,0.16,0.5,0.39,0.37,0.63,0.17,0.38,0.87
Especialista en RRHH,117275,27,Bachillerato,0.06,1.01,0.34,Medio,0.96,0.24,0.93,0.83,0.55,0.34,0.86,0.15,0.18,0.22
Guardia de Seguridad,73496,25,Doctorado,0.31,1.49,0.75,Alto,0.81,0.1,0.35,0.24,0.98,0.03,0.72,0.25,0.81,0.31
Abogado,95635,1,Doctorado,0.27,0.91,0.59,Medio,0.1,0.76,0.11,0.91,0.28,0.58,0.12,0.27,0.4,0.49
Ingeniero de Software,57762,7,Licenciatura,0.89,0.51,0.61,Medio,0.47,0.52,0.21,0.61,0.54,0.16,0.24,0.07,0.07,0.01
Maestro,95888,15,Bachillerato,0.68,0.82,0.14,Bajo,0.13,0.58,0.34,0.68,0.74,0.58,0.28,0.51,0.25,0.9
Trabajador de Comercio,84150,23,Licenciatura,0.97,1.05,0.78,Alto,0.1,0.54,0.86,0.87,0.6,0.39,0.65,0.76,0.41,0.48
Mecánico,87026,4,Maestría,0.88,1.29,0.31,Medio,0.12,0.85,0.83,0.39,0.58,0.91,0.91,0.78,0.21,0.73
Maestro,133992,1,Bachillerato,0.89,0.65,0.22,Bajo,0.61,0.78,0.55,0.06,0.71,0.38,0.32,0.99,0.59,0.71
Ingeniero de Software,115847,18,Licenciatura,0.77,1.25,0.56,Medio,1.0,0.46,0.71,0.8,0.38,0.46,0.97,0.03,0.34,0.49
Científico de Datos,30645,4,Bachillerato,0.9,0.79,0.4,Medio,0.82,0.28,0.66,0.82,0.79,0.78,0.09,0.08,0.31,0.04
Maestro,40704,23,Doctorado,0.39,1.06,0.12,Bajo,0.49,0.33,0.2,0.65,0.67,0.83,0.87,0.7,0.69,0.06
Abogado,62256,7,Licenciatura,0.81,0.73,0.44,Medio,0.15,0.2,0.78,0.26,0.45,0.15,0.68,0.73,0.36,0.78
Ingeniero de Software,64224,11,Bachillerato,0.69,1.23,0.69,Medio,0.23,0.09,0.26,0.12,0.17,0.33,0.41,0.9,0.2,0.97
Chef,43167,11,Maestría,0.88,1.43,0.6,Medio,0.79,0.44,0.51,0.93,0.38,0.04,0.76,0.57,0.81,0.08
Chef,99459,6,Bachillerato,0.25,1.4,0.34,Medio,0.84,0.09,0.03,0.24,0.33,0.63,0.13,0.44,0.2,0.86
Trabajador de Comercio,90628,24,Maestría,0.36,1.13,0.93,Alto,0.87,0.9,0.06,0.84,0.78,0.9,0.31,0.91,0.4,0.63
Investigador UX,95162,25,Doctorado,0.43,1.05,0.44,Medio,0.79,0.63,0.69,0.23,0.97,0.66,0.2,0.75,0.17,0.06
Enfermero/a,144009,2,Maestría,0.55,0.69,0.14,Bajo,0.95,0.29,0.16,0.99,0.3,0.68,0.23,0.55,0.39,0.96
Enfermero/a,53978,11,Doctorado,0.58,1.44,0.3,Bajo,0.1,0.83,0.38,0.59,0.38,0.4,0.16,0.57,0.55,0.19
Especialista en RRHH,85419,21,Bachillerato,0.97,1.21,0.49,Medio,0.92,0.58,0.14,0.55,0.18,0.77,0.97,0.36,0.43,0.42
Científico de Datos,123004,16,Licenciatura,0.79,1.12,0.33,Medio,0.84,0.19,0.98,0.38,0.62,0.08,0.34,0.8,0.48,0.9
Ingeniero de Software,47874,25,Licenciatura,0.93,1.48,0.48,Medio,0.57,0.83,0.22,0.86,0.59,0.73,0.08,0.77,0.31,0.81
Ingeniero de Software,149318,17,Bachillerato,0.27,1.45,0.61,Medio,0.99,0.36,0.65,0.61,0.69,0.04,0.29,0.91,0.42,0.96
Mecánico,39413,1,Maestría,1.0,1.2,0.61,Medio,0.4,0.91,0.55,0.68,0.09,0.63,0.88,0.18,0.74,0.03
Científico Investigador,137541,1,Maestría,0.98,0.85,0.08,Bajo,0.66,0.03,0.48,0.27,0.47,0.02,0.05,0.02,0.62,0.56
Científico de Datos,45890,19,Doctorado,0.59,0.6,0.43,Medio,0.6,0.01,0.04,0.68,0.89,0.86,0.17,0.91,0.7,0.72
Gerente de Marketing,137747,8,Bachillerato,0.72,1.21,0.54,Medio,0.36,0.81,0.94,0.87,0.24,0.45,0.34,0.71,0.83,0.22
Científico Investigador,72582,22,Maestría,0.68,0.72,0.14,Bajo,0.1,0.6,0.17,0.69,0.74,0.48,0.09,0.61,0.37,0.95
Diseñador Gráfico,124964,2,Doctorado,0.07,1.14,0.61,Medio,0.16,0.45,0.74,0.02,0.03,0.68,0.73,0.85,0.4,0.39
Médico,64091,8,Maestría,0.26,0.84,0.09,Bajo,0.4,0.9,0.22,0.68,0.14,0.35,0.32,0.94,0.43,0.69
Conductor de Camión,95707,29,Licenciatura,0.14,1.44,0.79,Alto,0.04,0.3,0.34,0.09,0.62,0.35,0.63,0.01,0.98,0.17
Médico,82892,1,Maestría,0.92,1.31,0.22,Bajo,0.03,0.53,0.65,0.76,0.47,0.95,0.24,0.07,0.33,0.66
Científico de Datos,51946,13,Bachillerato,0.74,0.61,0.65,Medio,0.28,0.21,0.61,0.21,0.51,0.41,0.23,0.29,0.43,0.35
Soporte al Cliente,92294,11,Maestría,0.74,0.67,0.86,Alto,0.68,0.8,0.85,0.16,0.14,0.61,0.76,0.27,0.53,0.77
Maestro,101022,17,Doctorado,0.65,0.58,0.06,Bajo,0.39,0.03,0.9,0.02,0.03,0.17,0.63,0.54,0.66,0.89
Chef,116377,14,Doctorado,0.04,1.26,0.62,Medio,0.05,0.24,0.77,0.38,0.47,0.82,0.09,0.68,0.21,0.06
Mecánico,125614,8,Bachillerato,0.12,1.25,0.38,Medio,0.05,0.1,0.84,0.37,0.3,0.49,0.63,0.04,0.9,0.96
Investigador UX,70577,22,Maestría,0.41,1.38,0.47,Medio,0.86,0.03,0.49,0.95,0.25,0.27,0.63,0.93,0.2,0.92
Abogado,70214,21,Maestría,0.99,1.24,0.57,Medio,0.81,0.18,0.95,0.17,0.03,0.7,0.18,0.76,0.8,0.24
Gerente de Marketing,115416,29,Licenciatura,0.5,1.39,0.64,Medio,0.12,0.96,0.26,0.35,0.15,0.38,0.64,0.51,0.83,0.64
Especialista en RRHH,138176,7,Maestría,0.56,0.56,0.53,Medio,0.39,0.1,0.31,0.9,0.59,0.9,0.41,0.98,0.36,0.76
Conductor de Camión,88744,15,Bachillerato,0.11,1.33,0.89,Alto,0.82,0.3,0.7,0.22,0.01,0.87,0.52,0.98,0.39,0.96
Chef,55759,24,Maestría,0.51,0.8,0.63,Medio,0.83,0.42,0.73,0.45,0.74,0.99,0.26,0.63,0.38,0.55
Guardia de Seguridad,37589,18,Licenciatura,0.5,0.95,0.9,Alto,0.05,0.09,0.02,0.69,0.53,0.88,0.5,0.22,0.81,0.29
Conductor de Camión,119485,21,Bachillerato,0.25,0.67,0.82,Alto,0.05,0.04,0.5,0.22,0.01,0.3,0.48,0.39,0.14,0.58
Guardia de Seguridad,55090,8,Licenciatura,0.68,0.89,0.73,Alto,0.5,0.89,0.47,0.2,0.09,0.94,0.74,0.31,0.3,0.9
Chef,102889,19,Bachillerato,0.54,1.21,0.46,Medio,0.04,0.23,0.9,0.52,0.82,0.56,0.94,0.91,0.48,0.32
Chef,93282,29,Maestría,0.67,1.0,0.63,Medio,0.18,0.33,0.69,0.25,0.44,0.96,0.63,0.95,0.72,0.72
Maestro,40892,19,Doctorado,0.5,0.83,0.14,Bajo,0.26,0.06,0.79,0.62,0.83,0.5,0.98,0.96,0.27,0.39
Científico de Datos,132524,8,Bachillerato,0.78,1.41,0.56,Medio,0.48,0.38,0.42,0.85,0.98,0.05,0.58,0.52,0.38,0.85
Maestro,56006,13,Maestría,0.47,0.52,0.25,Bajo,0.11,0.46,0.58,0.71,0.41,0.74,0.13,0.65,0.83,0.89
Conductor de Camión,60805,20,Licenciatura,0.31,0.66,0.79,Alto,0.54,0.2,0.95,0.9,0.03,0.56,0.79,0.25,0.52,0.41
Abogado,86121,28,Maestría,0.61,1.49,0.45,Medio,0.55,0.33,0.88,0.86,0.18,0.9,0.15,0.1,0.65,0.39
Científico de Datos,70344,14,Bachillerato,0.65,0.55,0.42,Medio,0.46,0.27,0.05,0.09,0.8,0.91,0.15,0.25,0.65,0.95
Conductor de Camión,62185,5,Bachillerato,0.87,0.59,0.76,Alto,0.09,0.1,0.52,0.69,0.79,0.7,0.36,0.56,0.93,0.39
Especialista en RRHH,133060,9,Bachillerato,0.52,0.8,0.4,Medio,0.78,0.89,0.5,0.78,0.19,0.55,0.64,0.49,0.12,0.73
Médico,149756,8,Bachillerato,0.64,0.67,0.07,Bajo,0.3,0.04,0.84,0.7,0.56,0.89,0.11,0.71,0.15,0.06
Trabajador de Comercio,31981,7,Maestría,0.95,0.94,0.71,Alto,0.58,0.2,0.01,0.76,0.15,0.94,0.59,0.09,0.22,0.61
Investigador UX,66443,3,Bachillerato,0.53,1.3,0.62,Medio,0.7,0.89,0.2,0.18,0.8,0.32,0.51,0.74,0.4,0.13
Obrero de Construcción,89434,5,Doctorado,0.82,0.51,0.84,Alto,0.47,0.26,0.16,0.19,0.72,0.54,0.98,0.24,0.96,0.52
Enfermero/a,73159,20,Licenciatura,0.02,0.56,0.08,Bajo,0.34,0.12,0.43,0.18,0.78,0.87,0.39,0.51,0.95,0.54
Científico de Datos,103298,14,Maestría,0.14,1.36,0.5,Medio,0.02,0.97,0.97,0.38,0.95,0.14,0.68,0.19,0.25,0.78
Maestro,65357,3,Licenciatura,0.01,0.91,0.11,Bajo,0.68,0.19,0.84,0.27,0.39,0.3,0.64,0.1,0.48,0.33
Maestro,86735,6,Bachillerato,0.07,1.33,0.09,Bajo,0.09,0.2,0.1,0.52,0.99,0.03,0.46,0.39,0.34,0.33
Abogado,131977,0,Maestría,0.02,1.27,0.4,Medio,0.38,0.42,0.3,0.09,0.11,0.3,0.82,0.13,0.74,0.29
Enfermero/a,79684,7,Maestría,0.43,0.67,0.3,Bajo,0.18,0.57,0.57,0.37,0.95,0.84,0.83,0.97,0.46,0.1
Científico Investigador,90273,25,Licenciatura,0.38,0.69,0.17,Bajo,0.93,0.17,0.85,0.42,0.14,0.85,0.97,0.29,0.3,0.39
Soporte al Cliente,85547,1,Doctorado,0.01,0.72,0.88,Alto,0.41,0.33,0.87,0.92,0.95,0.27,0.91,0.74,0.15,0.61
Abogado,117429,26,Doctorado,0.63,0.72,0.4,Medio,0.79,0.69,0.88,0.4,0.55,0.74,0.97,0.99,1.0,0.89
Científico Investigador,40208,23,Licenciatura,0.01,1.2,0.11,Bajo,0.06,0.7,0.76,0.66,0.37,0.51,0.93,0.73,0.5,0.59
Obrero de Construcción,74056,23,Licenciatura,0.39,0.6,0.78,Alto,0.42,0.27,0.53,0.3,0.1,0.19,0.92,0.63,0.31,0.37
Ingeniero de IA,53553,8,Licenciatura,0.67,1.08,0.28,Bajo,0.63,0.91,0.01,0.89,0.72,0.17,0.26,0.54,0.12,0.79
Trabajador de Comercio,54287,4,Bachillerato,0.3,0.57,0.95,Alto,0.25,0.07,0.33,0.97,0.79,0.48,0.31,0.42,0.02,0.72
Especialista en RRHH,48803,27,Doctorado,0.52,1.07,0.3,Bajo,0.98,0.3,0.08,0.85,0.15,0.02,0.49,0.13,0.98,0.01
Maestro,113192,28,Bachillerato,0.83,0.74,0.28,Bajo,0.31,0.07,0.01,0.28,0.47,0.0,0.58,0.33,0.39,0.26
Maestro,128740,9,Licenciatura,0.23,0.63,0.27,Bajo,0.39,0.08,0.23,0.31,0.77,0.02,0.48,0.41,0.97,0.18
Mecánico,38996,20,Maestría,0.2,1.05,0.52,Medio,0.08,0.46,0.46,0.32,0.28,0.22,0.01,0.0,0.59,0.29
Diseñador Gráfico,79210,8,Bachillerato,0.68,1.03,0.67,Medio,0.83,0.73,0.13,0.67,0.69,0.76,0.26,0.64,0.62,0.39
Enfermero/a,134439,13,Licenciatura,0.09,1.14,0.2,Bajo,0.21,0.82,0.87,0.21,0.08,0.6,0.48,0.43,0.76,0.97
Mecánico,41135,22,Licenciatura,0.01,1.1,0.56,Medio,0.83,0.2,0.52,0.45,0.66,0.06,0.88,0.51,0.88,0.34
Diseñador Gráfico,110709,6,Bachillerato,0.96,1.44,0.68,Medio,0.04,0.4,0.06,0.31,0.17,0.62,0.78,0.51,0.8,0.01
Investigador UX,78416,13,Licenciatura,0.18,0.96,0.48,Medio,0.87,0.97,0.26,0.07,0.65,0.5,0.57,0.05,0.78,0.23
Ingeniero de IA,57309,7,Licenciatura,0.23,1.45,0.09,Bajo,0.73,0.25,0.42,1.0,0.1,0.88,0.95,0.7,0.01,0.82
Ingeniero de IA,67542,17,Doctorado,0.98,1.34,0.16,Bajo,0.69,0.49,0.35,0.63,0.77,0.64,0.83,0.18,0.37,0.31
Abogado,50723,7,Licenciatura,0.44,1.45,0.52,Medio,0.29,0.35,0.61,0.35,0.54,0.27,0.35,0.71,0.58,0.09
Analista Financiero,62081,26,Doctorado,0.05,0.58,0.58,Medio,0.71,0.02,0.64,0.03,0.96,0.7,0.19,0.16,0.57,0.63
Abogado,129443,7,Doctorado,0.3,0.53,0.61,Medio,0.05,0.75,0.05,0.25,0.84,0.95,0.41,0.97,0.63,0.42
Científico de Datos,55482,13,Bachillerato,0.3,0.77,0.56,Medio,0.39,0.14,0.07,0.79,0.68,0.41,0.9,0.41,0.71,0.91
Diseñador Gráfico,103933,8,Doctorado,0.51,1.18,0.47,Medio,0.65,0.26,0.43,0.21,0.04,0.59,0.86,0.03,0.2,0.46
Investigador UX,43997,29,Doctorado,0.34,0.63,0.55,Medio,0.58,0.47,0.86,0.27,0.01,0.32,0.01,0.54,0.38,0.81
Abogado,66258,11,Doctorado,0.43,0.72,0.47,Medio,0.64,0.19,0.77,0.33,0.93,0.51,0.85,0.62,0.55,0.68
Chef,132495,23,Doctorado,0.92,1.2,0.55,Medio,0.53,0.18,0.12,0.49,0.16,0.58,0.65,0.53,0.04,0.06
Científico de Datos,135071,26,Bachillerato,0.86,0.91,0.49,Medio,0.85,0.09,0.39,0.4,0.5,0.11,0.1,0.42,0.03,0.25
Gerente de Marketing,50954,29,Licenciatura,0.49,0.51,0.57,Medio,0.86,0.71,0.82,0.64,0.51,0.22,0.28,0.32,0.04,0.91
Guardia de Seguridad,45590,11,Doctorado,0.11,1.06,0.82,Alto,0.68,0.6,0.12,0.66,0.61,0.53,0.4,0.95,0.85,0.59
Especialista en RRHH,118035,16,Licenciatura,0.78,0.69,0.58,Medio,0.86,0.96,0.47,0.97,0.41,0.22,0.51,0.65,0.46,0.57
Conductor de Camión,147488,2,Licenciatura,0.52,1.45,0.82,Alto,0.25,0.76,0.34,0.82,0.06,0.33,0.09,0.09,0.66,0.39
Especialista en RRHH,111506,23,Licenciatura,0.52,0.8,0.59,Medio,0.62,0.8,0.64,0.17,0.67,0.39,0.46,0.92,0.36,0.61
Gerente de Marketing,104644,7,Maestría,0.86,0.5,0.54,Medio,0.01,0.71,0.23,0.38,0.38,0.85,0.1,0.67,0.98,0.02
Trabajador de Comercio,85197,4,Maestría,0.02,1.34,0.94,Alto,0.99,0.46,0.87,0.12,0.43,0.31,0.4,0.7,0.09,1.0
Chef,145435,22,Doctorado,0.87,1.33,0.61,Medio,0.04,0.52,0.33,0.11,0.34,0.64,0.23,0.44,0.4,0.05
Investigador UX,31113,3,Bachillerato,0.62,1.47,0.42,Medio,0.42,0.4,0.92,0.41,0.44,0.25,0.0,0.11,0.7,0.68
Trabajador de Comercio,119374,27,Licenciatura,0.47,0.8,0.88,Alto,0.84,0.9,0.17,0.7,0.96,0.65,0.35,0.64,0.69,0.4
Trabajador de Comercio,105450,27,Doctorado,0.61,1.3,0.95,Alto,0.22,0.7,0.03,0.97,0.01,0.36,0.08,0.62,0.34,0.73
Científico Investigador,113453,18,Doctorado,0.42,0.85,0.07,Bajo,0.2,0.64,0.5,0.07,0.54,0.05,0.51,0.96,0.31,0.72
Mecánico,62656,1,Bachillerato,0.73,1.02,0.62,Medio,0.7,0.24,0.53,0.56,0.45,0.18,0.22,0.28,0.01,0.92
Trabajador de Comercio,50823,4,Doctorado,0.31,1.15,0.84,Alto,0.65,0.43,0.41,0.12,0.62,0.18,0.67,0.97,0.26,0.14
Guardia de Seguridad,52879,25,Doctorado,0.38,0.71,0.82,Alto,0.52,0.35,0.75,0.9,0.21,0.84,0.13,0.23,0.56,0.31
Maestro,132132,29,Doctorado,0.29,1.4,0.09,Bajo,0.76,0.72,0.11,0.33,0.19,0.02,0.17,0.2,0.17,0.09
Científico Investigador,32693,27,Licenciatura,0.14,1.25,0.13,Bajo,0.51,0.77,0.75,0.17,0.1,0.59,0.74,0.15,0.37,0.87
Médico,69812,26,Doctorado,0.67,0.51,0.27,Bajo,0.4,0.65,0.4,0.88,0.65,0.58,0.98,0.28,0.07,0.52
Enfermero/a,58353,24,Doctorado,0.45,1.12,0.2,Bajo,0.39,0.86,0.65,0.89,0.91,0.17,0.68,0.32,0.84,0.73
Obrero de Construcción,103969,16,Doctorado,0.94,1.18,0.94,Alto,0.2,0.87,0.67,0.55,0.82,0.63,0.67,0.25,0.82,0.65
Investigador UX,34110,14,Licenciatura,0.65,1.48,0.54,Medio,0.69,0.56,0.78,0.98,0.54,0.42,0.86,0.97,0.13,0.58
Trabajador de Comercio,73105,23,Doctorado,0.53,0.91,0.86,Alto,0.27,0.35,0.99,0.64,0.87,0.81,0.65,0.84,0.29,0.64
Guardia de Seguridad,147323,9,Maestría,0.62,0.67,0.77,Alto,0.29,0.6,0.97,0.95,0.23,0.3,0.04,0.4,0.83,0.92
Ingeniero de Software,97720,13,Maestría,0.27,0.72,0.44,Medio,0.8,0.65,0.79,0.58,0.26,0.23,0.01,0.78,0.85,0.77
Analista Financiero,30877,20,Bachillerato,0.05,0.61,0.48,Medio,0.48,0.82,0.68,0.15,0.23,0.29,0.12,0.29,0.73,0.24
Ingeniero de IA,38499,9,Maestría,0.47,0.82,0.15,Bajo,0.71,0.52,0.01,0.92,0.07,0.94,0.03,0.77,0.53,0.51
Ingeniero de Software,135634,0,Bachillerato,0.24,1.28,0.66,Medio,0.53,0.35,0.06,0.68,0.28,0.06,0.67,0.49,0.01,0.11
Maestro,88843,24,Doctorado,0.06,1.37,0.13,Bajo,0.09,0.76,0.52,0.31,0.41,0.02,0.66,0.37,0.71,0.63
Enfermero/a,68966,22,Licenciatura,0.79,1.13,0.15,Bajo,0.39,0.12,0.78,0.76,0.25,0.86,0.59,0.48,0.02,0.38
Diseñador Gráfico,95490,17,Bachillerato,0.09,0.96,0.7,Medio,0.72,0.55,0.53,0.04,0.96,0.93,0.68,0.1,0.21,0.18
Diseñador Gráfico,101786,2,Doctorado,0.21,1.2,0.52,Medio,0.02,0.74,0.19,0.82,0.36,0.34,0.01,0.99,0.61,0.42
Científico Investigador,41808,24,Licenciatura,0.7,0.78,0.3,Bajo,0.95,0.74,0.97,0.11,0.28,0.25,0.07,0.97,0.06,0.86
Ingeniero de Software,44903,18,Maestría,0.38,0.52,0.3,Bajo,0.2,0.49,0.46,0.59,0.77,0.38,0.16,0.8,0.33,0.29
Investigador UX,93615,16,Bachillerato,0.01,0.98,0.35,Medio,0.18,0.48,0.87,0.84,0.97,0.48,0.55,0.82,0.7,0.18
Ingeniero de IA,81141,10,Licenciatura,0.13,0.67,0.27,Bajo,0.53,0.71,0.37,0.53,0.98,0.33,0.67,0.17,0.12,0.78
Conductor de Camión,126705,27,Maestría,0.67,0.66,0.76,Alto,0.91,0.29,0.82,0.29,0.94,0.91,0.04,0.77,0.17,0.22
Soporte al Cliente,57254,8,Licenciatura,0.58,0.83,0.84,Alto,0.17,0.02,0.57,0.52,0.69,0.65,0.9,0.46,0.01,0.63
Mecánico,126923,28,Doctorado,0.64,1.08,0.39,Medio,0.36,0.91,0.47,0.59,0.94,0.47,0.39,0.89,0.91,0.35
Conductor de Camión,71689,28,Licenciatura,0.96,0.56,0.71,Alto,0.52,0.29,0.58,0.72,0.07,0.88,0.28,0.38,0.34,0.84
Ingeniero de IA,49546,5,Bachillerato,0.22,0.89,0.26,Bajo,0.15,0.43,0.93,0.5,0.73,0.83,0.2,0.22,0.76,0.75
Conductor de Camión,41398,22,Bachillerato,0.32,0.9,0.91,Alto,0.42,0.93,1.0,0.78,0.67,0.39,0.07,0.57,0.36,0.35
Gerente de Marketing,142301,27,Licenciatura,0.46,1.25,0.46,Medio,0.15,0.46,0.95,0.8,0.21,0.39,0.93,0.12,0.25,0.26
Investigador UX,73042,28,Maestría,0.41,0.58,0.55,Medio,0.1,0.61,0.51,0.49,0.07,0.64,0.43,0.41,0.6,0.61
Mecánico,110094,10,Doctorado,0.13,0.74,0.57,Medio,0.58,0.76,0.74,0.85,0.38,0.35,0.83,0.24,0.46,0.19
Investigador UX,126155,9,Bachillerato,0.41,0.71,0.58,Medio,0.24,0.94,0.37,0.66,0.35,0.81,0.9,0.79,0.85,0.1
Enfermero/a,128464,15,Maestría,0.62,1.37,0.22,Bajo,0.2,0.61,0.09,0.7,0.41,0.15,0.98,0.9,0.89,0.79
Abogado,139791,4,Doctorado,0.66,0.61,0.66,Medio,0.88,0.75,0.93,0.55,0.45,0.97,0.46,0.64,0.37,0.64
Guardia de Seguridad,56745,1,Doctorado,0.62,1.01,0.78,Alto,0.64,0.91,0.01,0.13,0.12,0.92,0.66,0.95,0.58,0.46
Investigador UX,94558,25,Bachillerato,0.16,0.88,0.49,Medio,0.3,0.37,0.08,0.2,0.34,0.8,0.18,0.35,0.06,0.56
Mecánico,91478,11,Maestría,0.87,1.32,0.41,Medio,0.14,0.16,0.97,0.67,0.04,0.14,0.49,0.21,0.8,0.57
Gerente de Marketing,125980,1,Bachillerato,0.46,0.76,0.54,Medio,0.72,0.37,0.5,0.84,0.15,0.55,0.35,0.7,0.02,0.67
Trabajador de Comercio,128708,15,Doctorado,0.06,1.22,0.86,Alto,0.89,0.52,0.53,0.71,0.32,0.04,0.23,0.24,0.34,0.94
Guardia de Seguridad,41638,26,Bachillerato,0.94,1.5,0.81,Alto,0.23,0.56,0.88,0.47,0.51,0.13,0.42,0.39,0.35,0.89
Científico Investigador,54829,26,Doctorado,0.97,0.51,0.29,Bajo,0.55,0.7,0.19,0.65,0.88,0.14,0.13,0.3,0.16,0.11
Diseñador Gráfico,50720,28,Maestría,0.21,1.17,0.64,Medio,0.65,0.12,0.57,0.39,0.34,0.32,0.93,0.74,0.13,0.48
Maestro,99981,2,Bachillerato,0.43,1.17,0.09,Bajo,0.45,0.01,0.48,0.9,0.6,0.44,0.16,0.2,0.08,0.74
Conductor de Camión,104541,22,Maestría,0.38,1.25,0.88,Alto,0.58,0.57,0.09,0.17,0.53,0.35,0.02,0.8,0.65,0.33
Enfermero/a,30733,7,Licenciatura,0.89,0.69,0.19,Bajo,0.96,0.64,0.44,0.72,0.82,0.59,0.87,0.51,0.83,0.95
Especialista en RRHH,127760,27,Bachillerato,0.61,1.11,0.61,Medio,0.82,0.03,0.73,0.78,0.7,0.71,0.04,0.44,0.82,0.93
Conductor de Camión,56819,1,Doctorado,0.58,1.3,0.89,Alto,0.62,0.02,0.72,0.77,0.72,0.77,0.43,0.99,0.77,0.58
Soporte al Cliente,105954,27,Maestría,0.91,1.31,0.84,Alto,0.53,0.33,0.25,0.51,0.58,0.24,0.92,0.56,0.53,0.44
Científico Investigador,145386,21,Maestría,0.88,0.82,0.21,Bajo,0.61,0.58,0.53,0.18,0.28,0.52,0.79,0.43,0.2,0.09
Enfermero/a,101360,9,Bachillerato,0.42,0.63,0.22,Bajo,0.21,0.51,0.31,0.93,0.23,0.42,0.96,0.32,0.64,0.32
Obrero de Construcción,108349,1,Bachillerato,0.63,1.42,0.81,Alto,0.63,0.61,0.42,0.61,0.26,0.38,0.44,0.86,0.35,0.64
Conductor de Camión,137102,19,Maestría,0.25,1.15,0.89,Alto,0.46,0.34,0.91,0.14,0.72,0.69,0.69,0.94,0.73,0.3
Soporte al Cliente,97310,29,Doctorado,0.39,0.53,0.93,Alto,0.07,0.7,0.73,0.84,0.55,0.73,0.3,0.75,0.34,0.9
Soporte al Cliente,121111,6,Licenciatura,0.32,1.0,0.89,Alto,0.75,0.21,0.14,0.3,0.48,0.54,0.43,0.66,0.43,0.95
Científico Investigador,85983,11,Licenciatura,0.63,1.11,0.12,Bajo,0.41,0.37,0.17,0.48,0.39,0.18,0.45,0.42,0.13,0.13
Diseñador Gráfico,98407,13,Maestría,0.71,1.44,0.33,Medio,0.12,0.05,0.53,0.62,0.4,0.8,0.69,0.99,0.14,0.06
Gerente de Marketing,130641,19,Maestría,0.93,1.46,0.32,Medio,0.89,0.47,0.77,0.08,0.96,0.61,0.9,0.67,0.54,0.17
Investigador UX,56363,3,Licenciatura,0.47,1.37,0.35,Medio,1.0,0.88,0.39,0.25,0.92,0.12,0.35,0.08,0.95,0.62
Chef,56187,17,Licenciatura,0.56,0.6,0.53,Medio,0.81,0.54,0.87,0.8,0.28,0.63,0.01,0.4,0.24,0.94
Científico de Datos,133171,29,Licenciatura,0.65,1.23,0.61,Medio,0.74,0.29,0.69,0.55,0.6,0.0,0.26,0.93,0.29,0.44
Maestro,143968,21,Doctorado,0.61,1.37,0.2,Bajo,0.56,0.8,0.56,0.84,0.05,0.5,0.81,0.85,0.83,0.6
Ingeniero de IA,89376,8,Doctorado,0.18,0.67,0.06,Bajo,0.99,0.35,0.76,0.06,0.3,0.62,0.52,0.21,0.46,0.11
Especialista en RRHH,70305,22,Doctorado,0.1,1.14,0.36,Medio,0.55,0.13,0.4,0.35,0.76,0.64,0.94,0.92,0.72,0.77
Analista Financiero,47054,5,Doctorado,0.69,1.12,0.42,Medio,0.35,0.57,0.72,0.41,0.14,0.46,0.96,0.21,0.65,0.98
Mecánico,103080,17,Bachillerato,0.71,1.49,0.34,Medio,0.55,0.68,0.7,0.79,0.92,0.36,0.04,0.36,0.67,0.21
Investigador UX,55401,21,Licenciatura,0.21,0.5,0.36,Medio,0.59,0.39,0.72,0.67,0.8,0.87,0.82,0.45,0.31,0.5
Ingeniero de Software,41928,7,Licenciatura,0.31,1.04,0.34,Medio,0.23,0.75,0.18,0.14,0.29,0.37,0.33,0.37,0.14,0.17
Médico,140177,24,Licenciatura,0.4,0.84,0.25,Bajo,0.53,0.58,0.56,0.4,0.98,0.04,0.22,0.28,0.88,0.92
Diseñador Gráfico,47024,28,Doctorado,0.42,1.41,0.34,Medio,0.65,0.94,0.75,0.28,0.72,0.29,0.11,0.72,0.18,0.11
Maestro,39612,10,Maestría,0.19,1.0,0.3,Bajo,0.68,0.88,0.03,0.87,0.7,0.17,0.03,0.26,0.92,0.67
Conductor de Camión,51450,1,Bachillerato,0.45,1.44,0.82,Alto,0.2,0.15,0.99,0.33,0.16,0.01,0.29,0.89,0.53,0.63
Mecánico,149511,27,Maestría,0.51,1.34,0.43,Medio,0.98,0.08,0.72,0.66,0.19,0.39,0.31,0.09,0.58,0.99
Obrero de Construcción,106554,21,Bachillerato,0.55,0.54,0.73,Alto,0.51,0.99,0.88,0.34,0.54,0.55,0.69,0.69,0.79,0.02
Especialista en RRHH,97173,3,Bachillerato,0.07,0.98,0.67,Medio,0.49,0.06,0.23,0.58,0.09,0.42,0.33,0.82,0.11,0.68
Ingeniero de Software,44517,3,Licenciatura,0.59,0.71,0.54,Medio,0.67,0.07,0.82,0.86,0.06,0.6,0.59,0.01,0.34,0.97
Guardia de Seguridad,31321,22,Maestría,0.93,1.18,0.71,Alto,0.08,0.72,0.55,0.13,0.61,0.81,0.75,0.25,0.26,0.97
Ingeniero de IA,93001,25,Bachillerato,0.32,1.32,0.09,Bajo,0.2,0.18,0.09,0.85,0.58,0.26,0.85,0.8,0.1,0.64
Chef,35685,23,Licenciatura,0.72,1.22,0.37,Medio,0.32,0.84,0.9,0.28,0.02,0.86,0.38,0.33,0.35,0.42
Científico de Datos,35335,13,Bachillerato,0.57,0.58,0.69,Medio,0.94,0.93,0.88,0.66,0.22,0.05,0.1,0.32,0.5,0.99
Mecánico,110286,26,Licenciatura,0.52,1.2,0.37,Medio,0.93,0.53,0.28,0.94,0.63,0.48,0.58,0.75,0.15,0.86
Médico,45641,16,Doctorado,0.57,1.18,0.26,Bajo,0.37,0.99,0.68,0.42,0.68,0.52,0.11,0.8,0.56,0.8
Trabajador de Comercio,50242,5,Doctorado,0.54,1.27,0.95,Alto,0.88,0.86,0.25,0.84,0.17,0.2,0.11,0.86,0.11,0.14
Maestro,60166,19,Maestría,0.57,1.38,0.15,Bajo,0.55,0.17,0.27,0.13,0.41,0.59,0.28,0.85,0.98,0.12
Investigador UX,61232,15,Maestría,0.79,0.69,0.44,Medio,0.39,0.92,0.66,0.04,0.01,0.2,0.32,0.48,0.84,0.31
Diseñador Gráfico,78720,29,Doctorado,0.33,0.51,0.68,Medio,0.14,0.29,0.13,0.49,0.93,0.1,0.44,0.02,0.77,0.64
Obrero de Construcción,125110,4,Licenciatura,0.47,1.41,0.8,Alto,0.51,0.7,0.52,0.19,0.32,0.09,0.43,0.61,0.12,0.63
Gerente de Marketing,113128,7,Bachillerato,0.34,0.72,0.66,Medio,0.69,0.11,0.41,0.67,0.57,0.62,0.57,0.8,0.32,0.71
Maestro,120605,29,Doctorado,0.39,1.29,0.11,Bajo,0.28,0.93,0.03,0.22,0.48,0.4,0.63,0.19,0.07,0.37
Soporte al Cliente,39513,18,Licenciatura,0.56,1.1,0.84,Alto,0.25,0.76,0.09,0.2,0.74,0.28,0.49,0.33,0.51,0.35
Investigador UX,57177,0,Maestría,0.85,0.65,0.44,Medio,0.56,0.15,0.13,0.66,0.65,0.23,0.23,0.75,0.12,0.92
Gerente de Marketing,85572,8,Maestría,0.87,0.71,0.31,Medio,0.94,0.34,0.31,0.26,0.24,0.73,0.91,0.79,0.67,0.29
Mecánico,147849,12,Maestría,0.24,0.61,0.35,Medio,0.6,0.04,0.97,1.0,0.15,0.43,0.77,0.96,0.89,0.25
Enfermero/a,126080,1,Bachillerato,0.29,0.94,0.14,Bajo,0.77,0.26,0.86,0.23,0.36,0.45,0.29,0.77,0.41,0.89
Ingeniero de Software,144438,4,Bachillerato,0.86,1.02,0.5,Medio,0.22,0.59,0.95,0.08,0.75,0.87,0.99,0.33,0.36,0.23
Obrero de Construcción,34844,22,Doctorado,0.14,0.77,0.77,Alto,0.37,0.42,0.56,0.95,0.25,0.78,0.68,0.12,0.81,0.09
Guardia de Seguridad,47639,21,Licenciatura,0.68,1.05,0.87,Alto,0.64,0.78,0.24,0.43,0.15,0.43,0.7,0.69,0.71,0.31
Obrero de Construcción,86041,3,Maestría,0.37,1.44,0.79,Alto,0.6,0.75,0.91,0.44,0.36,0.43,0.32,0.65,0.93,0.13
Maestro,68575,2,Maestría,0.46,1.22,0.14,Bajo,0.55,0.03,0.46,0.24,0.52,0.53,0.75,0.54,0.61,0.53
Ingeniero de IA,120150,14,Bachillerato,0.76,1.13,0.18,Bajo,0.34,0.78,0.19,0.04,0.7,0.14,0.9,0.77,0.6,0.31
Conductor de Camión,42485,16,Bachillerato,0.48,0.79,0.94,Alto,0.16,0.75,0.8,0.95,0.55,0.53,0.92,0.8,0.76,0.79
Ingeniero de Software,103147,13,Maestría,0.04,0.7,0.56,Medio,0.4,0.61,0.55,0.44,0.23,0.72,0.91,0.77,0.12,0.54
Soporte al Cliente,66598,8,Doctorado,0.59,0.94,0.77,Alto,0.33,0.24,0.2,0.59,0.51,0.73,0.31,0.46,0.68,0.96
Trabajador de Comercio,132916,27,Doctorado,0.3,0.95,0.88,Alto,0.96,0.54,0.81,0.46,0.04,0.89,0.29,0.14,1.0,0.35
Conductor de Camión,41311,3,Doctorado,0.31,1.01,0.72,Alto,0.35,0.67,0.92,0.4,0.56,0.64,0.07,0.34,0.68,0.74
Gerente de Marketing,139940,6,Doctorado,0.01,0.51,0.52,Medio,0.55,0.56,0.72,0.92,0.99,0.7,0.51,0.14,0.38,0.57
Gerente de Marketing,124930,9,Bachillerato,0.13,1.29,0.7,Medio,0.81,0.77,0.26,0.0,0.23,0.79,0.11,0.3,0.56,0.58
Investigador UX,115639,9,Doctorado,0.98,0.51,0.5,Medio,0.5,0.29,0.53,0.67,0.67,0.09,0.8,0.93,0.12,0.42
Conductor de Camión,34123,16,Maestría,0.83,1.03,0.72,Alto,0.57,0.36,0.54,0.65,0.64,0.67,0.68,0.11,0.19,0.63
Analista Financiero,98384,13,Licenciatura,0.63,0.57,0.37,Medio,0.48,0.45,0.75,0.39,0.66,0.7,0.65,0.6,0.81,0.66
Diseñador Gráfico,102433,29,Maestría,0.64,0.66,0.42,Medio,0.33,0.09,0.69,0.6,0.59,0.48,0.54,0.01,0.1,0.68
Gerente de Marketing,127550,15,Licenciatura,0.11,0.83,0.4,Medio,0.03,0.41,0.03,0.0,0.79,0.31,0.57,0.3,0.93,0.73
Ingeniero de Software,76509,27,Maestría,0.26,1.08,0.52,Medio,0.27,0.69,0.89,0.04,0.42,0.59,0.59,0.02,0.21,0.06
Analista Financiero,141075,11,Bachillerato,0.65,0.66,0.43,Medio,0.33,0.82,0.19,0.55,0.78,0.83,0.67,0.3,0.82,0.74
Maestro,35853,18,Maestría,0.07,0.54,0.22,Bajo,0.94,0.77,0.83,0.54,0.3,0.68,0.71,0.68,0.95,0.37
Maestro,95311,28,Bachillerato,0.91,0.66,0.22,Bajo,0.87,0.31,0.83,0.33,0.79,0.07,0.66,0.68,0.49,0.69
Abogado,145672,28,Bachillerato,0.73,1.46,0.48,Medio,0.53,0.26,0.99,0.06,0.36,0.3,0.39,0.92,0.37,0.92
Analista Financiero,107045,5,Licenciatura,0.17,1.3,0.4,Medio,0.09,0.23,0.89,0.28,0.7,0.4,0.26,0.14,0.97,0.52
Abogado,68211,4,Doctorado,0.2,0.91,0.52,Medio,0.18,0.28,0.78,0.42,0.0,0.05,0.44,0.06,0.17,0.73
Especialista en RRHH,58454,29,Doctorado,0.52,0.63,0.35,Medio,0.05,0.85,0.95,0.12,0.21,0.09,0.88,0.96,0.26,0.3
Analista Financiero,97855,3,Maestría,0.19,0.5,0.34,Medio,0.62,0.04,0.43,0.5,0.91,0.47,0.14,0.29,0.67,0.11
Obrero de Construcción,127891,23,Doctorado,1.0,0.51,0.74,Alto,0.84,0.1,0.03,0.12,0.69,0.99,0.59,0.12,0.18,0.54
Investigador UX,120094,25,Doctorado,0.66,1.07,0.69,Medio,0.2,0.17,0.86,0.29,0.33,0.55,0.38,0.29,0.92,0.13
Obrero de Construcción,130621,21,Bachillerato,0.0,1.31,0.74,Alto,0.77,0.15,0.42,0.73,0.27,0.31,0.67,0.19,0.95,0.19
Mecánico,141579,13,Doctorado,0.8,0.87,0.36,Medio,0.17,0.99,0.73,0.45,0.26,0.02,0.67,0.96,0.11,0.75
Trabajador de Comercio,64907,10,Doctorado,0.79,0.87,0.88,Alto,0.93,0.62,0.92,0.24,0.98,0.87,0.11,0.41,0.93,0.08
Enfermero/a,147754,11,Licenciatura,0.72,0.53,0.24,Bajo,0.36,0.25,0.58,0.54,0.87,0.68,0.42,0.65,0.75,0.94
Enfermero/a,61937,1,Bachillerato,0.54,0.87,0.27,Bajo,0.79,0.08,0.7,0.54,0.1,0.56,0.19,0.71,0.28,0.15
Científico de Datos,41593,25,Licenciatura,0.49,0.7,0.64,Medio,0.0,0.84,0.52,0.92,0.2,0.1,0.62,0.71,0.37,0.01
Científico Investigador,75337,2,Maestría,0.23,0.85,0.18,Bajo,0.7,0.96,0.14,0.68,0.23,0.22,0.63,0.78,0.98,0.77
Mecánico,147553,19,Bachillerato,0.23,1.26,0.51,Medio,0.3,0.47,0.91,0.76,0.45,0.98,0.79,0.01,0.11,0.55
Investigador UX,69114,24,Maestría,0.81,1.4,0.4,Medio,0.76,0.54,0.39,0.79,0.56,0.64,0.06,0.59,0.3,0.49
Chef,142467,3,Maestría,0.61,0.65,0.35,Medio,0.19,0.82,0.03,0.73,0.06,0.59,0.77,0.23,0.2,0.29
Conductor de Camión,95410,0,Bachillerato,0.49,1.23,0.82,Alto,0.13,0.44,0.16,0.75,0.17,0.48,0.69,0.23,0.08,0.56
Enfermero/a,44802,16,Doctorado,0.59,1.25,0.13,Bajo,0.49,0.93,0.47,1.0,0.16,0.71,0.65,0.87,0.09,0.28
Gerente de Marketing,62611,3,Doctorado,0.93,0.93,0.66,Medio,0.29,0.13,0.3,0.6,0.85,0.39,0.91,0.24,0.69,0.74
Obrero de Construcción,58419,26,Doctorado,0.03,0.87,0.71,Alto,0.9,0.95,0.74,0.73,0.24,0.07,0.8,0.56,0.68,0.78
Analista Financiero,74852,28,Licenciatura,0.14,1.3,0.48,Medio,0.83,0.44,0.22,0.17,0.74,0.57,0.4,0.49,0.55,0.24
Investigador UX,125640,2,Bachillerato,0.29,0.89,0.5,Medio,0.17,0.39,0.39,0.29,1.0,0.07,0.64,0.17,0.84,0.91
Guardia de Seguridad,112654,15,Bachillerato,0.82,0.75,0.74,Alto,0.32,0.34,0.4,0.37,0.41,0.71,0.25,0.02,0.49,0.45
Soporte al Cliente,57476,5,Doctorado,0.13,1.01,0.76,Alto,0.88,0.17,0.02,0.45,0.99,0.63,0.35,0.02,0.48,0.21
Mecánico,109398,18,Doctorado,0.58,0.77,0.33,Medio,0.76,0.59,0.84,0.26,0.65,0.12,0.29,0.66,0.83,0.32
Conductor de Camión,139240,10,Doctorado,0.68,0.85,0.92,Alto,0.51,0.65,0.5,0.45,0.85,0.29,0.04,0.88,0.83,0.37
Científico de Datos,143089,15,Licenciatura,0.68,0.58,0.47,Medio,0.09,0.6,0.03,0.63,0.67,0.49,0.18,0.1,0.31,0.47
Científico de Datos,145632,18,Doctorado,0.0,1.21,0.59,Medio,0.44,0.34,0.84,0.78,0.98,0.37,0.91,0.09,0.41,0.47
Médico,104657,5,Maestría,0.63,0.67,0.27,Bajo,0.55,0.9,0.0,0.63,0.41,0.51,0.74,0.23,0.2,0.7
Analista Financiero,44835,8,Maestría,0.23,0.98,0.48,Medio,0.69,0.0,0.59,0.61,0.75,0.89,0.44,0.34,0.1,0.34
Ingeniero de Software,43830,6,Licenciatura,0.8,1.31,0.47,Medio,0.26,0.12,0.85,0.88,0.27,0.62,0.26,0.23,0.02,0.58
Obrero de Construcción,67293,25,Maestría,0.01,0.6,0.78,Alto,0.67,0.2,0.89,0.29,0.33,0.22,0.25,0.07,0.29,0.86
Ingeniero de IA,68690,13,Licenciatura,0.88,0.6,0.16,Bajo,0.23,0.72,0.97,0.82,0.04,0.32,0.03,0.04,0.08,0.28
Ingeniero de IA,45234,1,Maestría,0.4,0.9,0.24,Bajo,0.14,0.16,0.63,0.57,0.15,0.85,0.33,0.37,0.42,0.32
Analista Financiero,120052,3,Licenciatura,0.39,0.76,0.66,Medio,0.31,0.7,0.35,0.44,0.24,0.75,0.74,0.02,0.06,0.92
Científico de Datos,40270,19,Bachillerato,0.51,0.99,0.62,Medio,0.14,0.65,0.48,0.74,0.03,0.59,0.56,0.84,0.68,0.88
Diseñador Gráfico,52562,3,Doctorado,0.41,0.64,0.55,Medio,0.87,0.07,0.56,0.11,0.03,0.68,0.68,0.6,0.86,0.08
Analista Financiero,52065,27,Licenciatura,0.86,1.0,0.41,Medio,0.74,0.89,0.69,0.79,0.28,0.29,0.86,0.61,0.23,0.52
Abogado,66183,0,Bachillerato,0.22,1.15,0.32,Medio,0.3,0.67,0.15,0.22,0.88,0.67,0.5,0.21,0.34,0.57
Especialista en RRHH,67098,17,Maestría,0.48,0.91,0.49,Medio,0.11,0.11,0.96,0.98,0.43,0.79,0.66,0.12,0.3,0.31
Obrero de Construcción,74143,7,Bachillerato,0.58,1.42,0.9,Alto,0.86,0.89,0.8,0.33,0.22,0.57,0.69,0.39,0.85,0.96
Ingeniero de IA,149245,11,Maestría,0.21,1.3,0.16,Bajo,0.18,0.66,0.6,0.17,0.87,0.85,0.84,0.4,0.82,0.84
Guardia de Seguridad,112802,7,Licenciatura,0.96,0.88,0.75,Alto,0.29,0.49,0.81,0.72,0.79,0.38,0.25,0.02,0.63,0.8
Maestro,76611,8,Bachillerato,0.48,1.43,0.1,Bajo,0.51,0.21,0.19,0.95,0.82,0.01,0.27,0.21,0.15,0.7
Maestro,48609,0,Doctorado,0.45,0.69,0.12,Bajo,0.36,0.79,0.99,0.18,0.34,0.28,0.04,0.22,0.9,0.84
Analista Financiero,138629,15,Doctorado,0.37,0.81,0.36,Medio,0.62,0.56,0.43,0.86,0.62,0.26,0.37,0.15,0.59,0.59
Analista Financiero,53481,4,Licenciatura,0.2,0.7,0.35,Medio,0.61,0.69,0.7,0.53,0.95,0.88,0.96,0.39,0.88,0.76
Investigador UX,60412,17,Maestría,0.11,1.18,0.35,Medio,0.29,0.5,0.68,0.93,0.59,0.67,0.31,0.69,0.44,0.86
Maestro,137271,4,Doctorado,0.47,0.93,0.25,Bajo,0.95,0.33,0.48,0.71,0.9,0.49,0.11,0.37,0.55,0.42
Enfermero/a,37612,16,Bachillerato,0.04,1.19,0.3,Bajo,0.92,0.68,0.84,0.26,0.62,0.06,0.71,0.97,0.86,0.53
Investigador UX,87623,12,Bachillerato,0.94,0.72,0.62,Medio,0.27,0.88,0.1,0.18,0.72,0.17,0.16,0.56,0.83,0.27
Especialista en RRHH,84503,2,Licenciatura,0.81,1.08,0.56,Medio,0.04,0.37,0.26,0.15,0.39,0.35,0.73,0.6,0.91,0.15
Médico,140427,23,Doctorado,0.53,0.5,0.25,Bajo,0.51,0.49,0.36,0.37,0.43,0.02,0.08,0.51,0.15,0.78
Maestro,73281,15,Bachillerato,0.1,0.74,0.14,Bajo,0.04,0.14,0.32,0.31,0.8,0.84,0.19,0.12,0.63,0.8
Especialista en RRHH,66492,3,Bachillerato,0.01,0.91,0.59,Medio,0.83,0.06,0.68,0.29,0.07,0.49,0.16,0.74,0.74,0.84
Científico de Datos,52368,8,Doctorado,0.01,0.76,0.49,Medio,0.69,0.38,0.54,0.52,0.16,0.62,0.44,0.81,0.69,0.11
Guardia de Seguridad,113302,14,Maestría,0.7,0.59,0.9,Alto,0.22,0.5,0.94,0.57,0.42,0.01,0.13,0.58,0.49,0.36
Chef,80901,17,Maestría,0.77,0.62,0.58,Medio,0.91,0.18,0.84,0.12,0.57,0.34,0.47,0.3,0.26,0.74
Investigador UX,68197,23,Bachillerato,0.87,0.89,0.62,Medio,0.26,0.66,0.1,0.02,0.1,0.32,0.03,0.63,0.32,0.74
Maestro,101721,9,Maestría,0.22,0.91,0.15,Bajo,0.13,0.99,0.28,0.72,0.22,0.88,0.39,0.9,0.34,0.01
Mecánico,125101,12,Licenciatura,0.52,0.62,0.39,Medio,0.78,0.04,0.49,0.53,0.69,0.04,0.59,0.0,0.27,0.5
Guardia de Seguridad,143605,3,Maestría,0.13,0.67,0.87,Alto,0.37,0.62,1.0,0.99,0.35,0.5,0.9,0.09,0.45,0.38
Analista Financiero,124183,10,Doctorado,0.99,1.23,0.46,Medio,0.83,0.49,0.87,0.27,0.22,0.25,0.54,0.29,0.15,0.99
Maestro,81907,12,Maestría,0.64,1.39,0.28,Bajo,0.68,0.52,0.88,0.57,0.13,0.37,0.45,0.94,0.66,0.88
Ingeniero de Software,130231,29,Bachillerato,0.31,1.22,0.38,Medio,0.41,0.81,0.61,0.83,0.25,0.75,0.2,0.55,0.43,0.56
Conductor de Camión,50893,6,Doctorado,0.36,1.17,0.84,Alto,0.55,0.51,0.94,0.93,0.36,0.35,0.55,0.1,0.3,0.23
Científico Investigador,34273,13,Doctorado,0.64,0.88,0.09,Bajo,0.89,0.87,0.86,0.39,0.06,0.11,0.28,0.22,0.87,0.99
Científico Investigador,129941,0,Doctorado,0.73,1.09,0.24,Bajo,0.95,0.6,0.15,0.16,0.58,0.33,0.91,0.61,0.68,0.01
Conductor de Camión,65310,0,Bachillerato,0.43,1.21,0.8,Alto,0.98,0.67,0.66,0.92,1.0,0.2,0.81,0.16,0.46,0.1
Investigador UX,111301,15,Bachillerato,0.47,1.13,0.57,Medio,0.62,0.29,0.84,0.55,0.49,0.99,0.28,0.53,0.68,0.13
Diseñador Gráfico,125325,25,Doctorado,0.8,0.74,0.5,Medio,0.63,0.67,0.73,0.87,0.39,0.71,0.73,0.3,0.97,0.87
Soporte al Cliente,53070,20,Maestría,0.68,1.22,0.81,Alto,0.86,0.69,0.66,0.22,0.41,0.43,0.73,0.62,0.09,0.31
Maestro,137582,2,Bachillerato,0.74,1.24,0.17,Bajo,0.12,0.29,0.25,0.78,0.18,0.46,0.67,0.96,1.0,0.95
Ingeniero de Software,77851,13,Maestría,0.75,1.26,0.65,Medio,0.95,0.45,0.42,0.46,0.66,0.78,0.87,0.46,0.36,0.98
Especialista en RRHH,94690,17,Doctorado,0.22,1.22,0.37,Medio,0.4,0.29,0.17,0.58,0.37,0.46,0.2,0.77,0.31,0.34
Gerente de Marketing,106145,25,Bachillerato,0.43,0.96,0.51,Medio,0.97,0.9,0.61,0.04,0.61,0.09,0.71,0.39,0.84,0.94
Maestro,144256,4,Doctorado,0.46,1.09,0.1,Bajo,0.93,0.43,0.17,0.76,0.22,0.14,0.56,0.67,0.57,0.66
Enfermero/a,94322,12,Licenciatura,0.48,0.86,0.29,Bajo,0.05,0.3,0.94,0.98,0.82,0.08,0.56,0.4,0.81,0.06
Trabajador de Comercio,97504,3,Licenciatura,0.49,0.66,0.87,Alto,0.82,0.7,0.44,0.88,0.14,0.26,0.49,0.06,0.1,0.4
Diseñador Gráfico,64897,11,Maestría,0.91,0.97,0.36,Medio,0.18,0.38,0.21,0.08,0.67,0.58,0.29,0.78,0.78,0.49
Abogado,53425,18,Maestría,0.92,1.17,0.4,Medio,0.61,0.41,0.64,0.47,0.49,0.74,0.61,0.08,0.07,0.31
Abogado,69426,26,Doctorado,0.28,1.15,0.38,Medio,0.7,0.77,0.12,0.65,0.96,0.19,0.91,0.61,0.59,0.05
Abogado,69801,0,Licenciatura,0.48,1.22,0.62,Medio,0.52,0.26,0.14,0.16,0.87,0.12,0.38,0.33,0.87,0.48
Abogado,102904,1,Bachillerato,0.74,1.35,0.34,Medio,0.25,0.14,0.46,0.72,0.17,0.13,0.61,0.23,0.48,0.05
Soporte al Cliente,72020,6,Licenciatura,0.54,1.15,0.77,Alto,0.28,0.8,0.72,0.58,0.63,0.09,0.86,0.77,0.59,0.92
Abogado,59362,18,Maestría,0.27,0.8,0.65,Medio,0.65,0.8,0.29,1.0,0.14,0.96,0.9,0.55,0.59,0.78
Guardia de Seguridad,113366,20,Maestría,0.53,1.4,0.72,Alto,0.91,0.73,0.77,0.06,0.19,0.93,0.12,0.63,0.78,0.23
Ingeniero de IA,114142,21,Doctorado,0.62,1.35,0.11,Bajo,0.44,0.62,0.92,0.02,0.21,0.23,0.33,0.28,0.59,0.89
Gerente de Marketing,94197,3,Licenciatura,0.24,1.36,0.55,Medio,0.22,0.36,0.79,0.74,0.58,0.14,0.8,0.31,0.77,0.65
Analista Financiero,73518,2,Bachillerato,0.21,0.63,0.4,Medio,0.16,0.62,0.6,0.59,0.64,0.81,0.91,0.23,0.59,0.08
Mecánico,138460,20,Licenciatura,0.65,0.99,0.6,Medio,0.43,0.13,0.87,0.08,0.19,0.28,1.0,0.42,0.5,0.77
Gerente de Marketing,38628,18,Doctorado,0.49,1.47,0.62,Medio,0.4,0.38,0.93,0.68,0.62,0.76,0.56,0.16,0.32,0.56
Ingeniero de Software,72353,14,Maestría,0.44,1.26,0.37,Medio,0.06,0.84,0.62,0.18,0.81,0.66,0.33,0.38,0.16,0.84
Abogado,47054,19,Maestría,0.56,1.38,0.31,Medio,0.07,0.16,0.03,0.66,0.63,0.21,0.15,0.15,0.95,0.69
Científico de Datos,73489,2,Maestría,0.32,0.93,0.34,Medio,1.0,0.76,0.62,0.59,0.5,0.26,0.23,0.55,0.07,0.07
Trabajador de Comercio,127014,11,Maestría,0.92,1.41,0.7,Medio,0.11,0.58,0.85,0.95,0.86,0.68,0.2,0.07,0.05,0.61
Ingeniero de IA,138569,22,Maestría,0.74,1.21,0.07,Bajo,0.91,0.52,0.9,0.9,0.2,0.38,0.13,0.77,0.5,0.93
Guardia de Seguridad,134371,6,Licenciatura,0.69,1.49,0.87,Alto,0.07,0.59,0.18,0.03,0.33,0.27,0.79,0.37,0.73,0.02
Mecánico,77687,28,Licenciatura,0.03,0.72,0.45,Medio,0.61,0.99,0.35,0.06,0.19,0.9,0.7,0.79,0.12,0.13
Conductor de Camión,40128,23,Maestría,0.86,0.71,0.86,Alto,0.52,0.54,0.2,0.64,0.04,0.99,0.03,0.05,0.32,0.83
Científico Investigador,105505,12,Licenciatura,0.47,0.52,0.07,Bajo,0.61,0.19,0.69,0.79,0.85,0.13,0.46,0.95,0.77,0.12
Soporte al Cliente,37109,19,Bachillerato,0.05,1.21,0.91,Alto,0.7,0.64,0.25,0.49,0.72,0.19,0.48,0.12,0.53,0.57
Analista Financiero,97672,7,Licenciatura,0.47,1.09,0.7,Medio,0.62,0.75,0.19,0.53,0.01,0.03,0.32,0.47,0.58,0.89
Mecánico,149593,19,Bachillerato,0.3,1.24,0.52,Medio,0.78,0.41,0.09,0.62,0.56,0.95,0.16,0.66,0.47,0.38
Ingeniero de IA,81108,6,Maestría,0.48,0.9,0.17,Bajo,0.94,0.66,0.29,0.17,0.42,0.45,0.6,0.27,0.77,0.1
Diseñador Gráfico,77197,3,Licenciatura,0.83,1.39,0.61,Medio,0.58,0.57,0.47,0.23,0.38,0.99,0.15,0.54,0.87,0.45
Soporte al Cliente,113499,6,Maestría,0.17,0.93,0.94,Alto,0.09,0.59,0.92,0.95,0.85,0.86,0.65,0.22,0.73,0.98
Conductor de Camión,133462,6,Maestría,0.26,1.07,0.87,Alto,0.21,0.72,0.59,0.61,0.31,0.16,0.62,0.59,0.34,0.3
Especialista en RRHH,96393,13,Maestría,0.49,1.47,0.61,Medio,0.85,0.51,0.53,0.2,0.72,0.42,0.74,0.41,0.11,0.17
Obrero de Construcción,99226,11,Bachillerato,0.26,0.76,0.93,Alto,0.66,0.11,0.14,0.27,0.59,0.75,0.27,0.87,0.11,0.21
Obrero de Construcción,55483,1,Licenciatura,0.13,1.39,0.88,Alto,0.07,0.48,0.52,0.93,0.42,0.45,0.11,0.64,0.21,0.08
Investigador UX,35499,27,Maestría,0.27,0.64,0.58,Medio,0.82,0.06,0.11,0.09,0.05,0.66,0.59,0.66,0.51,0.82
Trabajador de Comercio,59737,15,Licenciatura,0.92,0.99,0.9,Alto,0.41,0.44,0.85,0.11,0.56,0.73,0.75,0.59,0.45,0.26
Trabajador de Comercio,40364,0,Maestría,0.37,1.3,0.71,Alto,0.23,0.35,0.67,0.32,0.04,0.17,0.26,0.18,0.2,0.77
Investigador UX,97954,20,Maestría,0.41,1.47,0.48,Medio,0.93,0.3,0.4,0.4,0.55,0.58,0.25,0.79,0.5,0.01
Soporte al Cliente,36534,24,Bachillerato,0.8,0.75,0.71,Alto,0.81,0.98,0.08,0.94,0.36,0.94,0.65,0.89,0.79,0.03
Científico Investigador,85012,4,Maestría,0.53,0.63,0.17,Bajo,0.95,0.29,0.49,0.38,0.63,0.19,0.26,0.86,0.81,0.79
Obrero de Construcción,94712,25,Bachillerato,0.46,1.23,0.8,Alto,0.1,0.39,0.16,0.39,0.3,0.6,0.36,0.71,0.51,0.92
Maestro,124580,12,Licenciatura,0.69,1.17,0.29,Bajo,0.37,0.31,0.17,0.27,0.5,0.84,0.28,0.16,0.27,0.1
Investigador UX,89151,8,Doctorado,0.08,0.86,0.5,Medio,0.43,0.28,0.29,0.63,0.72,0.58,0.98,0.94,0.1,0.26
Científico de Datos,100529,26,Licenciatura,0.03,1.09,0.68,Medio,0.68,0.09,0.75,0.38,0.92,0.29,0.47,0.75,0.26,0.18
Trabajador de Comercio,127054,27,Maestría,0.49,1.43,0.77,Alto,0.04,0.62,0.06,0.51,0.38,0.48,0.16,0.09,0.75,0.25
Ingeniero de IA,68899,11,Licenciatura,0.76,0.7,0.28,Bajo,0.16,0.8,0.42,0.18,0.94,0.96,0.51,0.47,0.9,0.6
Chef,102564,14,Bachillerato,0.43,1.34,0.64,Medio,0.94,0.29,0.68,0.07,0.73,0.56,0.25,0.65,0.14,0.33
Especialista en RRHH,47928,17,Bachillerato,0.78,0.81,0.32,Medio,0.18,0.61,0.02,0.79,0.9,0.5,0.71,0.46,0.31,0.16
Guardia de Seguridad,48560,21,Doctorado,0.93,1.39,0.93,Alto,0.97,0.17,0.15,0.43,0.69,0.44,0.89,0.72,0.63,0.07
Conductor de Camión,81290,20,Doctorado,0.43,1.48,0.78,Alto,0.63,0.99,0.26,0.17,0.55,0.55,0.92,0.03,0.41,0.31
Soporte al Cliente,63897,4,Bachillerato,0.03,1.33,0.79,Alto,0.25,0.58,0.7,0.81,0.35,0.81,0.46,0.1,0.85,0.55
Ingeniero de Software,124752,29,Doctorado,0.94,1.06,0.3,Bajo,0.87,0.28,0.5,0.2,0.3,0.69,0.43,0.63,0.82,0.34
Ingeniero de Software,78008,19,Licenciatura,0.78,1.22,0.52,Medio,0.38,0.41,0.43,0.35,0.7,0.13,0.97,0.78,0.3,0.04
Conductor de Camión,75018,16,Bachillerato,0.55,0.93,0.83,Alto,0.66,0.99,0.78,0.54,0.77,0.48,0.31,0.26,0.4,0.0
Médico,94407,11,Doctorado,0.13,1.46,0.07,Bajo,0.5,0.92,0.61,0.5,0.74,0.35,0.19,0.85,0.06,0.81
Ingeniero de IA,43096,26,Doctorado,0.63,0.98,0.3,Bajo,0.39,0.96,0.4,0.68,0.64,0.09,0.74,0.21,0.39,0.78
Científico Investigador,65504,14,Maestría,0.56,1.02,0.18,Bajo,0.82,0.99,0.63,0.38,0.22,0.2,0.86,0.99,0.7,0.96
Abogado,115692,16,Bachillerato,0.63,1.01,0.49,Medio,0.63,0.31,0.64,0.67,0.84,0.73,0.32,0.45,0.12,0.26
Conductor de Camión,72971,9,Bachillerato,0.1,1.07,0.8,Alto,0.03,0.43,0.28,0.07,0.29,0.29,0.36,0.37,0.43,0.09
Médico,75456,27,Maestría,0.88,1.49,0.14,Bajo,0.95,0.76,0.17,0.05,0.21,0.78,0.63,0.22,0.74,0.14
Gerente de Marketing,42929,12,Bachillerato,0.79,1.47,0.36,Medio,0.91,0.34,0.42,0.47,0.63,0.99,0.6,0.93,0.26,0.4
Especialista en RRHH,87735,6,Doctorado,0.32,1.48,0.59,Medio,0.48,0.75,0.47,0.02,0.54,0.63,0.98,0.04,0.51,0.1
Chef,69029,23,Bachillerato,0.61,0.73,0.6,Medio,0.51,0.22,0.49,0.0,0.86,0.01,0.01,0.61,0.97,0.86
Investigador UX,50387,18,Maestría,0.2,1.13,0.63,Medio,0.36,0.43,0.12,0.15,0.57,0.1,0.2,0.23,0.44,0.05
Soporte al Cliente,94918,29,Doctorado,0.93,0.52,0.86,Alto,0.84,0.31,0.13,0.04,0.64,0.55,0.23,0.83,0.74,0.28
Diseñador Gráfico,56154,26,Doctorado,0.24,1.18,0.35,Medio,0.69,0.24,0.57,0.17,0.73,0.06,0.17,0.18,0.04,0.75
Trabajador de Comercio,141634,0,Doctorado,0.78,1.36,0.7,Medio,0.12,0.56,0.98,0.66,0.37,0.15,0.15,0.36,0.71,0.03
Obrero de Construcción,50377,0,Doctorado,0.94,1.39,0.93,Alto,0.02,0.98,0.37,0.87,0.19,0.45,0.04,0.04,0.94,0.81
Abogado,74516,10,Bachillerato,0.53,1.25,0.44,Medio,0.76,0.49,0.64,0.96,0.47,0.42,0.91,0.9,0.99,0.55
Especialista en RRHH,129895,29,Bachillerato,0.24,0.53,0.59,Medio,0.23,0.61,0.92,0.95,0.0,0.32,0.84,0.54,0.81,0.85
Mecánico,41329,24,Licenciatura,0.33,0.72,0.68,Medio,0.31,0.34,0.9,0.14,0.58,0.78,0.27,0.84,0.77,0.49
Conductor de Camión,40013,21,Bachillerato,0.97,1.12,0.83,Alto,0.89,0.42,0.56,0.86,0.39,0.77,0.26,0.7,0.51,0.16
Analista Financiero,120777,5,Licenciatura,0.28,1.43,0.66,Medio,0.51,0.26,0.1,0.16,0.52,0.31,0.04,0.46,0.75,0.89
Diseñador Gráfico,107011,24,Maestría,0.72,0.86,0.5,Medio,0.73,0.73,0.42,0.54,0.92,0.63,0.64,0.78,0.12,0.52
Mecánico,116377,6,Doctorado,0.36,0.79,0.54,Medio,0.22,0.56,0.16,0.58,0.6,0.42,0.38,0.25,0.33,0.5
Ingeniero de Software,67630,25,Bachillerato,0.78,1.21,0.41,Medio,0.1,0.0,0.6,0.21,0.01,0.36,0.96,0.69,0.86,0.14
Médico,96360,15,Maestría,0.66,0.8,0.07,Bajo,0.37,0.4,0.27,0.22,0.36,0.64,0.95,0.7,0.78,0.31
Enfermero/a,103850,7,Maestría,0.29,0.9,0.22,Bajo,0.94,0.81,0.27,0.82,0.41,0.18,0.46,0.56,0.76,0.35
Ingeniero de IA,117133,23,Bachillerato,0.09,0.61,0.29,Bajo,0.95,0.97,0.3,0.19,0.98,0.99,0.08,0.75,0.29,0.91
Enfermero/a,125065,13,Maestría,0.89,0.5,0.18,Bajo,0.34,0.43,0.43,0.65,0.02,0.69,0.02,0.19,0.61,0.09
Guardia de Seguridad,147600,8,Maestría,0.19,0.92,0.82,Alto,0.5,0.52,0.22,0.52,0.48,0.21,0.99,0.87,0.89,0.69
Ingeniero de Software,96333,15,Maestría,0.82,0.54,0.5,Medio,0.4,0.21,0.38,0.98,0.72,0.3,0.61,0.25,0.61,0.9
Mecánico,126847,29,Bachillerato,0.73,0.95,0.51,Medio,0.7,0.81,0.66,0.98,0.82,0.78,0.85,0.28,0.43,0.56
Conductor de Camión,92244,20,Doctorado,0.85,0.53,0.75,Alto,0.88,0.06,0.23,0.35,0.75,0.56,0.95,0.23,0.87,0.28
Médico,93810,28,Bachillerato,0.5,0.57,0.15,Bajo,0.36,0.16,0.86,0.39,0.98,0.9,0.19,0.51,0.6,0.82
Ingeniero de IA,127211,12,Doctorado,0.62,0.54,0.17,Bajo,0.88,0.71,0.87,0.67,0.04,0.97,0.92,0.13,0.11,0.54
Mecánico,35455,12,Bachillerato,0.38,0.64,0.5,Medio,0.34,0.35,0.64,0.89,0.56,0.69,0.66,0.55,0.31,0.38
Trabajador de Comercio,37289,16,Maestría,0.95,1.38,0.73,Alto,0.06,0.87,0.61,0.3,0.56,0.22,0.95,0.83,0.96,0.19
Soporte al Cliente,81428,5,Maestría,0.56,0.82,0.82,Alto,0.94,0.69,0.36,1.0,0.35,0.81,0.78,0.72,0.67,0.11
Mecánico,123890,22,Maestría,0.16,1.1,0.4,Medio,0.17,0.56,0.84,0.38,0.08,0.62,0.77,0.3,0.69,0.08
Diseñador Gráfico,67422,2,Doctorado,0.47,1.28,0.44,Medio,0.45,0.63,0.62,0.52,0.33,0.67,0.84,0.15,0.34,0.67
Analista Financiero,62947,12,Licenciatura,0.22,0.72,0.35,Medio,0.65,0.75,0.68,0.92,0.15,0.32,0.34,0.23,0.14,0.49
Guardia de Seguridad,149554,3,Bachillerato,0.26,1.29,0.93,Alto,0.88,0.72,0.17,0.37,0.05,0.64,0.45,0.57,0.98,0.4
Ingeniero de IA,66497,8,Bachillerato,0.15,0.64,0.18,Bajo,0.75,0.56,0.87,0.32,0.6,0.66,0.28,0.4,0.59,0.02
Ingeniero de Software,91140,6,Maestría,0.11,0.55,0.39,Medio,0.5,0.33,0.44,0.08,0.23,0.1,0.23,0.7,0.58,0.33
Diseñador Gráfico,147342,14,Bachillerato,1.0,1.27,0.63,Medio,0.03,0.06,0.71,0.19,0.43,0.18,0.18,0.11,0.59,0.74
Científico Investigador,119647,23,Licenciatura,0.28,1.16,0.15,Bajo,0.7,0.76,0.03,0.38,0.73,0.38,0.01,0.34,0.87,0.95
Soporte al Cliente,31234,28,Bachillerato,0.31,0.97,0.76,Alto,0.17,0.49,0.74,0.22,0.91,0.17,0.56,0.78,0.21,0.3
Trabajador de Comercio,34677,0,Maestría,0.94,0.99,0.72,Alto,0.83,0.57,0.06,0.45,0.43,0.15,0.42,0.28,0.7,0.01
Científico de Datos,125288,8,Maestría,0.92,0.93,0.37,Medio,0.79,0.85,0.21,0.71,0.62,0.75,0.79,0.66,0.96,0.86
Guardia de Seguridad,77540,13,Doctorado,0.55,1.25,0.85,Alto,0.04,0.21,0.08,0.11,0.02,0.42,0.18,0.86,0.75,0.57
Mecánico,62953,29,Bachillerato,0.26,0.97,0.56,Medio,0.78,0.08,0.71,0.74,0.56,0.21,0.54,0.5,0.48,0.46
Trabajador de Comercio,99754,1,Maestría,0.18,0.6,0.76,Alto,0.26,0.25,0.21,0.74,0.82,0.33,0.31,0.84,0.62,0.29
Analista Financiero,114865,26,Bachillerato,0.34,1.09,0.7,Medio,0.3,0.93,0.32,0.54,0.46,0.78,0.06,0.63,0.76,0.47
Trabajador de Comercio,59904,9,Licenciatura,0.24,1.18,0.92,Alto,0.42,0.56,0.23,0.41,0.34,0.66,0.98,0.81,0.19,0.58
Chef,53473,25,Maestría,0.25,0.67,0.43,Medio,0.68,0.5,0.93,0.21,0.36,0.33,0.24,0.99,0.39,0.94
Obrero de Construcción,34564,0,Licenciatura,0.2,0.62,0.91,Alto,0.03,0.96,0.42,0.25,0.62,0.13,0.07,0.83,0.42,0.52
Especialista en RRHH,128259,26,Maestría,0.37,1.01,0.61,Medio,0.5,0.78,0.12,0.06,0.16,0.77,0.76,0.14,0.03,0.69
Diseñador Gráfico,144486,28,Maestría,0.75,0.7,0.53,Medio,0.76,0.26,0.53,0.31,0.23,0.97,0.91,0.45,0.14,0.73
Científico de Datos,136766,3,Maestría,0.17,0.88,0.51,Medio,0.1,0.57,0.02,0.89,0.92,0.73,0.47,0.25,0.74,0.93
Chef,139097,23,Licenciatura,0.47,0.82,0.44,Medio,0.41,0.95,0.26,0.49,0.95,0.48,0.86,0.06,0.95,0.19
Soporte al Cliente,97004,8,Licenciatura,0.18,0.94,0.78,Alto,0.43,0.25,0.97,0.31,0.65,0.14,0.82,0.54,0.98,0.42
Obrero de Construcción,87143,25,Licenciatura,0.35,1.24,0.86,Alto,0.78,0.07,0.58,0.93,0.11,0.09,0.72,0.32,0.66,0.55
Científico Investigador,86668,20,Licenciatura,0.89,1.18,0.12,Bajo,0.26,0.88,0.59,0.79,0.45,0.1,0.33,0.16,0.78,0.7
Chef,45027,5,Licenciatura,0.43,1.21,0.43,Medio,0.71,0.55,0.25,0.67,0.88,0.31,0.81,0.34,0.82,0.05
Gerente de Marketing,86546,8,Licenciatura,0.11,1.37,0.51,Medio,0.59,0.84,0.05,0.39,0.64,0.4,0.03,0.65,0.39,0.02
Chef,101621,7,Maestría,0.22,1.01,0.37,Medio,0.36,0.75,0.81,0.8,0.7,0.54,0.55,0.95,0.88,0.65
Diseñador Gráfico,114191,24,Doctorado,0.73,0.56,0.68,Medio,0.55,0.5,0.29,0.0,0.06,0.26,0.54,0.08,0.97,0.41
Maestro,41918,24,Bachillerato,0.53,0.56,0.26,Bajo,0.46,0.18,0.16,0.36,0.57,0.42,0.6,0.71,0.75,0.4
Soporte al Cliente,130213,10,Doctorado,0.14,1.01,0.72,Alto,0.24,0.58,0.74,0.1,0.21,0.99,0.34,0.28,0.09,0.69
Chef,88561,22,Maestría,0.16,1.13,0.51,Medio,0.56,0.99,0.03,0.91,0.84,0.42,0.88,0.65,0.89,0.59
Científico Investigador,132013,1,Bachillerato,0.58,0.68,0.09,Bajo,0.65,0.95,0.59,0.8,0.17,0.65,0.73,0.04,0.1,0.78
Guardia de Seguridad,67010,19,Licenciatura,0.41,1.42,0.95,Alto,0.76,0.79,0.21,0.19,0.98,0.7,0.69,0.29,0.89,0.04
Gerente de Marketing,131807,7,Maestría,0.18,1.21,0.59,Medio,0.53,0.01,0.87,0.96,0.2,0.84,0.97,0.33,0.19,0.98
Diseñador Gráfico,117563,2,Bachillerato,0.28,1.24,0.55,Medio,0.68,0.71,0.69,0.34,0.31,0.43,0.81,0.94,0.46,0.09
Enfermero/a,51798,0,Doctorado,0.08,0.66,0.27,Bajo,0.55,0.35,0.93,0.96,0.33,0.87,0.68,0.27,0.94,0.06
Científico de Datos,73701,25,Maestría,0.4,1.19,0.32,Medio,0.89,0.66,0.28,0.66,0.54,0.34,0.03,0.55,0.08,0.81
Diseñador Gráfico,135959,29,Bachillerato,0.43,0.93,0.52,Medio,0.04,0.2,0.2,0.6,0.26,0.14,0.02,0.84,0.97,0.7
Mecánico,129721,14,Maestría,0.12,0.98,0.48,Medio,0.42,0.38,0.5,0.07,0.04,0.06,0.2,0.28,0.17,0.25
Enfermero/a,98132,29,Bachillerato,0.15,0.79,0.15,Bajo,0.74,0.96,0.92,0.48,0.46,0.13,0.97,0.76,0.85,0.23
Especialista en RRHH,132945,5,Maestría,0.1,1.44,0.41,Medio,0.6,0.15,0.8,0.19,0.81,0.4,0.58,0.27,0.88,0.76
Diseñador Gráfico,141318,10,Bachillerato,0.59,0.63,0.36,Medio,0.53,0.64,0.56,0.56,0.74,0.9,0.39,0.54,0.89,0.46
Chef,114005,26,Doctorado,0.77,1.38,0.6,Medio,0.1,0.46,0.21,0.32,0.47,0.22,0.52,0.64,0.87,0.21
Científico de Datos,107974,6,Licenciatura,0.41,0.72,0.43,Medio,0.88,0.14,0.44,0.31,0.08,0.1,0.78,0.85,0.74,0.54
Maestro,96214,27,Maestría,0.15,1.28,0.16,Bajo,0.75,0.23,0.83,0.57,0.01,0.52,0.31,0.06,0.45,0.31
Científico Investigador,89876,10,Maestría,0.35,0.68,0.12,Bajo,0.12,0.08,0.91,0.9,0.83,0.23,0.73,0.59,0.05,0.9
Diseñador Gráfico,144947,14,Maestría,0.71,0.73,0.52,Medio,0.11,0.3,0.72,0.3,0.15,0.01,0.57,0.97,0.48,0.21
Gerente de Marketing,129590,18,Maestría,0.6,1.3,0.48,Medio,0.17,0.19,0.9,0.24,0.73,0.27,0.72,0.08,0.21,0.41
Ingeniero de IA,147129,29,Doctorado,0.35,1.07,0.13,Bajo,0.68,0.51,0.71,0.43,0.88,0.38,0.31,0.56,0.51,0.52
Enfermero/a,107417,7,Bachillerato,0.59,1.39,0.2,Bajo,0.02,0.87,0.84,0.05,0.13,0.56,0.04,0.41,0.98,0.17
Mecánico,75631,9,Licenciatura,0.68,0.54,0.63,Medio,0.2,0.53,0.25,0.66,0.59,0.95,0.45,0.87,0.58,0.91
Gerente de Marketing,85753,3,Bachillerato,0.55,0.89,0.33,Medio,0.57,0.79,0.56,0.28,0.26,0.24,0.98,0.4,0.32,0.42
Especialista en RRHH,91138,28,Licenciatura,0.2,1.01,0.62,Medio,0.88,0.87,0.94,0.13,0.04,0.11,0.6,0.56,0.67,0.37
Soporte al Cliente,106258,19,Doctorado,0.55,0.58,0.9,Alto,0.92,0.39,0.74,0.55,0.24,0.07,0.25,0.6,0.04,0.84
Enfermero/a,140514,10,Licenciatura,0.9,1.26,0.26,Bajo,0.6,0.89,0.5,0.99,0.1,0.81,0.64,0.58,0.73,0.84
Conductor de Camión,47762,5,Licenciatura,0.38,1.33,0.74,Alto,0.14,0.65,0.91,0.11,0.59,0.08,0.81,0.91,0.63,0.69
Científico de Datos,101060,4,Maestría,0.07,0.68,0.41,Medio,0.76,0.44,0.08,0.85,0.99,0.46,0.51,0.08,0.38,0.37
Ingeniero de Software,37361,7,Doctorado,0.66,1.28,0.35,Medio,0.42,0.19,0.86,0.15,0.44,0.05,0.63,0.48,0.5,0.1
Trabajador de Comercio,47736,22,Maestría,0.56,1.46,0.71,Alto,0.92,0.48,0.21,0.67,0.52,0.23,0.63,0.47,0.69,0.69
Diseñador Gráfico,57814,1,Doctorado,0.39,0.56,0.5,Medio,0.24,0.05,0.33,0.09,0.58,0.5,0.79,0.27,0.37,0.69
Ingeniero de Software,135636,22,Bachillerato,0.9,1.02,0.57,Medio,0.53,0.43,0.6,0.39,0.28,0.71,0.87,0.29,0.71,0.43
Abogado,124697,12,Licenciatura,0.62,1.44,0.44,Medio,0.76,0.31,0.8,0.76,0.77,1.0,0.14,0.39,0.63,0.59
Guardia de Seguridad,132887,9,Maestría,0.05,1.21,0.88,Alto,0.06,0.54,0.24,0.8,0.05,0.15,0.1,0.07,0.6,0.87
Diseñador Gráfico,104336,21,Maestría,0.21,0.84,0.44,Medio,0.45,0.42,0.67,0.34,0.66,0.55,0.05,0.92,0.18,0.45
Guardia de Seguridad,143398,11,Bachillerato,0.25,0.52,0.82,Alto,0.22,0.58,0.82,0.51,0.65,0.67,0.82,0.69,0.98,0.46
Diseñador Gráfico,143546,8,Maestría,0.39,1.34,0.35,Medio,0.74,0.54,0.9,0.73,0.66,0.89,0.91,0.38,0.93,0.05
Trabajador de Comercio,132676,23,Maestría,0.34,0.99,0.91,Alto,0.64,0.46,0.16,0.94,0.33,0.1,0.56,0.41,0.59,0.23
Mecánico,54569,29,Doctorado,0.38,0.67,0.61,Medio,0.99,0.28,0.92,0.13,0.95,0.75,0.35,0.3,0.64,0.59
Obrero de Construcción,124093,12,Licenciatura,0.77,1.04,0.93,Alto,0.59,0.85,0.84,0.92,0.07,0.58,0.47,0.49,0.46,0.84
Conductor de Camión,83638,15,Licenciatura,0.46,0.7,0.76,Alto,0.66,0.12,0.19,0.53,0.04,0.13,0.86,0.85,0.35,0.35
Ingeniero de IA,126765,21,Licenciatura,0.03,1.08,0.2,Bajo,0.79,0.95,0.36,0.44,0.67,0.97,0.89,0.67,0.86,0.09
Científico Investigador,121190,16,Bachillerato,0.01,0.68,0.21,Bajo,0.89,0.63,0.66,0.1,0.66,0.45,0.65,0.33,0.58,0.42
Maestro,84916,13,Bachillerato,0.15,0.9,0.14,Bajo,0.74,0.71,0.91,0.63,0.31,0.78,0.5,0.19,0.75,0.13
Conductor de Camión,125462,13,Licenciatura,0.76,1.27,0.9,Alto,0.29,0.87,0.72,0.83,0.71,0.58,0.11,0.71,0.69,0.31
Mecánico,74838,15,Maestría,0.55,1.06,0.45,Medio,0.12,0.22,0.77,0.27,0.0,1.0,0.21,0.66,0.93,0.6
Investigador UX,113253,10,Maestría,0.89,0.78,0.39,Medio,1.0,0.21,0.67,0.95,0.9,0.44,0.64,0.53,0.35,0.14
Chef,111546,6,Doctorado,0.09,1.11,0.54,Medio,0.33,0.14,0.8,0.46,0.73,0.02,0.07,0.18,0.11,0.19
Soporte al Cliente,140217,21,Bachillerato,0.05,0.54,0.71,Alto,0.7,0.54,0.37,0.68,0.55,0.01,0.84,0.35,0.4,0.78
Ingeniero de Software,107576,7,Bachillerato,0.01,1.41,0.5,Medio,0.35,0.82,0.03,0.2,0.16,0.74,0.31,0.77,0.04,0.61
Guardia de Seguridad,89849,19,Doctorado,0.19,1.32,0.8,Alto,0.57,0.03,0.79,0.29,0.69,0.76,0.12,0.3,0.72,0.23
Investigador UX,133970,23,Maestría,0.51,0.87,0.48,Medio,0.9,0.18,0.81,0.02,0.92,0.5,0.23,0.0,0.56,0.24
Analista Financiero,65340,11,Bachillerato,0.28,0.59,0.5,Medio,0.56,0.45,0.46,0.59,0.53,0.13,0.2,0.14,0.69,0.53
Obrero de Construcción,94605,27,Maestría,0.8,0.83,0.84,Alto,0.07,0.74,0.7,0.8,0.88,0.76,0.84,0.35,0.34,0.94
Diseñador Gráfico,132025,3,Licenciatura,0.55,0.87,0.65,Medio,0.32,0.15,0.64,0.04,0.38,0.81,0.3,0.93,0.96,0.82
Chef,42623,8,Doctorado,0.53,1.07,0.63,Medio,0.49,0.41,0.61,0.66,0.75,0.67,0.75,0.67,0.48,0.13
Maestro,82913,27,Licenciatura,0.77,0.86,0.12,Bajo,0.49,0.79,0.64,0.04,0.48,0.99,0.35,0.44,0.29,0.5
Abogado,39159,4,Maestría,0.25,1.21,0.36,Medio,0.93,0.31,0.58,0.32,0.48,0.9,0.07,0.86,0.56,0.67
Trabajador de Comercio,70294,16,Doctorado,0.76,0.63,0.94,Alto,0.8,0.49,0.92,0.17,0.99,0.72,0.1,0.54,0.71,0.61
Ingeniero de IA,110381,9,Licenciatura,0.35,0.84,0.26,Bajo,0.23,0.09,0.6,0.69,0.29,0.6,0.78,0.35,0.53,0.15
Conductor de Camión,142488,4,Doctorado,0.98,0.8,0.77,Alto,0.97,0.73,0.59,0.7,0.71,0.76,0.07,0.41,0.3,0.07
Investigador UX,35749,24,Bachillerato,0.62,0.68,0.42,Medio,0.64,0.58,0.87,0.79,0.97,0.6,0.7,0.86,0.84,0.72
Conductor de Camión,81833,12,Doctorado,0.27,1.38,0.89,Alto,0.84,0.14,0.31,0.42,0.84,0.89,0.28,0.69,0.08,0.41
Analista Financiero,52703,6,Maestría,0.77,1.39,0.43,Medio,0.53,0.65,0.33,0.99,0.88,0.3,0.51,0.23,0.51,0.68
Médico,76554,15,Bachillerato,0.87,1.09,0.3,Bajo,0.03,0.83,0.79,0.13,0.34,0.88,0.52,0.4,0.91,0.09
Obrero de Construcción,67648,25,Bachillerato,0.65,1.11,0.77,Alto,0.56,0.71,0.58,0.68,0.26,0.83,0.45,0.99,0.02,0.38
Trabajador de Comercio,135718,4,Licenciatura,0.56,0.74,0.88,Alto,0.88,0.21,0.16,0.88,0.36,0.43,0.22,0.43,0.23,0.67
Trabajador de Comercio,53876,18,Doctorado,0.58,0.72,0.77,Alto,0.77,0.79,0.49,0.15,0.06,0.27,0.73,0.6,0.72,0.47
Gerente de Marketing,56513,11,Doctorado,0.48,0.58,0.33,Medio,0.83,0.63,0.28,0.76,0.14,0.65,0.99,0.15,0.14,0.47
Abogado,125564,15,Maestría,0.03,1.0,0.33,Medio,0.24,0.71,0.74,0.73,0.07,0.79,0.43,0.48,0.42,0.86
Conductor de Camión,65253,22,Bachillerato,0.5,1.33,0.9,Alto,0.01,0.48,0.04,0.31,0.8,0.94,0.24,0.02,0.4,0.34
Ingeniero de Software,138482,23,Licenciatura,0.5,0.9,0.39,Medio,0.83,0.25,0.05,0.56,0.32,0.71,0.08,0.97,0.19,0.36
Médico,143169,0,Licenciatura,0.69,0.7,0.17,Bajo,0.21,0.02,0.48,0.42,0.43,0.21,0.95,0.0,0.89,0.74
Mecánico,89816,16,Maestría,0.47,1.49,0.56,Medio,0.13,0.46,0.47,0.8,0.92,0.08,0.31,0.3,1.0,0.56
Obrero de Construcción,71729,11,Licenciatura,0.43,1.22,0.77,Alto,0.91,0.46,0.8,0.26,0.69,0.41,0.03,0.41,0.55,0.15
Ingeniero de IA,90924,11,Doctorado,0.46,0.84,0.16,Bajo,0.46,0.14,0.18,0.85,0.16,0.67,0.42,0.97,0.07,0.83
Mecánico,135963,23,Doctorado,0.01,0.76,0.46,Medio,0.31,0.36,0.92,0.36,0.42,0.76,0.79,0.08,0.7,0.48
Gerente de Marketing,46294,4,Maestría,0.26,0.55,0.44,Medio,0.26,0.38,0.58,0.73,0.61,0.68,0.87,0.87,0.86,0.15
Ingeniero de Software,34383,24,Maestría,0.5,0.86,0.35,Medio,0.29,0.98,0.35,0.42,0.01,0.72,0.41,0.1,0.97,0.78
Médico,93742,18,Licenciatura,0.96,0.91,0.23,Bajo,0.21,0.7,0.01,0.13,0.43,0.01,0.46,0.52,0.62,0.1
Trabajador de Comercio,82210,8,Doctorado,0.61,1.16,0.71,Alto,0.54,0.78,0.07,0.41,0.33,0.91,0.19,0.32,0.9,0.33
Guardia de Seguridad,55281,25,Doctorado,0.91,0.79,0.91,Alto,0.44,0.72,0.11,0.54,0.96,0.67,0.82,0.26,0.8,0.35
Maestro,35143,10,Bachillerato,0.19,0.99,0.18,Bajo,0.62,0.87,0.3,0.98,0.85,0.4,0.23,0.07,0.23,0.88
Gerente de Marketing,67404,17,Maestría,0.14,0.52,0.42,Medio,0.22,0.1,0.95,0.27,0.01,0.94,0.58,0.08,0.03,0.11
Ingeniero de IA,83568,24,Doctorado,0.57,1.15,0.09,Bajo,0.49,0.96,0.84,0.72,0.52,0.39,0.45,0.76,0.55,0.76
Guardia de Seguridad,134534,1,Doctorado,0.64,1.1,0.8,Alto,0.2,0.37,0.52,0.03,0.48,0.86,0.98,0.86,0.17,0.16
Soporte al Cliente,37120,20,Bachillerato,0.23,1.18,0.72,Alto,0.44,0.28,0.6,0.8,0.92,0.96,0.35,0.86,0.59,0.69
Chef,140931,7,Maestría,0.13,1.45,0.52,Medio,0.34,0.34,0.75,0.68,0.73,0.25,0.17,0.72,0.3,0.22
Chef,68191,7,Bachillerato,0.15,0.93,0.4,Medio,0.89,0.69,0.74,0.4,0.6,0.5,0.17,0.05,0.68,0.12
Abogado,58453,1,Licenciatura,0.44,1.24,0.61,Medio,0.87,0.2,0.99,0.76,0.16,0.84,0.5,0.07,0.13,0.43
Investigador UX,114815,15,Doctorado,0.95,0.72,0.49,Medio,0.23,0.56,0.91,0.57,0.51,0.75,0.15,0.91,0.58,0.69
Especialista en RRHH,122562,18,Bachillerato,0.64,1.14,0.59,Medio,0.05,0.38,0.96,0.26,0.54,0.18,0.32,0.72,0.64,0.41
Soporte al Cliente,145427,7,Maestría,0.78,0.77,0.82,Alto,0.88,0.02,0.58,0.23,0.06,0.91,0.82,0.19,0.84,0.15
Soporte al Cliente,142113,11,Licenciatura,0.43,0.87,0.85,Alto,0.06,0.69,0.78,0.4,0.17,0.03,0.64,0.27,0.46,0.39
Conductor de Camión,111912,10,Doctorado,0.51,0.96,0.86,Alto,0.25,0.21,0.81,0.7,0.77,0.12,0.22,0.58,0.86,0.89
Trabajador de Comercio,33390,14,Licenciatura,0.04,1.32,0.92,Alto,0.06,0.42,0.54,0.23,0.52,0.89,0.87,0.94,0.48,0.41
Abogado,100174,20,Doctorado,0.42,0.54,0.59,Medio,0.28,0.05,0.02,0.93,0.25,0.45,0.95,0.47,0.08,0.55
Gerente de Marketing,42225,27,Doctorado,0.1,1.35,0.42,Medio,0.68,0.51,0.22,0.52,0.07,0.35,0.52,0.23,0.66,0.05
Conductor de Camión,62864,29,Maestría,0.71,0.93,0.92,Alto,0.63,0.96,0.28,0.94,0.61,0.75,0.9,0.55,0.86,0.54
Ingeniero de IA,102135,15,Maestría,0.45,0.65,0.19,Bajo,0.98,0.79,0.75,0.64,0.35,0.17,0.22,0.01,0.67,0.81
Médico,120061,26,Licenciatura,0.09,0.84,0.12,Bajo,0.45,0.26,0.34,0.91,0.33,0.79,0.63,0.34,0.82,0.6
Soporte al Cliente,84879,3,Bachillerato,0.07,1.25,0.81,Alto,0.41,0.15,0.16,0.8,0.83,0.56,0.3,0.93,0.62,0.8
Chef,105342,22,Licenciatura,0.45,1.37,0.44,Medio,0.73,0.66,0.15,0.77,0.11,0.73,0.99,0.96,0.8,0.53
Especialista en RRHH,115424,27,Doctorado,0.73,0.51,0.34,Medio,0.6,0.01,0.91,0.49,0.26,0.39,0.85,0.93,0.12,0.78
Guardia de Seguridad,75381,12,Licenciatura,0.87,1.39,0.84,Alto,0.07,0.48,0.21,0.44,0.72,0.67,0.78,0.48,0.51,0.94
Analista Financiero,112146,23,Doctorado,0.75,1.16,0.56,Medio,0.91,0.36,0.43,0.38,0.77,0.87,0.36,0.14,0.49,0.98
Gerente de Marketing,61973,11,Bachillerato,0.45,0.77,0.67,Medio,0.55,0.58,0.01,0.65,0.31,0.51,0.53,0.59,0.82,0.3
Ingeniero de Software,147442,16,Doctorado,0.8,1.22,0.39,Medio,0.0,0.67,0.16,0.96,0.6,0.85,0.81,0.56,0.44,0.5
Médico,73904,2,Licenciatura,0.64,0.71,0.2,Bajo,0.4,0.06,0.38,0.23,0.84,0.1,0.36,0.7,0.9,0.34
Investigador UX,131937,24,Licenciatura,0.37,0.7,0.43,Medio,0.64,0.72,0.37,0.15,0.14,0.81,0.65,0.73,0.49,0.46
Diseñador Gráfico,122928,23,Maestría,0.5,0.91,0.67,Medio,0.61,0.29,0.56,0.99,0.85,0.28,0.95,0.98,0.23,0.9
Analista Financiero,133120,25,Bachillerato,0.04,1.17,0.42,Medio,0.67,0.91,0.5,0.41,0.92,0.97,0.06,0.92,0.08,0.34
Científico de Datos,33796,5,Bachillerato,0.78,1.23,0.32,Medio,0.13,0.94,0.08,0.08,0.84,0.64,0.35,0.17,0.88,0.99
Abogado,92058,1,Doctorado,0.55,0.76,0.63,Medio,0.35,0.71,0.54,0.54,0.86,0.47,0.85,0.36,0.17,0.46
Diseñador Gráfico,46005,28,Licenciatura,0.48,1.31,0.53,Medio,0.89,0.51,0.22,0.13,0.87,0.06,0.12,0.06,0.42,0.53
Guardia de Seguridad,63445,14,Doctorado,0.52,0.89,0.89,Alto,0.83,0.68,0.47,0.22,0.85,0.34,0.36,0.92,0.98,0.9
Científico de Datos,50377,0,Maestría,0.87,1.2,0.42,Medio,0.95,0.88,0.24,0.49,0.07,0.95,0.57,0.25,0.29,0.98
Trabajador de Comercio,88851,0,Licenciatura,0.42,1.0,0.72,Alto,0.08,0.59,0.51,0.36,0.57,0.07,0.94,0.29,0.07,0.17
Ingeniero de IA,94127,13,Maestría,0.18,0.92,0.23,Bajo,0.27,0.44,0.93,0.3,0.79,0.16,0.18,0.46,0.23,0.9
Diseñador Gráfico,36703,11,Bachillerato,0.82,1.24,0.69,Medio,0.53,0.09,0.37,0.84,0.4,0.46,0.41,0.24,0.07,0.18
Científico Investigador,120027,21,Maestría,0.25,1.07,0.2,Bajo,0.57,0.08,0.67,0.38,0.88,0.53,0.08,0.01,0.7,0.4
Ingeniero de Software,36384,13,Doctorado,0.45,0.57,0.46,Medio,0.31,0.8,0.17,0.76,0.5,0.08,0.97,0.73,0.26,0.58
Chef,41460,29,Bachillerato,0.43,1.46,0.65,Medio,0.41,0.35,0.12,0.04,0.3,0.94,0.96,0.81,0.35,0.14
Ingeniero de Software,87803,1,Bachillerato,0.65,0.92,0.58,Medio,0.75,0.78,0.5,0.79,0.03,0.68,0.24,0.27,0.09,0.19
Médico,46482,1,Doctorado,0.42,1.43,0.09,Bajo,0.2,0.56,0.35,0.64,0.42,0.81,0.43,0.57,0.32,0.7
Soporte al Cliente,73307,20,Doctorado,0.4,0.78,0.85,Alto,0.94,0.13,0.8,0.54,0.53,0.96,0.61,0.83,0.51,0.25
Diseñador Gráfico,37505,27,Doctorado,0.92,1.34,0.38,Medio,0.32,0.52,0.57,0.19,0.23,0.76,0.73,0.84,0.93,0.31
Soporte al Cliente,57205,10,Doctorado,0.67,1.46,0.77,Alto,0.27,0.7,0.93,0.82,0.73,0.39,0.72,0.8,0.75,0.68
Investigador UX,82025,10,Doctorado,0.66,0.98,0.68,Medio,0.61,0.61,0.99,0.09,0.28,0.66,0.32,0.35,0.89,0.58
Abogado,121676,21,Maestría,0.31,0.58,0.52,Medio,0.17,0.86,0.58,0.06,0.3,0.62,0.34,0.51,0.91,0.35
Guardia de Seguridad,145614,28,Bachillerato,0.82,0.82,0.72,Alto,0.18,0.95,0.93,0.22,0.55,0.14,0.67,0.19,0.05,0.82
Trabajador de Comercio,124362,1,Bachillerato,0.11,1.33,0.89,Alto,0.68,0.91,0.49,0.13,0.06,0.32,0.09,0.54,0.01,0.44
Analista Financiero,133132,12,Licenciatura,0.37,1.18,0.44,Medio,0.34,0.99,0.72,0.51,0.58,0.62,0.02,0.08,0.65,0.36
Conductor de Camión,133601,9,Maestría,0.3,0.63,0.93,Alto,0.2,0.14,0.63,0.52,0.58,0.44,0.47,0.78,0.22,0.4
Analista Financiero,32894,3,Licenciatura,0.19,0.79,0.38,Medio,0.02,0.27,0.05,0.15,0.36,0.02,0.75,0.8,0.41,0.98
Científico de Datos,65714,11,Bachillerato,0.74,0.69,0.63,Medio,0.95,0.24,0.69,0.75,0.31,0.48,0.1,0.17,0.06,0.56
Gerente de Marketing,110560,25,Licenciatura,0.92,1.04,0.4,Medio,0.06,0.88,0.48,0.74,0.01,0.49,0.33,0.03,0.78,0.51
Enfermero/a,115236,23,Bachillerato,0.81,0.95,0.05,Bajo,0.94,0.26,0.83,0.82,0.16,0.47,0.04,0.35,0.73,0.24
Conductor de Camión,36276,16,Maestría,0.51,1.04,0.87,Alto,0.76,0.7,0.85,0.22,0.57,0.36,0.96,0.44,0.96,0.77
Diseñador Gráfico,111779,22,Licenciatura,0.49,0.94,0.51,Medio,0.29,0.9,0.79,0.8,0.43,0.07,0.68,0.37,0.87,0.78
Ingeniero de Software,44775,26,Bachillerato,0.6,1.19,0.53,Medio,0.51,0.23,0.24,0.77,0.02,0.78,0.53,0.94,1.0,0.66
Especialista en RRHH,140564,22,Licenciatura,0.48,0.7,0.34,Medio,0.58,0.81,0.26,0.42,0.55,0.91,0.14,0.24,0.92,0.04
Obrero de Construcción,108256,23,Maestría,0.64,0.88,0.82,Alto,0.85,0.16,0.23,0.51,0.41,0.57,0.92,0.92,0.23,0.3
Científico de Datos,117377,1,Licenciatura,0.93,0.9,0.48,Medio,0.8,0.51,0.12,0.44,0.63,0.72,0.65,0.12,0.3,0.73
Guardia de Seguridad,39479,19,Licenciatura,0.05,0.54,0.86,Alto,0.55,0.16,0.55,0.97,0.63,0.45,0.83,0.21,0.41,0.53
Obrero de Construcción,130003,19,Bachillerato,0.92,0.79,0.71,Alto,0.92,0.22,0.38,0.53,0.98,0.54,0.45,0.58,0.97,0.82
Ingeniero de Software,128039,17,Doctorado,0.8,1.34,0.58,Medio,0.66,0.44,0.64,0.74,0.12,0.26,0.19,0.84,0.68,0.45
Gerente de Marketing,55563,3,Licenciatura,0.72,1.41,0.33,Medio,0.51,0.71,0.21,0.33,0.42,0.79,0.49,0.49,0.43,0.23
Mecánico,57287,28,Maestría,0.32,1.07,0.36,Medio,0.43,0.9,1.0,0.36,0.15,0.31,0.33,0.64,0.5,0.77
Diseñador Gráfico,70103,5,Doctorado,0.25,1.28,0.64,Medio,0.6,0.93,0.78,0.6,0.91,0.6,0.52,0.36,0.88,0.12
Médico,126600,19,Maestría,0.54,1.05,0.21,Bajo,0.51,0.26,0.86,0.66,0.86,0.28,0.64,0.71,0.38,0.81
Analista Financiero,57217,16,Maestría,0.59,1.11,0.51,Medio,0.63,0.17,0.68,0.34,0.45,0.33,0.47,0.62,0.84,0.48
Científico de Datos,82216,22,Licenciatura,0.49,1.19,0.44,Medio,0.41,0.56,0.29,0.21,0.14,0.35,0.05,0.58,0.18,0.38
Maestro,147063,28,Bachillerato,0.63,1.35,0.21,Bajo,0.54,0.67,0.03,0.12,0.09,0.1,0.26,0.53,0.11,0.94
Chef,67631,21,Maestría,0.6,0.99,0.32,Medio,0.52,0.56,0.69,1.0,0.42,0.51,0.08,0.83,0.1,0.93
Obrero de Construcción,116425,27,Maestría,0.34,0.83,0.94,Alto,0.98,0.97,0.7,0.11,0.39,0.29,0.71,0.49,0.62,0.01
Gerente de Marketing,146598,16,Maestría,0.95,1.17,0.64,Medio,0.48,0.02,0.99,0.06,0.19,0.05,0.62,0.58,0.21,0.96
Científico de Datos,45597,28,Maestría,0.28,1.16,0.64,Medio,0.36,0.25,0.26,0.82,0.46,0.72,0.65,0.31,0.21,0.13
Ingeniero de Software,119643,4,Doctorado,0.08,0.76,0.59,Medio,0.15,0.52,0.25,0.51,0.75,0.27,0.35,0.72,0.55,0.09
Obrero de Construcción,56108,28,Bachillerato,0.28,0.89,0.76,Alto,0.54,0.71,0.8,0.92,0.36,0.93,0.62,0.39,0.89,0.58
Científico de Datos,40130,23,Doctorado,0.95,1.33,0.35,Medio,0.88,0.68,0.33,0.87,0.6,0.85,0.47,0.5,0.29,0.39
Enfermero/a,43077,5,Bachillerato,0.29,0.78,0.06,Bajo,0.12,0.52,0.58,0.82,0.06,0.36,0.2,0.36,0.35,0.35
Diseñador Gráfico,38957,12,Maestría,0.76,1.19,0.44,Medio,0.15,0.52,0.92,0.12,0.75,0.6,0.59,0.93,0.96,0.24
Especialista en RRHH,52989,20,Doctorado,0.62,0.91,0.57,Medio,0.96,0.52,0.94,0.64,0.48,0.64,0.6,0.42,0.56,0.7
Gerente de Marketing,70544,1,Doctorado,0.01,1.05,0.5,Medio,0.05,0.63,0.94,0.4,0.89,0.81,0.16,0.79,0.52,0.92
Obrero de Construcción,45580,4,Bachillerato,0.13,0.74,0.71,Alto,0.32,0.28,0.42,0.46,0.14,0.62,0.22,0.12,0.71,0.02
Investigador UX,110614,2,Maestría,0.14,1.38,0.63,Medio,0.06,0.55,0.3,0.19,0.31,0.82,0.06,0.65,0.91,0.45
Mecánico,135953,15,Bachillerato,0.91,1.11,0.48,Medio,0.74,0.92,0.68,0.21,0.82,0.95,0.41,0.7,0.52,0.11
Ingeniero de IA,111687,21,Bachillerato,0.16,1.17,0.2,Bajo,0.03,0.06,0.26,0.74,0.13,0.2,0.91,0.55,0.62,0.46
Especialista en RRHH,147426,15,Licenciatura,0.25,1.09,0.49,Medio,0.4,0.69,0.4,0.04,0.84,0.32,0.95,0.88,0.23,0.97
Científico de Datos,92778,13,Bachillerato,0.99,1.18,0.67,Medio,0.69,0.86,0.61,0.93,0.52,0.74,0.92,0.42,0.03,0.11
Enfermero/a,107863,15,Doctorado,0.87,0.98,0.29,Bajo,0.19,0.11,0.6,0.38,0.34,0.73,0.15,0.78,0.36,0.99
Especialista en RRHH,73622,14,Bachillerato,0.28,0.55,0.48,Medio,0.77,0.02,0.11,0.72,0.59,0.72,0.23,0.8,0.48,0.61
Obrero de Construcción,119565,9,Maestría,0.21,1.27,0.76,Alto,0.09,0.6,0.55,0.61,0.62,0.5,0.49,0.92,0.53,0.62
Abogado,36944,29,Maestría,0.87,0.52,0.52,Medio,0.38,0.6,0.36,0.72,0.02,0.41,0.83,0.25,0.05,0.5
Ingeniero de IA,36357,27,Licenciatura,0.06,0.57,0.2,Bajo,0.25,0.41,0.83,0.2,0.72,0.5,0.9,0.97,0.48,0.58
Guardia de Seguridad,130709,29,Licenciatura,0.32,0.73,0.94,Alto,0.43,0.0,0.84,0.6,0.17,0.03,0.29,0.93,0.93,0.31
Ingeniero de Software,133134,3,Bachillerato,0.44,1.15,0.43,Medio,0.52,0.29,0.06,0.14,0.29,0.98,0.97,0.83,0.23,0.44
Analista Financiero,135383,29,Maestría,0.39,0.54,0.51,Medio,0.07,0.8,0.69,0.35,0.65,0.23,0.27,0.31,0.8,0.21
Conductor de Camión,58212,13,Maestría,0.2,0.79,0.76,Alto,0.65,0.53,0.72,0.22,0.01,0.68,0.11,0.25,0.31,0.75
Gerente de Marketing,59210,25,Licenciatura,0.18,1.1,0.58,Medio,0.39,0.25,0.68,0.61,0.08,0.67,0.49,0.75,0.19,0.26
Mecánico,65630,6,Maestría,0.48,0.89,0.6,Medio,0.56,0.71,0.15,0.73,0.46,0.03,0.23,0.03,0.46,0.33
Especialista en RRHH,127942,20,Bachillerato,0.87,1.33,0.5,Medio,0.81,0.27,0.56,0.39,0.17,0.07,0.56,0.1,0.72,0.92
Diseñador Gráfico,147050,16,Bachillerato,0.47,1.24,0.41,Medio,0.92,0.89,0.1,0.03,0.98,0.96,0.42,0.05,0.62,0.29
Ingeniero de Software,100655,3,Licenciatura,0.79,1.15,0.41,Medio,0.7,0.29,0.04,0.51,0.49,0.76,0.87,0.35,0.45,0.47
Ingeniero de Software,52901,8,Maestría,0.74,1.02,0.67,Medio,0.65,0.21,0.16,0.37,0.35,0.41,0.18,0.98,0.15,0.65
Gerente de Marketing,63144,24,Doctorado,0.41,0.81,0.45,Medio,0.5,0.6,0.58,0.63,0.84,0.89,0.74,0.08,0.96,0.95
Ingeniero de Software,44410,7,Licenciatura,0.54,1.15,0.51,Medio,0.69,0.49,0.53,0.94,0.39,0.76,0.33,0.33,0.93,0.7
Mecánico,43785,27,Maestría,0.99,0.5,0.69,Medio,0.1,0.07,0.77,0.35,0.92,0.54,0.39,0.07,0.46,0.28
Guardia de Seguridad,90037,11,Licenciatura,0.67,1.48,0.79,Alto,0.3,0.09,0.22,0.28,0.34,0.63,0.11,0.06,0.93,0.8
Abogado,132424,5,Doctorado,0.64,1.09,0.6,Medio,0.86,0.36,0.66,0.8,0.7,0.92,0.49,0.8,0.91,0.56
Trabajador de Comercio,118400,12,Bachillerato,0.82,1.35,0.8,Alto,0.23,0.98,0.55,0.52,0.95,0.41,0.85,0.7,0.97,0.43
Científico Investigador,41151,22,Bachillerato,0.57,0.98,0.13,Bajo,0.55,0.57,0.9,0.7,0.83,0.77,0.28,0.21,0.26,0.15
Mecánico,56257,4,Licenciatura,0.65,1.04,0.57,Medio,0.36,0.21,0.2,0.6,0.16,0.4,0.21,0.66,0.62,0.38
Enfermero/a,136933,16,Licenciatura,0.21,0.97,0.29,Bajo,0.27,0.19,0.22,0.71,0.91,0.08,0.75,0.49,0.83,0.42
Abogado,50705,29,Doctorado,0.37,1.32,0.65,Medio,0.14,0.54,0.68,0.08,0.93,0.52,0.65,0.18,0.26,0.12
Diseñador Gráfico,123064,9,Doctorado,0.49,1.33,0.51,Medio,0.24,0.04,0.62,0.42,0.98,0.78,0.81,0.01,0.78,0.19
Abogado,77089,24,Licenciatura,0.45,1.07,0.35,Medio,0.46,0.04,0.04,0.66,0.95,0.78,0.47,0.06,0.05,0.16
Analista Financiero,76978,7,Bachillerato,0.4,1.34,0.58,Medio,0.61,0.95,0.23,0.45,0.86,0.55,0.25,0.21,0.75,0.01
Diseñador Gráfico,62235,5,Licenciatura,0.02,1.13,0.54,Medio,0.58,0.47,0.85,0.66,0.78,0.12,0.05,0.03,0.15,0.67
Médico,43739,17,Doctorado,0.75,0.69,0.14,Bajo,0.89,0.94,0.92,0.82,0.69,0.91,0.71,0.95,0.02,0.92
Diseñador Gráfico,96321,2,Licenciatura,0.11,0.71,0.64,Medio,0.51,0.98,0.12,0.41,0.33,0.52,0.63,0.66,0.0,0.09
Ingeniero de Software,94314,10,Licenciatura,0.06,0.92,0.38,Medio,0.79,0.58,0.36,0.29,0.56,0.43,0.06,0.67,0.5,0.28
Conductor de Camión,72229,12,Bachillerato,0.38,1.47,0.88,Alto,0.69,0.23,0.56,0.36,0.24,0.9,0.38,0.28,0.93,0.2
Chef,121842,3,Maestría,0.65,1.42,0.63,Medio,0.71,0.31,0.5,0.94,0.02,0.79,0.25,0.19,0.23,0.06
Guardia de Seguridad,55564,25,Bachillerato,0.87,1.02,0.88,Alto,0.56,0.81,0.84,0.23,0.46,0.63,0.98,0.68,0.9,0.85
Abogado,35555,4,Licenciatura,0.89,0.88,0.45,Medio,0.78,0.13,0.31,0.61,0.42,0.94,0.96,0.5,0.54,0.72
Diseñador Gráfico,116134,9,Doctorado,0.19,1.25,0.6,Medio,0.24,0.83,0.61,0.24,0.65,0.23,0.27,0.85,0.93,0.26
Guardia de Seguridad,79326,16,Doctorado,0.24,0.62,0.71,Alto,0.24,0.39,0.93,0.24,0.37,0.73,0.3,0.68,0.43,0.2
Analista Financiero,114141,22,Maestría,0.03,0.79,0.44,Medio,0.46,0.68,0.46,0.59,0.6,0.37,0.93,0.96,0.58,0.07
Chef,65120,7,Licenciatura,0.18,0.98,0.38,Medio,0.7,0.08,0.95,0.2,0.66,0.92,0.25,0.93,0.39,0.96
Ingeniero de IA,115317,0,Maestría,0.19,1.33,0.1,Bajo,0.23,0.08,0.16,0.63,0.45,0.79,0.33,0.97,0.05,0.06
Médico,115564,7,Doctorado,0.89,1.3,0.17,Bajo,0.27,0.01,0.51,0.48,0.34,0.58,0.73,0.7,0.26,0.59
Investigador UX,35504,14,Licenciatura,0.12,1.29,0.58,Medio,0.77,0.15,0.91,0.13,0.87,0.35,0.11,0.29,0.18,0.49
Abogado,63489,20,Doctorado,0.33,1.11,0.66,Medio,0.63,0.36,0.99,0.19,0.52,0.8,0.0,0.7,0.27,0.17
Maestro,135390,18,Doctorado,0.97,1.39,0.1,Bajo,0.12,0.36,0.59,0.87,0.97,0.75,0.6,0.14,0.07,0.6
Maestro,36902,13,Maestría,0.85,0.82,0.06,Bajo,0.42,0.97,0.8,0.03,0.87,0.47,0.36,0.35,0.6,0.53
Conductor de Camión,77373,29,Bachillerato,0.57,0.64,0.76,Alto,0.84,0.66,0.45,0.18,0.01,0.31,0.05,0.48,0.82,0.29
Maestro,57309,16,Doctorado,0.7,0.63,0.21,Bajo,0.15,0.65,0.14,0.39,0.57,0.05,0.15,0.32,0.46,0.86
Ingeniero de IA,104010,16,Maestría,0.35,0.98,0.12,Bajo,0.63,0.26,0.77,0.51,0.09,0.63,0.57,0.34,0.01,0.2
Científico de Datos,68011,25,Maestría,0.2,1.08,0.58,Medio,0.86,0.65,0.69,0.61,0.99,0.26,0.27,0.13,0.49,0.1
Chef,51460,8,Bachillerato,0.48,1.46,0.69,Medio,0.74,0.39,0.87,0.88,0.91,0.64,0.2,0.09,0.91,0.06
Diseñador Gráfico,125076,26,Bachillerato,0.49,0.52,0.66,Medio,0.29,0.03,0.99,0.31,0.88,0.45,0.66,0.24,0.5,0.26
Soporte al Cliente,45281,15,Bachillerato,0.06,0.77,0.92,Alto,0.48,0.6,0.65,0.07,0.02,0.94,0.27,0.38,0.68,0.24
Soporte al Cliente,67038,21,Doctorado,0.46,1.36,0.77,Alto,0.2,0.83,0.33,0.41,0.79,0.64,0.44,0.25,0.76,0.18
Obrero de Construcción,143472,12,Licenciatura,0.15,1.3,0.81,Alto,0.19,0.4,0.22,0.14,0.24,0.87,0.11,0.97,0.0,0.66
Ingeniero de Software,54192,5,Bachillerato,0.93,0.64,0.58,Medio,0.11,0.35,0.73,0.35,0.31,0.12,0.07,0.12,0.88,0.01
Ingeniero de Software,138614,29,Maestría,0.77,1.07,0.59,Medio,0.65,0.46,0.38,0.94,0.97,0.65,0.2,0.45,0.5,0.76
Mecánico,124500,27,Maestría,0.51,1.18,0.31,Medio,0.78,0.21,0.66,0.11,0.11,0.04,0.91,0.6,0.36,0.79
Ingeniero de IA,90486,8,Maestría,0.62,0.99,0.05,Bajo,0.26,0.11,0.66,0.25,0.45,0.35,0.14,0.96,0.93,0.08
Trabajador de Comercio,44142,17,Maestría,0.49,1.27,0.74,Alto,0.13,0.89,0.9,0.47,0.87,0.67,0.19,0.33,0.14,0.77
Conductor de Camión,121168,18,Doctorado,0.55,1.16,0.89,Alto,0.22,0.34,0.41,0.59,0.85,0.25,0.47,0.75,0.09,0.51
Ingeniero de Software,34461,24,Maestría,0.54,1.27,0.39,Medio,0.85,0.33,0.19,0.47,0.88,0.07,0.33,0.65,0.36,0.07
Chef,41591,8,Doctorado,0.59,1.39,0.5,Medio,0.59,0.53,0.28,0.64,0.51,0.23,0.9,0.95,0.06,0.62
Médico,58465,0,Bachillerato,0.53,0.87,0.17,Bajo,0.32,0.12,0.3,0.67,0.05,0.38,0.04,0.36,0.09,0.34
Abogado,89973,1,Bachillerato,0.61,1.18,0.5,Medio,0.92,0.54,0.1,0.93,0.13,1.0,0.44,0.07,0.86,0.09
Soporte al Cliente,134615,19,Maestría,0.42,1.18,0.73,Alto,0.62,0.78,0.12,0.65,0.96,0.97,0.16,0.76,0.85,0.89
Guardia de Seguridad,81469,14,Maestría,0.27,0.55,0.8,Alto,0.12,0.79,0.14,0.82,0.11,0.48,0.38,0.6,0.52,0.6
Gerente de Marketing,105764,13,Maestría,0.13,1.02,0.39,Medio,0.08,0.22,0.78,0.54,0.19,0.02,0.36,0.36,0.74,0.92
Especialista en RRHH,50543,14,Maestría,0.69,1.13,0.47,Medio,0.07,0.47,0.35,0.55,0.13,0.72,0.79,0.39,0.18,0.62
Abogado,36086,22,Doctorado,0.7,0.62,0.46,Medio,0.92,0.63,0.15,0.72,0.35,0.49,0.42,0.73,0.22,0.39
Enfermero/a,65906,18,Licenciatura,0.7,0.7,0.14,Bajo,0.01,0.53,0.28,0.01,0.42,0.93,0.92,0.37,0.45,0.24
Conductor de Camión,70527,20,Licenciatura,0.69,1.3,0.92,Alto,0.94,0.92,0.03,0.98,0.38,0.89,0.44,0.42,0.01,0.05
Chef,91894,22,Doctorado,0.94,0.72,0.34,Medio,0.21,0.21,0.29,0.09,0.24,0.92,0.89,0.32,1.0,0.3
Gerente de Marketing,78145,11,Licenciatura,0.91,1.23,0.69,Medio,0.89,0.22,0.76,0.05,0.82,0.6,0.96,0.96,0.05,0.16
Ingeniero de Software,95056,9,Licenciatura,0.88,1.31,0.69,Medio,0.62,0.26,0.03,0.22,0.68,0.93,0.32,0.88,0.39,0.31
Guardia de Seguridad,135949,14,Licenciatura,0.44,1.41,0.82,Alto,0.28,0.84,1.0,0.65,0.25,0.24,0.06,0.08,0.91,0.1
Soporte al Cliente,78793,17,Doctorado,0.14,1.44,0.9,Alto,0.68,0.41,0.91,0.53,0.37,0.59,0.23,0.27,0.92,0.79
Investigador UX,81380,26,Bachillerato,0.42,1.31,0.53,Medio,0.42,0.52,0.23,0.2,0.99,0.97,0.42,0.52,0.83,0.73
Guardia de Seguridad,33827,10,Bachillerato,0.37,0.75,0.95,Alto,0.75,0.05,0.9,0.93,0.33,0.64,0.68,0.73,0.69,0.56
Abogado,103038,28,Bachillerato,0.51,0.61,0.33,Medio,0.02,0.43,0.27,0.9,0.87,0.84,0.87,0.3,0.43,0.31
Chef,122276,7,Doctorado,0.92,1.12,0.35,Medio,0.21,0.45,0.05,0.27,0.7,0.92,0.93,0.52,0.31,0.92
Conductor de Camión,89309,28,Licenciatura,0.59,1.33,0.81,Alto,0.11,0.94,0.53,0.7,0.39,0.14,0.27,0.04,0.09,0.2
Analista Financiero,57891,27,Bachillerato,0.99,1.34,0.33,Medio,0.84,0.54,0.66,0.13,0.4,0.88,0.43,0.13,0.31,0.22
Médico,61766,29,Licenciatura,0.91,1.23,0.26,Bajo,0.81,0.01,0.12,0.42,0.11,0.73,0.07,0.42,0.39,0.54
Gerente de Marketing,87657,18,Maestría,0.95,0.77,0.57,Medio,0.04,0.0,0.03,0.45,0.56,0.01,0.4,0.04,0.65,0.63
Obrero de Construcción,48476,6,Bachillerato,0.55,1.12,0.77,Alto,0.09,0.74,0.61,0.94,0.99,0.85,0.99,0.65,0.09,0.09
Trabajador de Comercio,121860,21,Doctorado,0.24,0.56,0.82,Alto,0.31,0.59,0.6,0.68,0.58,0.38,0.02,0.91,0.33,0.51
Científico de Datos,125798,4,Licenciatura,0.31,0.81,0.4,Medio,0.24,0.03,0.96,0.6,0.11,0.59,0.23,0.31,0.8,0.89
Analista Financiero,138695,23,Maestría,0.93,1.41,0.52,Medio,0.91,0.54,0.1,0.83,0.13,0.32,0.38,0.81,0.08,0.44
Científico Investigador,69802,9,Licenciatura,0.58,0.85,0.19,Bajo,0.99,0.07,0.87,0.31,0.47,0.74,0.91,0.01,0.66,0.07
Especialista en RRHH,86832,18,Maestría,0.6,0.77,0.38,Medio,0.27,0.62,0.15,0.72,0.42,0.35,0.81,0.51,0.38,0.88
Especialista en RRHH,143959,27,Doctorado,0.86,1.0,0.38,Medio,0.61,0.29,0.15,0.09,0.24,0.74,0.84,0.86,0.27,0.66
Obrero de Construcción,61709,22,Bachillerato,0.62,1.39,0.71,Alto,0.99,0.83,0.76,0.69,0.77,0.99,0.77,0.35,0.61,0.34
Científico de Datos,43669,12,Licenciatura,0.9,1.07,0.61,Medio,0.91,0.24,0.58,0.48,0.77,0.38,0.71,0.4,0.11,0.11
Gerente de Marketing,61142,18,Licenciatura,0.03,1.03,0.57,Medio,0.13,0.61,0.6,0.15,0.4,0.76,0.02,0.15,1.0,0.73
Conductor de Camión,111396,9,Licenciatura,0.63,1.35,0.91,Alto,0.32,0.49,0.64,0.07,0.95,0.43,0.37,0.91,0.12,0.04
Ingeniero de Software,50852,24,Doctorado,0.65,0.67,0.31,Medio,0.91,0.3,0.47,0.09,0.38,0.42,0.9,0.87,0.19,0.56
Mecánico,99191,17,Maestría,0.29,0.89,0.69,Medio,0.76,0.44,0.53,0.63,0.5,0.41,0.36,0.17,0.97,0.09
Ingeniero de Software,69537,25,Maestría,0.96,0.87,0.4,Medio,0.96,0.8,0.66,0.61,0.36,0.64,0.73,0.03,0.12,0.32
Conductor de Camión,65629,3,Maestría,0.9,1.18,0.79,Alto,0.81,0.32,0.99,0.78,0.81,0.26,0.15,0.39,0.33,0.77
Ingeniero de Software,39597,29,Maestría,0.53,1.13,0.45,Medio,0.2,0.9,0.14,0.3,0.76,0.61,0.73,0.81,0.9,0.3
Soporte al Cliente,34096,4,Maestría,0.64,0.83,0.76,Alto,0.21,0.4,0.19,0.14,0.36,0.61,0.15,0.04,0.03,0.27
Conductor de Camión,63434,27,Maestría,0.54,0.96,0.78,Alto,0.83,0.5,0.09,0.3,0.97,0.98,0.25,0.17,0.5,0.48
Investigador UX,81358,29,Licenciatura,0.53,0.73,0.35,Medio,0.57,0.93,0.14,0.7,0.44,0.29,0.85,0.46,0.58,0.44
Gerente de Marketing,80626,29,Maestría,0.59,0.92,0.33,Medio,0.6,0.01,0.21,0.78,0.04,0.65,0.95,0.17,0.42,0.58
Trabajador de Comercio,59638,22,Doctorado,0.62,0.9,0.74,Alto,0.09,0.74,0.24,0.85,0.74,0.05,0.2,0.29,0.59,0.81
Especialista en RRHH,30030,9,Licenciatura,0.25,0.88,0.37,Medio,0.55,0.48,0.32,0.52,0.36,0.34,0.27,0.54,0.44,0.2
Investigador UX,145156,27,Licenciatura,0.15,0.54,0.47,Medio,0.23,0.42,0.33,0.54,0.72,0.48,0.06,0.02,0.21,0.42
Ingeniero de IA,88717,7,Maestría,0.33,1.39,0.07,Bajo,0.95,0.86,0.83,0.86,0.08,0.15,0.13,0.11,0.33,0.83
Obrero de Construcción,68746,1,Doctorado,0.24,1.18,0.72,Alto,0.36,0.3,0.85,0.51,0.65,0.13,0.93,0.32,0.71,0.95
Investigador UX,83207,3,Maestría,0.51,0.62,0.46,Medio,0.85,0.14,0.92,0.67,0.42,0.55,0.15,0.22,0.29,0.38
Maestro,138109,18,Maestría,0.37,1.02,0.09,Bajo,0.74,0.56,0.44,0.95,0.89,0.66,0.92,0.56,0.83,0.41
Científico Investigador,86834,15,Doctorado,0.99,0.67,0.11,Bajo,0.16,0.34,0.29,0.6,1.0,0.05,0.78,0.13,0.02,0.64
Gerente de Marketing,133988,7,Maestría,0.18,0.84,0.37,Medio,0.91,0.27,0.44,0.89,0.55,0.93,0.93,0.46,0.58,0.23
Guardia de Seguridad,145064,2,Bachillerato,0.28,1.28,0.78,Alto,0.31,0.1,0.56,0.24,0.15,0.23,0.25,0.5,0.39,0.08
Guardia de Seguridad,106620,10,Licenciatura,0.79,1.07,0.94,Alto,0.1,0.82,0.51,0.52,0.52,0.33,0.32,0.63,0.04,0.59
Trabajador de Comercio,80942,18,Maestría,0.36,0.72,0.75,Alto,0.08,0.09,0.17,0.02,0.27,0.31,1.0,0.99,0.19,0.21
Soporte al Cliente,133274,27,Doctorado,0.15,1.0,0.8,Alto,0.32,0.82,0.83,0.99,0.22,0.89,0.54,0.59,0.9,0.94
Trabajador de Comercio,49826,9,Maestría,0.35,0.99,0.85,Alto,0.83,0.66,0.37,0.42,0.05,0.92,0.09,0.58,0.87,0.42
Trabajador de Comercio,97116,26,Doctorado,0.8,0.56,0.8,Alto,0.69,0.42,0.55,0.59,0.15,0.41,0.03,0.15,0.51,0.57
Científico de Datos,136030,16,Licenciatura,0.68,1.38,0.59,Medio,0.95,0.89,0.86,0.39,0.39,0.74,0.08,0.32,0.93,0.45
Obrero de Construcción,33388,3,Doctorado,0.48,0.79,0.89,Alto,0.85,0.78,0.15,0.34,0.21,0.04,0.74,0.43,0.28,0.31
Ingeniero de Software,58797,18,Maestría,0.83,0.64,0.44,Medio,0.01,0.44,0.35,0.72,0.72,0.04,0.12,0.9,0.79,0.39
Ingeniero de IA,129508,7,Bachillerato,0.26,1.16,0.29,Bajo,0.62,0.03,0.65,0.94,0.36,0.93,0.67,0.19,0.15,0.18
Chef,54996,12,Licenciatura,0.59,0.96,0.41,Medio,0.91,0.21,0.28,0.05,0.28,0.92,0.19,0.2,0.6,0.57
Investigador UX,136165,26,Doctorado,0.15,0.62,0.64,Medio,0.65,0.95,0.17,0.46,0.74,0.21,0.68,0.47,0.43,0.64
Enfermero/a,83986,15,Bachillerato,0.82,1.43,0.2,Bajo,0.3,0.78,0.17,0.09,0.52,0.65,0.83,0.96,0.87,0.99
Ingeniero de IA,126681,18,Bachillerato,0.32,0.96,0.21,Bajo,0.51,0.63,0.89,0.17,0.12,0.5,0.98,0.06,0.99,0.97
Gerente de Marketing,148083,14,Bachillerato,0.89,0.51,0.48,Medio,0.4,0.9,0.47,0.42,0.64,0.38,0.54,0.96,0.2,0.46
Maestro,145915,13,Licenciatura,0.84,0.59,0.07,Bajo,0.88,0.41,0.69,0.86,0.37,0.26,0.17,0.61,0.25,0.63
Conductor de Camión,45002,5,Doctorado,0.35,0.75,0.8,Alto,0.16,0.32,0.78,0.22,0.95,0.49,0.11,0.94,0.46,0.56
Gerente de Marketing,90587,6,Bachillerato,0.33,1.2,0.35,Medio,0.57,0.69,0.0,0.84,0.06,0.25,0.96,0.08,0.83,0.65
Obrero de Construcción,117927,23,Maestría,0.58,0.67,0.87,Alto,0.95,0.08,0.33,0.47,0.23,0.74,0.69,0.12,0.57,0.37
Diseñador Gráfico,111301,1,Licenciatura,0.85,0.55,0.49,Medio,0.48,0.57,0.2,0.87,0.97,0.55,0.26,0.88,0.99,0.74
Científico Investigador,138560,16,Maestría,0.24,0.66,0.11,Bajo,0.23,0.97,0.64,0.17,0.49,0.18,0.61,0.34,0.2,0.24
Ingeniero de IA,113092,23,Bachillerato,0.41,1.01,0.26,Bajo,0.66,0.46,0.95,0.21,0.29,0.91,0.85,0.13,0.93,0.01
Médico,41430,13,Doctorado,0.28,0.69,0.16,Bajo,0.9,0.79,0.97,0.54,0.51,0.01,0.18,0.5,0.75,0.82
Soporte al Cliente,39349,5,Bachillerato,0.71,1.33,0.79,Alto,0.7,0.44,0.99,0.01,0.41,0.26,0.85,0.29,0.54,0.74
Soporte al Cliente,61658,10,Maestría,0.41,0.54,0.71,Alto,0.96,0.64,0.83,0.48,0.26,0.29,0.04,0.79,0.58,0.48
Investigador UX,39106,22,Doctorado,0.44,1.45,0.31,Medio,0.98,0.82,0.35,0.6,0.86,0.48,0.05,0.9,0.52,0.55
Trabajador de Comercio,97792,16,Doctorado,0.1,1.28,0.81,Alto,1.0,0.7,0.95,0.28,0.18,0.38,0.26,0.61,0.74,0.4
Científico Investigador,39788,6,Doctorado,0.03,0.72,0.23,Bajo,0.22,0.91,0.65,0.86,0.39,0.98,0.68,0.36,0.21,0.87
Guardia de Seguridad,88215,5,Doctorado,0.04,0.78,0.74,Alto,0.32,0.61,0.5,0.71,0.33,0.12,0.16,0.8,0.1,0.8
Ingeniero de Software,87487,3,Doctorado,0.68,1.12,0.34,Medio,0.67,0.45,0.71,0.84,0.04,0.65,0.1,0.38,0.01,0.33
Mecánico,85016,6,Bachillerato,0.82,1.49,0.45,Medio,0.51,0.44,0.89,0.01,0.65,0.65,0.38,0.22,0.24,0.8
Chef,38701,3,Bachillerato,0.9,1.09,0.6,Medio,0.43,0.43,0.07,0.73,0.1,0.76,0.19,0.25,0.92,0.47
Enfermero/a,145571,4,Bachillerato,0.23,0.57,0.23,Bajo,0.29,0.39,0.92,0.57,0.1,0.8,0.26,0.55,0.51,0.24
Ingeniero de Software,106733,4,Bachillerato,0.21,0.6,0.41,Medio,1.0,0.4,0.86,0.55,0.67,0.16,0.27,0.51,0.88,0.04
Ingeniero de IA,128725,7,Maestría,0.05,0.96,0.21,Bajo,0.74,0.14,0.17,0.47,1.0,0.36,0.43,0.43,0.08,0.77
Ingeniero de Software,112669,29,Bachillerato,0.64,0.63,0.31,Medio,0.43,0.16,0.55,0.45,0.12,0.67,0.02,0.13,0.7,0.53
Mecánico,79755,11,Bachillerato,0.18,1.14,0.38,Medio,0.98,0.87,0.13,0.86,0.35,0.49,0.14,0.12,0.87,0.63
Especialista en RRHH,80636,3,Doctorado,0.04,1.42,0.45,Medio,0.42,0.29,0.89,0.34,0.17,0.5,0.78,0.37,0.65,0.3
Analista Financiero,52437,22,Maestría,0.67,1.18,0.56,Medio,0.16,0.89,0.59,0.38,0.17,0.78,0.51,0.15,0.92,0.11
Conductor de Camión,119128,25,Maestría,0.61,1.5,0.74,Alto,0.61,0.48,0.26,0.94,0.79,0.78,0.9,0.73,0.51,0.39
Investigador UX,36210,4,Bachillerato,0.6,1.04,0.54,Medio,0.66,0.97,0.75,0.18,0.47,0.68,0.18,0.93,0.08,0.61
Soporte al Cliente,88880,10,Doctorado,0.73,1.18,0.95,Alto,0.79,0.97,0.7,0.67,0.76,0.19,0.81,0.97,0.61,0.01
Mecánico,72428,9,Licenciatura,0.23,0.99,0.47,Medio,0.98,0.95,0.39,0.79,0.64,0.24,0.93,0.26,0.87,0.64
Enfermero/a,42199,0,Licenciatura,0.84,0.99,0.26,Bajo,0.55,0.98,0.66,0.37,0.76,0.51,0.81,0.83,0.62,0.87
Ingeniero de Software,95109,4,Bachillerato,0.06,1.16,0.61,Medio,0.07,0.77,0.64,0.12,0.54,0.11,0.32,0.8,0.1,0.46
Gerente de Marketing,30448,4,Doctorado,0.94,1.24,0.36,Medio,0.97,0.48,0.37,0.13,0.93,0.59,0.99,0.17,0.55,0.11
Conductor de Camión,91638,28,Doctorado,0.89,0.61,0.77,Alto,0.68,0.08,0.45,0.33,0.84,0.05,0.86,0.7,0.3,0.2
Soporte al Cliente,79584,15,Licenciatura,0.55,0.84,0.71,Alto,0.17,0.6,0.51,0.76,0.83,0.4,0.1,0.79,0.55,0.98
Obrero de Construcción,134065,29,Doctorado,0.33,0.93,0.76,Alto,0.51,0.71,0.61,0.34,0.82,0.11,0.14,0.4,0.7,0.69
Chef,61474,23,Bachillerato,0.7,0.56,0.42,Medio,0.69,0.18,0.21,0.09,0.36,0.82,0.84,0.86,0.04,0.99
Obrero de Construcción,101864,14,Bachillerato,0.87,1.41,0.83,Alto,0.05,0.6,0.33,0.21,0.18,0.56,0.1,0.82,0.23,0.55
Conductor de Camión,40496,28,Doctorado,0.86,1.19,0.75,Alto,0.72,0.08,0.77,0.49,0.12,0.55,0.2,0.67,0.71,0.76
Científico Investigador,45285,9,Bachillerato,0.65,0.99,0.26,Bajo,0.9,0.78,0.94,0.98,0.25,0.18,0.45,1.0,0.09,0.71
Trabajador de Comercio,53929,23,Doctorado,0.97,1.47,0.93,Alto,0.36,0.37,0.85,0.73,0.7,0.28,0.83,0.58,0.45,0.87
Mecánico,90993,17,Maestría,0.65,0.97,0.54,Medio,0.04,0.46,0.56,0.49,0.85,0.31,0.88,0.4,0.69,0.09
Trabajador de Comercio,115059,3,Maestría,0.76,0.51,0.94,Alto,0.19,0.9,0.52,0.56,0.08,0.37,0.16,0.53,0.55,0.71
Conductor de Camión,84853,25,Licenciatura,0.47,0.73,0.78,Alto,0.85,0.15,0.63,0.01,0.25,0.59,0.46,0.49,0.66,0.23
Investigador UX,84566,25,Licenciatura,0.68,1.04,0.31,Medio,0.67,0.62,0.08,0.75,0.52,0.2,0.56,0.6,0.92,0.74
Investigador UX,89930,19,Licenciatura,0.12,1.35,0.64,Medio,0.18,0.06,0.71,0.72,0.18,0.67,0.28,0.26,0.32,0.52
Científico Investigador,75357,9,Doctorado,0.33,0.95,0.3,Bajo,0.92,0.98,0.43,0.8,0.87,0.04,0.27,0.88,0.39,0.28
Obrero de Construcción,102730,21,Doctorado,0.38,0.74,0.7,Medio,0.17,0.88,0.08,0.41,0.46,0.78,0.25,0.31,0.01,0.9
Soporte al Cliente,73200,1,Maestría,0.64,1.2,0.93,Alto,0.81,0.61,0.66,0.15,0.47,0.3,0.43,0.66,0.15,0.02
Investigador UX,84887,26,Licenciatura,0.32,0.92,0.67,Medio,0.71,0.33,0.18,0.62,0.66,0.48,0.21,0.03,0.27,0.46
Enfermero/a,34008,18,Bachillerato,0.85,0.91,0.25,Bajo,0.99,0.72,0.73,0.91,0.34,0.01,0.99,0.49,0.79,0.81
Diseñador Gráfico,138321,8,Doctorado,0.54,1.04,0.39,Medio,0.12,0.54,0.12,0.35,0.19,0.71,0.87,0.58,0.41,1.0
Diseñador Gráfico,105328,5,Bachillerato,0.86,0.9,0.55,Medio,0.46,0.37,0.25,0.44,0.81,0.84,0.96,0.29,0.65,0.69
Maestro,105755,27,Bachillerato,0.37,0.84,0.3,Bajo,0.96,0.82,0.47,0.26,0.92,0.27,0.52,0.25,0.97,0.04
Especialista en RRHH,42430,28,Maestría,0.77,0.65,0.69,Medio,0.32,0.92,0.66,0.63,0.92,0.51,0.4,0.22,0.14,0.79
Mecánico,67088,22,Maestría,0.39,0.91,0.57,Medio,0.28,0.84,0.21,0.79,0.85,0.19,0.81,0.71,0.87,0.51
Mecánico,31312,9,Maestría,0.91,1.29,0.31,Medio,0.94,0.95,0.36,0.01,0.55,0.91,0.12,0.59,0.73,0.13
Soporte al Cliente,33914,10,Licenciatura,0.87,1.48,0.82,Alto,0.29,0.77,0.18,0.24,0.26,0.95,0.73,0.13,0.09,0.84
Científico de Datos,74181,21,Maestría,0.76,0.52,0.45,Medio,0.01,0.04,0.48,0.36,0.56,0.07,0.59,0.07,0.42,0.35
Científico de Datos,72734,1,Doctorado,0.31,0.5,0.43,Medio,0.08,0.92,0.07,0.95,0.49,0.51,0.79,0.7,0.24,0.03
Investigador UX,59319,26,Maestría,0.13,1.1,0.68,Medio,0.55,0.29,0.18,0.03,0.62,0.56,0.46,0.19,0.24,0.96
Médico,108806,16,Bachillerato,0.36,0.54,0.1,Bajo,0.93,0.15,0.6,0.35,0.63,0.85,0.29,0.08,0.2,0.44
Diseñador Gráfico,110296,28,Licenciatura,0.94,0.52,0.6,Medio,0.07,0.08,0.65,0.91,0.29,0.27,0.62,0.78,0.87,0.25
Obrero de Construcción,140979,22,Doctorado,0.31,1.04,0.75,Alto,0.15,0.94,0.55,0.0,0.79,0.69,0.33,0.46,0.45,0.27
Científico Investigador,147083,9,Doctorado,0.54,1.4,0.2,Bajo,0.69,0.03,0.51,0.72,0.12,0.68,0.08,0.81,0.98,0.63
Ingeniero de Software,120236,7,Maestría,0.89,0.83,0.55,Medio,0.33,0.79,0.47,0.34,0.42,0.09,0.87,0.96,0.48,0.22
Científico de Datos,89550,7,Licenciatura,0.45,0.75,0.32,Medio,0.89,0.8,0.83,0.44,0.75,0.58,0.37,0.84,1.0,0.9
Trabajador de Comercio,63867,27,Licenciatura,0.75,1.15,0.91,Alto,0.49,0.18,0.77,0.92,0.34,0.78,0.27,0.94,0.68,0.57
Médico,132922,3,Licenciatura,0.81,1.39,0.28,Bajo,0.05,0.12,0.83,0.95,0.31,0.01,0.32,0.38,0.76,0.05
Analista Financiero,134242,0,Bachillerato,0.89,0.65,0.6,Medio,0.36,0.66,0.07,0.29,0.42,0.86,0.56,0.05,0.8,0.05
Investigador UX,72408,29,Licenciatura,0.21,0.99,0.33,Medio,0.56,0.5,0.41,0.04,0.88,0.8,0.63,0.57,0.69,0.14
Maestro,146199,26,Maestría,0.28,1.16,0.2,Bajo,0.64,0.88,0.3,0.75,0.6,0.08,0.41,0.84,0.32,0.48
Chef,122864,23,Doctorado,0.62,1.38,0.37,Medio,0.5,0.42,0.3,0.92,0.01,0.12,0.73,0.26,0.72,0.83
Maestro,63791,21,Licenciatura,0.19,0.65,0.1,Bajo,0.27,0.87,0.77,0.0,0.87,0.08,0.66,0.15,0.06,0.76
Soporte al Cliente,70840,17,Maestría,0.6,0.93,0.72,Alto,0.74,0.82,0.04,0.38,0.56,0.61,0.58,0.69,0.97,0.39
Médico,87796,27,Bachillerato,0.7,1.09,0.15,Bajo,0.62,0.65,0.58,0.21,0.51,0.88,0.87,0.75,0.7,0.15
Ingeniero de IA,126747,12,Licenciatura,0.11,1.32,0.12,Bajo,0.77,0.81,0.89,0.75,0.56,0.6,0.32,0.18,0.13,0.18
Conductor de Camión,126409,17,Maestría,0.16,1.22,0.75,Alto,0.98,0.37,0.41,0.4,0.82,0.22,0.83,0.66,0.22,0.07
Especialista en RRHH,60740,16,Doctorado,0.53,1.43,0.32,Medio,0.51,0.2,0.78,0.68,0.1,0.62,0.98,0.53,0.29,0.15
Científico Investigador,108275,22,Bachillerato,0.56,0.87,0.1,Bajo,0.95,0.63,0.06,0.06,0.94,0.71,0.1,0.62,0.42,0.79
Trabajador de Comercio,32570,7,Licenciatura,0.38,0.67,0.76,Alto,0.19,0.02,0.05,0.84,0.8,0.14,0.67,0.75,0.05,0.09
Trabajador de Comercio,80258,12,Licenciatura,0.2,0.91,0.88,Alto,0.71,0.97,0.19,0.02,0.32,0.15,0.55,0.9,0.69,0.14
Científico de Datos,34970,6,Licenciatura,0.91,0.99,0.67,Medio,0.74,0.99,0.87,0.41,0.76,0.47,0.23,0.24,0.4,0.11
Guardia de Seguridad,35973,3,Bachillerato,0.5,1.45,0.84,Alto,0.41,0.24,0.2,0.66,0.85,0.4,0.55,0.71,0.06,0.35
Especialista en RRHH,101126,5,Bachillerato,0.68,0.55,0.4,Medio,0.68,0.27,0.81,0.03,0.19,0.28,0.93,0.8,0.88,0.44
Científico de Datos,123686,7,Licenciatura,0.85,0.9,0.7,Medio,0.85,0.97,0.87,0.78,0.94,0.42,0.78,0.21,0.73,0.79
Analista Financiero,39421,10,Maestría,0.85,0.91,0.52,Medio,0.01,0.15,0.64,0.56,0.2,0.24,0.34,0.72,0.61,0.07
Conductor de Camión,119894,13,Licenciatura,0.26,1.17,0.73,Alto,1.0,0.08,0.74,0.54,0.09,0.03,0.36,0.8,0.04,0.7
Ingeniero de IA,78448,25,Bachillerato,0.27,0.58,0.28,Bajo,0.3,0.11,0.68,0.22,0.48,0.05,0.99,0.45,1.0,0.39
Mecánico,86686,18,Bachillerato,0.91,0.83,0.47,Medio,0.08,0.96,0.09,0.77,0.54,0.06,0.0,0.94,0.74,0.69
Médico,111319,6,Licenciatura,0.24,1.18,0.2,Bajo,0.73,0.37,0.99,0.07,0.08,0.92,0.65,0.33,0.76,0.45
Investigador UX,44363,29,Doctorado,0.65,0.74,0.35,Medio,0.23,0.48,0.05,0.88,0.56,0.29,0.69,0.8,0.61,0.2
Científico de Datos,61325,23,Maestría,0.64,0.94,0.39,Medio,0.28,0.62,0.73,0.21,0.96,0.01,0.7,0.29,0.48,0.57
Diseñador Gráfico,110296,7,Doctorado,0.95,1.23,0.46,Medio,0.21,0.18,0.14,0.22,0.55,0.68,0.31,0.55,0.34,0.7
Diseñador Gráfico,123909,25,Doctorado,0.69,0.56,0.49,Medio,0.77,0.54,0.95,0.05,0.29,0.22,0.77,0.52,0.14,0.29
